id,News,Fake
0,Says the Annies List political group supports third-trimester abortions on demand.,FALSE
3,Health care reform legislation is likely to mandate free sex change surgeries.,FALSE
6,Jim Dunnam has not lived in the district he represents for years now.,FALSE
12,"When Mitt Romney was governor of Massachusetts, we didnt just slow the rate of growth of our government, we actually cut it.",FALSE
14,Most of the (Affordable Care Act) has already in some sense been waived or otherwise suspended.,FALSE
17,"U.S. Rep. Ron Kind, D-Wis., and his fellow Democrats went on a spending spree and now their credit card is maxed out",FALSE
20,Women and men both are making less when you adjust for inflation than when John Kitzhaber was first elected governor.,FALSE
24,Says Mitt Romney wants to get rid of Planned Parenthood.,FALSE
25,I dont know who (Jonathan Gruber) is.,FALSE
28,"ISIS supporter tweeted at 10:34 a.m. Shooting began at 10:45 a.m. in Chattanooga, Tenn.",FALSE
31,"If you look at states that are right to work, they constantly do not have budget deficits and they have very good business climates.",FALSE
32,What (the Obama administration is) going to come out with in the next several months is youre not even going to be able to burn coal very limitedly in the existing plants.,FALSE
38,"In the case of a catastrophic event, the Atlanta-area offices of the Centers for Disease Control and Prevention will self-destruct.",FALSE
40,Says a U.S. Supreme Court justice suggested that some U.S. cases will be decided based on South African law.,FALSE
42,"Rep. David Cicilline is responsible for the federal loan guarantee to Solyndra, the failed solar company",FALSE
43,Says Ohio budget item later signed into law by Gov. John Kasich requires women seeking an abortion to undergo a mandatory vaginal probe.,FALSE
44,We have a director of homeland security who cannot use and will not use the term 'terrorist attack' but instead substitutes 'man-made disaster.' ,FALSE
46,"Obamacare will provide insurance to all non-U.S. residents, even if they are here illegally.",FALSE
47,President Barack Obama took exactly none of his own deficit reduction commissions ideas. Not one.,FALSE
48,It was under Barack Obama and Hillary Clinton that changed the rules of engagement that probably cost (Capt. Humayun Khans) life.,FALSE
50,Says the paperback edition of Mitt Romneys book deleted line that Massachusetts individual mandate should be the model for the country,FALSE
51,"Maggie Hassan raised tuition, making it the highest in America.",FALSE
52,Says Terry McAuliffe is the person who invented the scheme to rent out the Lincoln Bedroom.,FALSE
54,"We have towns in West Texas that are out of water, that are having to truck in water.",FALSE
57,"They were going to build the wall a while ago, not so long ago, like in 06. And they couldnt get environmental impact statements.",FALSE
58,Sen. Obama's campaign announced that he's choosing his cabinet.,FALSE
60,Only 2 percent of public high schools in the country offer PE classes.,FALSE
64,"Under Mayor Cicilline, [Providence] was a sanctuary city.",FALSE
65,Transgender individuals in the U.S. have a 1-in-12 chance of being murdered.,FALSE
67,"Says the man who rushed the stage at him in Dayton, Ohio, had chatter about ISIS, or with ISIS in his social media posts.",FALSE
68,U.S. Rep. Phil Gingrey gave the government the power to electronically spy on Americans without a warrant.,FALSE
69,Alex Sink funneled three quarters of a million dollars in no-bid contracts to Bank of America.,FALSE
71,"Under Obama, home values in Florida collapsed, construction jobs were lost and the state had a high foreclosure rate.",FALSE
76,On whether a U.S. Supreme Court nominee should be forthcoming at confirmation hearings.,FALSE
77,Says one out of three U.S. homeless men is a veteran.,FALSE
78,Says Charlie Crist supports cuts to the Medicare Advantage program.,FALSE
82,"In the past 20 years, Egypt has made great strides in political and democratic reform.",FALSE
83,The amount of attention paid this week to Chris Christie makes the coverage of Benghazi ... pale in significance.,FALSE
88,"Sen. McCain's tax plan provides ""virtually nothing to the middle class.""",FALSE
89,Austin is burdened by the fastest-growing tax increases of any major city in the nation.,FALSE
90,"Phoenix, Arizona, is the No. 2 kidnapping capital of the world.",FALSE
94,"President Ronald Reagan sent troops into conflict only in one circumstance, which was in Grenada We were in a peacekeeping setting in Lebanon.",FALSE
95,Says David Jolly supports privatizing Social Security.,FALSE
100,The Florida Department of Agricultures website FreshFromFlorida.com can be used to get a permit to carry a loaded hidden gun without ever leaving your house.,FALSE
101,"The Atlanta streetcar is expected to create 930 jobs during construction, totaling more than 5,600 jobs over the next 20 years.",FALSE
104,"NATO is opening up a major terror division. ... Im sure Im not going to get credit for it, but that was largely because of what I was saying and my criticism of NATO.",FALSE
109,"Of our 98,000 teachers who are K-12, over 53,000 of those teachers today are over 50 years old.",FALSE
113,Says Obama promised unemployment would never go above 8 percent.,FALSE
117,Say Oregon Reps. Peter DeFazio and Earl Blumenauer are socialists who are openly serving in the U.S. Congress.,FALSE
118,"Rudy Giuliani is ""probably the most underqualified man since George Bush to seek the presidency.""",FALSE
119,"About half of the presidents have been governors; half of them, senators.",FALSE
127,The Air Force wants taxpayers to fund a fantasy football league.,FALSE
128,Barack Hussein Obama will ... force courts to accept Islamic Sharia law in domestic disputes.,FALSE
133,"We are already almost halfway to our 2010 goal of creating 700,000 new jobs in seven years.",FALSE
135,SaysMichael Bennet wants to close Guantanamo Bay prisonand bring terrorists right here to Colorado.,FALSE
137,"The president said hes going to bring in 250,000 (Syrian and Iraqi) refugees into this country.",FALSE
138,"Research shows that a vast majority of arriving immigrants today come here because they believe that government is the source of prosperity, and thats what they support.",FALSE
140,Mr. Caprio is a career politician who has never worked in the private sector.,FALSE
141,"In Rhode Island, 9 percent of workers use the states temporary disability insurance program each year while in New Jersey, the rate is only 3 percent.",FALSE
146,Barack Obama has never even worked in business.,FALSE
148,Says Gov. Rick Perry has been begging for the federal government to send the Coast Guard to patrol two lakes on the U.S.-Mexico border.,FALSE
149,"On the VA: Over 300,000 veterans have died waiting for care.",FALSE
151,Rob Cornilles supports privatizing Medicare.,FALSE
152,"In 2005, Dan Branch tried to expand third-trimester abortions in Texas.",FALSE
154,Michigan and Massachusetts raised their bottle deposit and could no longer afford the program because the redemptions were so high there was no profit in there.,FALSE
156,Im the only one whos fought against developers draining the Everglades!,FALSE
159,Climate change is directly related to the growth of terrorism.,FALSE
160,The jobs bill includes President Obamas tax on soup kitchens,FALSE
161,Says the Obama administration spent taxpayer dollars on electric cars in Finland (and) windmills in China.,FALSE
164,We have more illegal immigrants here than we did five years ago.,FALSE
165,Says Rick Perry wrote a letter supporting Hillarycare.,FALSE
166,The U.S. Patent and Trademark Office received zero complaints about the Washington Redskins name.,FALSE
167,"The presidents health care proposals will cause most Americans to have their premiums increased, not decreased, and hundreds of millions of people lose their current insurance coverage.",FALSE
175,Says Thomas Eric Duncan came into the United States with an elevated temperature.,FALSE
185,There are more oil rigs in operation in the United States than the rest of the world combined.,FALSE
189,The Obama administration shut down the Amber Alert program because of the government shutdown.,FALSE
192,"Says that in a hearing, Rep. Gabrielle Giffords suggested to Gen. David Petraeus that the Army put more emphasis on less environmentally damaging methods, like stabbing or clubbing enemy forces in order to minimize the carbon output.",FALSE
196,"Under the Cash for Clunkers program, all we've got to do is ... go to a local junkyard, all you've got to do is tow it to your house. And you're going to get $4,500.",FALSE
197,Not one Republican has the guts to recognize that climate change is real.,FALSE
199,David Dewhurst has a record of promoting an income tax.,FALSE
201,"In the past year, more than 20 percent of Americans have changed their mind about the war in Afghanistan. They conclude we shouldn't be there.",FALSE
202,"In the last five years, 28,000 people have been killed along the U.S.-Mexico border.",FALSE
203,The state of Ohio has one of the lowest unemployment rates in the nation right now and is leading the pack in terms of job creation.,FALSE
204,Says Obama health reform law denies millions access to affordable insurance.,FALSE
205,Says HB2 hasnt moved the needle one iota on North Carolinas economy.,FALSE
206,Close to 30% of our federal prison population consists of illegal immigrants.,FALSE
207,Says Rick Scott called education not a core function of the state.,FALSE
208,"The Family Research Council, according to some government agencies, is a terrorist group.",FALSE
211,Obamacare is the biggest tax increase in American history.,FALSE
214,Milwaukee Mayor Tom Barrett has held the line on property taxes.,FALSE
217,Josh Mandel is lying about his own record. The rating of Ohios investment fund has NOT improved.,FALSE
223,"Milwaukee County taxpayers paid $370,000 to settle a lawsuit over a decision by Sheriff David A. Clarke Jr. to use untrained corrections officers rather than deputies to patrol the lakefront.",FALSE
227,Says Rush Limbaugh made it clear hed rather see the country fail than President Barack Obama succeed.,FALSE
235,Says Marco Rubio is the one for an open border.,FALSE
237,Says cuts to Medicare affect people who have already paid in. We paid for it.,FALSE
238,David Alameel is giving thousands of dollars to support the Republican Party candidates including John Cornyn and Greg Abbott.,FALSE
240,Providences port is 200 miles closer to Europe than any other Eastern port.,FALSE
247,Says Hillary Clinton said the Veterans Affairs scandal is over-exaggerated. She said she was satisfied with what was going on.,FALSE
248,We now have driven (health care) costs down to the lowest theyve been in 50 years.,FALSE
253,Sixty-five percent of the Iraqi people now say it's okay to shoot an American soldier.,FALSE
254,Twelve judges have thrown out legal challenges to the health care law because they rejected the notion that the health care law was unconstitutional.,FALSE
258,A precinct in the Allen West-Patrick Murphy recount has 7 registered voters in Guatemalan community and the tally showed 900 voted!!!!!,FALSE
260,"One person, Kathleen Sebelius, was going to determine whether or not 10-year-old lung patient Sarah Murnaghan would live or die.",FALSE
261,Ron Klein repeatedly voted in favor of amnesty for illegal immigrants.,FALSE
262,Local law enforcement . . . will have access to the [Obamacare] Data Hubs treasure trove of personal info.,FALSE
264,Barack Obamas Columbia University ID says he was a foreign student and went by Barry Soetoro.,FALSE
265,"John McCain, ""one of the richest people in a Senate filled with millionaires,"" says the solution to the housing crisis is for people to get a ""second job"" and ""skip their vacations.""",FALSE
266,"Terry McAuliffe wants to raise your taxes $1,700 to pay for his infinite promises.",FALSE
275,The top 1 percent pay over half of the entire revenue for this country.,FALSE
276,The difference over the (previous) four years between where things were headed and where we brought them to over the last four years is a total of $816 in saved property tax money.,FALSE
278,The United States does not have a system through which growers and dairies can bring a workforce legally into the U.S.,FALSE
279,Says he never said he would keep education funding the same.,FALSE
283,(Palin) supported right-wing extremist Pat Buchanan for president in 2000.,FALSE
284,Says Sen. Sherrod Brown voted to block American energy production and increase energy taxes.,FALSE
285,Says Jeanne Shaheen voted for a measure that would have amounted to a new national energy tax.,FALSE
288,"While fighting a move to toughen penalties for workplace gender discrimination, state Sen. Glenn Grothman said he didnt believe women belonged in the workplace but belonged at home, cooking and cleaning and having babies.",FALSE
289,"If you put the $47 billion in revenue (raised over 10 years by the Buffett rule) into infrastructure you could create 611,000 infrastructure jobs.",FALSE
290,What is the proper collective noun for a group of baboons? Believe it or not . . . a Congress!,FALSE
293,The (health reform) legislation which Washington passed last year has made it more difficult to hire because its increased costs for employers.,FALSE
294,"The CBO, the Congressional Budget Office has said that Obamacare will kill 800,000 jobs.",FALSE
295,"Thompson ""voted against $250,000 caps on damages (and) almost anything that would make our legal system fairer.""",FALSE
296,Texas this fiscal year will have more money in reserve than the other 49 states combined.,FALSE
297,On using the Strategic Petroleum Reserve.,FALSE
300,The number of uninsured people in Massachusetts is about the same as it was when the mandates were passed in 2006.,FALSE
302,Upwards of 90 percent of women seeking an abortion decide not to have an abortion after seeing an ultrasound.,FALSE
303,We spend less on defense today as % of GDP than at any time since Pearl Harbor.,FALSE
306,Jason Kander supports [Obamas] plan to bring the remaining suspected terrorists to U.S. soil.,FALSE
311,Blames Mike McIntyre and Nancy Pelosi for the second straight year of no cost-of-living increases for Social Security beneficiaries.,FALSE
312,The government is going to have the right to get into your bank account with the health care bill and make transfers without you knowing it.,FALSE
314,The American people support defunding Obamacare and oppose shutting down the government.,FALSE
317,The people of Rhode Island dont want same-sex marriage.,FALSE
319,This year in Congress (Connie Mack IV) has missed almost half of his votes.,FALSE
320,"1/3 of our kids drop out (of high school), cannot go to college or start a career.",FALSE
321,Not even old Gen. Eisenhower saluted military personnel as president.,FALSE
323,"You cant get on an airplane, but more than 2,000 people on that list have been able to buy a gun.",FALSE
324,74 percent of Republicans support the Affordable Care Act.,FALSE
327,Says Alex Sink failed Florida homeowners by using predatory lending practices.,FALSE
328,Over 40 percent of small and mid-size banks that loan money to small businesses have been wiped out since Dodd-Frank has passed.,FALSE
329,You cant check out a library book without a photo ID.,FALSE
330,Says that Starbucks took Christmas off of their brand new cups.,FALSE
332,"Hillary Clinton supports unlimited abortion on demand up until the moment of birth, including partial-birth abortion, with taxpayer funding.",FALSE
345,Says he raised average family income by 50 percent during his tenure as Arkansas governor.,FALSE
350,"Most young Americans right now, theyre not covered by health insurance.",FALSE
353,Says two-thirds of groups targeted for IRS scrutiny were not conservative.,FALSE
354,"In the class of 1968 at Patrice Lumumba University in Moscow, Mahmoud Abbas was one of the members of that class, and so was Ali Khamenei. And thats where they first established relationships with the young Vladimir Putin.",FALSE
356,"As a U.S. senator with salary and perks, ‪#Bernie‬ is in the top 1 percent, but still paid only 13 percent in taxes last year.",FALSE
361,Cell phone numbers go public this month.,FALSE
362,Says it has offered $12 million in savings through 2011 and $184 million in savings over the next 25 years in contract negotiations with the City of Milwaukee.,FALSE
363,Clackamas County Commissioners approved a re-negotiated agreement to lower the countys contribution to TriMets Portland-Milwaukie Light Rail project to $19.9 million from $25 million.,FALSE
365,The Obama administration is unwinding our nations welfare-to-work requirements.,FALSE
373,"Shes voted for 60 tax increases, hurting the middle class and small businesses.",FALSE
374,"Now, in the House of Representatives, we have 40 different jobs bills that have passed and almost all of them have been bipartisan.",FALSE
375,"Sheila Jackson Lee of Texas said: Hey, all you wrinkly, white-aged has-beens: Its time for you to die and let the next generation have your spot on the planet.",FALSE
376,"Republican (small business tax cut) bill spends $80 million for better Google searches, not job creation",FALSE
378,America is one of the highest-taxed nations in the world.,FALSE
379,"If black America were a country, itd be the 15th wealthiest nation in the world.",FALSE
381,"It has been estimated that nearly 40 percent of all guns sold in America are sold by private, unlicensed sellers either online or through gun shows.",FALSE
388,Polls show that Floridians dont want to repeal the Affordable Care Act.,FALSE
389,Says Congressman Bill Pascrell voted to remove the public option from the Affordable Health Care Act.,FALSE
391,Greg Abbott and his surrogates have referred to women who have been the victims of rape or incest as though somehow what they are confronting is a minor issue.,FALSE
393,"Under a proposed medical marijuana amendment in Florida, you dont get refills -- you get it forever.",FALSE
394,"A data-storing microchip ""would be implanted in the majority of people who opt to become covered by the public health care option.""",FALSE
397,Says the treasurers office has saved $37 million in management costs for the oversight of public investments.,FALSE
399,Jorge Elorza wants to impose a municipal income tax.,FALSE
400,The Supreme Court cant overrule the other two branchesof government.,FALSE
401,Roughly 25% of RI has a criminal record,FALSE
405,Massachusetts public schools teach kids as young as kindergartners about gay marriage.,FALSE
406,I'm probably one of the four or five best-known Americans in the world.,FALSE
407,We are accepting more legal immigrants than we ever have in the history (of the United States.),FALSE
411,Only in Washington would politicians spend $27 million to teach Moroccans how to make pottery.,FALSE
413,SaysRand Paulhas put out budgets to cut the military in half.,FALSE
419,"The fundraising numbers are in, and our grassroots support is unmatched!",FALSE
422,Gov. Scott Walker hired convicted Assembly Speaker Scott Jensen to oversee a raid on the state employee retirement system to help balance the state budget.,FALSE
423,"Obama voted ""to cut off funding for our American troops on the battlefield.""",FALSE
428,"Gov. Scott Walker bought 80 new, brand-new vehicles for the state that we probably dont need.",FALSE
430,Its gotten to a point where the average federal worker makes twice as much as the average private sector worker.,FALSE
431,These 15 political appointees (on the IPAB) will make all the major health care decisions for over 300 million Americans.,FALSE
432,Says stores will be barred from selling 100-watt light bulbs as of 2012.,FALSE
434,Jason Carter supports using Georgia tax dollars to promote Obamacare,FALSE
438,"There have even been Republican congressmen who have said, If you give us more money we dont know where we would even put additional Border Patrol agents.",FALSE
441,"ISIS camp a few miles from Texas, Mexican authorities confirm.",FALSE
442,New federal projections estimate that the health care overhaul will cost $1.76 trillion over 10 years -- well above the $940 billion Democrats originally claimed.,FALSE
443,Say New Jersey Reps. Donald Payne and Frank Pallone are socialists who are openly serving in the U.S. Congress.,FALSE
444,The unemployment rate may be as high as 42 percent.,FALSE
446,Social Security is indeed a Ponzi scheme.,FALSE
447,"Says Scott Walker brags a lot about having an independent agency investigate police shootings. Of course, he didnt fund it.",FALSE
449,"When the country was founded, Congress had exactly the same attitude about the sanctity of Christmas celebrations that a 7-Eleven does today: Yeah, were open.",FALSE
451,The omnibus bill has only $3.8 billion in earmarks.,FALSE
458,Says real estate taxes were put in place to pay for Obamacare.,FALSE
460,Says Kay Bailey Hutchison voted for sanctuary cities.,FALSE
462,Says opponent Mary Burke told reporters she would have required workers to give up bargained-for healthcare and retirement benefits like Gov. Walker.,FALSE
464,We do not want to raise anybodys tax rates. Thats never been on the table.,FALSE
467,John wasn't this raging populist four years ago when he ran for president.,FALSE
469,Says no one from the Bush family attended the 2012 Republican National Convention and there was no President Bush at the 2008 convention.,FALSE
470,Crime is rising.,FALSE
472,Weve got a personal tax system thats so complicated it costs Americans about $500 billion a year to comply with the current tax code.,FALSE
473,"Says a Portland school gives Muslim students their own school provided prayer room, prayer rugs, and lets them out of class five times a day to pray to Allah.",FALSE
474,"(Texas Republicans) believe in abolishing Social Security, abolishing V.A. health care.",FALSE
476,"In the case of General Motors, the (Bush) administration wrote a check without asking for any conditions of change.",FALSE
478,Says Miami Congressman Carlos Curbelo supports drilling offshore and repeatedly voted against President Obamas ability to fight pollution and combat climate change.,FALSE
479,"When President, then candidate, Obama was asked to disclose some of his donors because there was suspicion of their being the foreign source of money into his campaign, they refused to do it.",FALSE
480,Oregon is the only state out of the 50 states in the USA that continues to pay 100% of the medical benefits for its employees and their families.,FALSE
481,You wonder why you dont see Rand Paul as much; hes still shopping for his billionaire. Hes like the only one who hasnt found a billionaire to fund his super PAC.,FALSE
483,"Three years ago, a newly elected President Obama told America that if Congress approved his plan to borrow nearly a trillion dollars, he would hold unemployment below 8 percent.",FALSE
484,An independent payment advisory board created by in the health care reform law is like a Medicare IRS with the power to cut Medicare in order to pay for new government programs.,FALSE
485,The Mitchell Park Domes lose about $1 million-plus every year and the number of people going to the Domes has been going down.,FALSE
486,"Under a bill before the legislature, youd have to go to court to fire an employee.",FALSE
490,"Under the Hate Crimes bill, ""any pastor, preacher, priest, rabbi or imam who gives a sermon out of their moral traditions about sexual practices could be found guilty of a federal crime.""",FALSE
491,This is what President Obama said the jobless rate would be if we passed the stimulus: 5.6 percent.,FALSE
495,U.S. global AIDS spending helped reduce political instability and violence by 40 percent in recipient nations.,FALSE
501,There were more people on welfare than working in 2013.,FALSE
502,"Says Tammy Baldwin introduced a bill that would require doctors and other health care workers to ask patients, including young children, whether they are gay, lesbian, bisexual, or if they know their gender identity.",FALSE
507,Any legislative action that is taken now could very well be rendered completely null and void by the decision of the Supreme Court expected this June.,FALSE
509,"After how hard you work and how much you pay in taxes, New York City ends up getting the money. Im Chris Jacobs. I think its time we have someone in Albany thats making sure our region gets our fair share",FALSE
513,There were 36 states where Republicans who were in charge refused to implement a state (health insurance) exchange.,FALSE
514,"Says a tweet he sent out wasnt saying, check out a sex tape. It was just take a look at the background of Alicia Machado.",FALSE
515,Aphotograph of 21-year-old Hillary Clinton featured a Confederate battle flag in the background.,FALSE
517,This administration and this Congress have been systematically cutting funding to border security since the Democrats took control.,FALSE
518,A new college tuition reciprocity agreement with Minnesota makes college education more affordable for Wisconsin residents.,FALSE
520,Mitt Romney is the first major party candidate for president of the United States in modern times not to release at least 12 years of tax returns.,FALSE
527,Says Paul Ryans budget plan ends Medicare.,FALSE
531,Says Colorado Democraticcongressional candidate MorganCarroll racked up $11 billion in new spending in the state Legislature.,FALSE
532,59 percent of Americans today believe that Barack Obama is still a Muslim.,FALSE
533,Carol Shea-Porter wants to increase taxes on small business and job creators.,FALSE
534,"People were hopeless. Sixty percent of the population, 70 percent of the population wanted to live somewhere else. . . . By the time I left, 70 percent wanted to stay.",FALSE
536,On whether the United States should intervene in Libya.,FALSE
540,"Despite keeping distance from national media interviewers, I did local press all along, the last three months.",FALSE
541,"What we said was, you can keep (your plan) if it hasnt changed since the law passed.",FALSE
543,"Says Florida didnt offer special incentives to Deutsche Bank, which announced it will add 300 jobs in Florida.",FALSE
544,Says she was the first in her family to go to a four-year college.,FALSE
547,"Scott Maddox has run ""losing campaigns for 3 of Florida's 4 available cabinet positions.""",FALSE
550,"We are now, for the first time ever, energy independent.",FALSE
553,"Medicare monthly premiums will go up to $104.20 in 2012 and $247.00 in 2014 due to provisions incorporated in the Obamacare legislation, purposely delayed so as not to confuse the 2012 re-election campaigns.",FALSE
556,Marco Rubio voted against funding health clinics that provide critical care during this public health emergency (Zika).,FALSE
558,SaysPeter Kilmartin voted in favor of expanding the good behavior statute to sex offenders.,FALSE
565,Limiting labor negotiations to only wages is how it is for the most part in the private sector.,FALSE
566,"Says on contraception, his plan is cheaper and easier for you than Sen. Mark Udalls",FALSE
568,"Families in Del Valle, who are City of Austin residents, have to drive to Bastrop to go to the closest grocery store.",FALSE
572,State government spending will be increase 10.7 percent this year.,FALSE
573,Says Democrats first proposed prohibiting the government from negotiating prices for prescription drugs in Medicare Part D and he had nothing to do with that provision in the law.,FALSE
576,"A United Nations arms treaty would almost certainly force the U.S. to create an international gun registry, setting the stage for full-scale gun confiscation.",FALSE
578,"When we took office, let me remind you, there was virtually no international pressure on Iran.",FALSE
580,Says six studies verify that the math adds up for Mitt Romneys tax plan.,FALSE
586,"Says abortion doctors are flying into this state, performing abortions and flying out.",FALSE
591,One in four inmates is an illegal immigrant.,FALSE
593,"A three-cents-per-ounce soda tax in Philadelphia would result in the loss of 2,000 family-sustaining Teamster Union jobs and countless other jobs in the beverage industry.",FALSE
595,Kendrick Meek was #1 in Florida in taking tobacco cash and then opposed a tax on cigars that would have helped pay for childrens health care.,FALSE
596,"Federal Reserve policies have led to a 69 percent rise in corn prices, 44 percent rise in wheat prices and 15 percent spike in sugar prices over the last year.",FALSE
597,On repeal of Wisconsins smoking ban,FALSE
601,Race to the Top grants require participating states to adopt the Common Core standards as a condition for receiving federal funding.,FALSE
606,"Since Wisconsin Gov. Scott Walker took office, we are losing jobs at rates not seen in decades.",FALSE
607,"Says U.S. Senate rival Tammy Baldwin supports a tax increase that President Obama says would cost middle-class families $3,000 per year.",FALSE
610,"Says unions take away hard-earned money of teachers, firefighters and police officers to play politics.",FALSE
611,President Bush never did one interview with the New York Times during his entire presidency.,FALSE
613,"Mr. Trump is self-financing his campaign, so we dont have any donors.",FALSE
615,"Embryonic stem cell research is at a dead end, with no one good example of a successful treatment.",FALSE
617,"Wisconsin has only one county, Dane, thats hand counting the votes in the 2016 presidential recount.",FALSE
618,Says Libya Ambassador (Christopher) Stevens sent 600 requests for help in Benghazi.,FALSE
624,The Providence teacher contract is one of the longest in the country.,FALSE
626,Look at the debt that has been accumulated in the last two years. Its more debt under this president than all those other presidents combined.,FALSE
633,"What we have now is the most generous, in my opinion, good time bill in the entire United States.",FALSE
634,There is no Plan B if the transportation referendum is not passed by voters.,FALSE
635,"Barack Obama wrote a thesis at Columbia University in which he criticized ""plutocratic thugs"" and said the Constitution gave Americans ""the shackles of hypocrisy.""",FALSE
636,"Youll find blacks in almost every regiment throughout the South who fought right alongside white Southerners, during the Civil War.",FALSE
637,"The most likely triggering cause of (microcephaly) is the DTaP shot, a vaccine that had been recently mandated by the Brazilian government to be injected into pregnant women.",FALSE
642,"Hillary's baby bond proposal would give $5,000 to each of the 4-million babies born in the U.S. each year, totaling $20-billion per year, multiplied by four years = $80-billion.",FALSE
645,If Rhode Island does a hybrid [retirement] plan well be the first state in the nation to do this.,FALSE
648,Democrats in the Legislature in 2009 voted for various pork projects including a $5 million scoreboard for the Milwaukee Bucks.,FALSE
652,Turkey is an Arab country.,FALSE
653,Newt Gingrichs presidential campaign has exactly the same challenges as Ronald Reagans successful 1980 bid.,FALSE
656,Accuses President Barack Obama of making contradictory claims about efforts to kill Osama bin Laden in 2008 and 2011.,FALSE
658,92 percent of the jobs lost during Barack Obamas first term belonged to women.,FALSE
661,We have 395 inmates pushed into triple-bunked cells intended for two inmates and bunked in classrooms and areas supposed to be designated for inmate labor.,FALSE
662,"The ACLU didnt call for an investigation (of the Newark police department), they called for an immediate federal monitor.",FALSE
663,Says his executive order requiring young girls to be vaccinated against HPV wasnt mandatory.,FALSE
665,"If the House of Representatives fails to extend the middle-class tax cuts, 400,000 middle-class Rhode Island families will see their federal income taxes increase.",FALSE
668,We didnt go out and take information from the Hillary Clinton campaign.,FALSE
669,"If you actually took the number of Muslims [sic] Americans, we'd be one of the largest Muslim countries in the world.",FALSE
671,"Says Nikita Khrushchev brought an extra shoe to a United Nations session in 1960, which he banged on the desk in protest.",FALSE
673,Jim Renacci voted repeatedly to end Medicare.,FALSE
678,Health insurance companies pay CEOs $24 million a year,FALSE
681,Says Barack Obama is apparently not for vetting people and saying just anybody can come to the United States.,FALSE
689,Says in 1944 we were in debt more than twice as much as we are now.,FALSE
695,"Says Ohios I-X Center used to be a great plant, but thousands of people of worked here, and they left when their jobs were moved overseas.",FALSE
697,"Under a new law, doctors performing drug-induced abortions could be charged if women dont return to them for follow-up care",FALSE
699,"At a minimum, 40 percent of those who view child pornography end up molesting children as a result.",FALSE
702,Says Texas voters are being asked to act this November on a proposed constitutional amendment affecting property taxes.,FALSE
703,"Its hard to get people in Portland to vote yes on ballot measures, especially when theres opposition.",FALSE
704,The @nytimes sent a letter to their subscribers apologizing for their BAD coverage of me.,FALSE
706,Says 11 straight years of no major hurricanes striking land in the United States bores a hole right through the whole climate change argument.,FALSE
709,On abortion,FALSE
710,Members of Congress receive full pay retirement after serving one term.,FALSE
712,"In 2010 alone, 1,270 infants were reported to have died following attempted abortions and notably that is only one year.",FALSE
713,Says the No. 2 cause of death in the U.S. (for) women under 50 is being killed by their spouse or domestic partner.,FALSE
717,I am the first Latina to run for governor of Texas.,FALSE
718,Says Every legislative district in the state has at least one craft brewery and countless home brewers.,FALSE
719,"Wisconsins criminal threshold for drunken-driving is way out of line with states surrounding us, which have the second offense as a felony.",FALSE
720,"In Ohio, we invested in our children, raising school funding by 5.5 percent in the last budget.",FALSE
723,"In 2007, when Nancy Pelosi met with President Assad of Syria, nobody got upset.",FALSE
724,"For the past eight years, Gov. Carcieri and Mrs. Carcieri would host the lighting of the State House Christmas tree.",FALSE
726,"Says Demond Means, turnaround district superintendent for Milwaukee Public Schools, said the district needs to be gutted.",FALSE
729,"Says Mahatma Gandhi once said, First they ignore you, then they laugh at you, then they fight you, then you win.",FALSE
733,The IRS will have the ability potentially to deny or delay health care.,FALSE
734,"Deregulation of the states telecommunications industry will create 50,000 jobs in Wisconsin.",FALSE
737,"Nearly 14,000 Wisconsinites have lost their job since Governor Walker and the Republicans took over in January.",FALSE
738,"Says in the last 20 years, the French have not stood by the United States on foreign policy.",FALSE
741,Says Attorney General Loretta Lynch was a member of Bill Clintons defense team during the 1992 Whitewater corruption probe.,FALSE
742,"Says thousands at a Manhattan rally for Donald Trump were chanting We hate Muslims, we hate blacks, we want our great country back.",FALSE
750,"The Richardson-Denish administration gave 50,000 drivers licenses to illegal immigrants in New Mexico.",FALSE
754,Christian Pastor in Vermont Sentenced to One Year in Prison After Refusing to Marry Gay Couple,FALSE
757,"It was allowed, referring to her email practices.",FALSE
759,"Our veterans, in many cases, are being treated worse than illegal immigrants.",FALSE
761,"Says Rob Portman was a registered foreign agent whose client was Haiti, at a time when the Baby Doc, Duvalier, who was a despot, was killing people.",FALSE
762,Recent solar energy policies in Georgia have resulted in rate hikes and did not result in solar becoming any more economically viable.,FALSE
763,Says President Barack Obamas acceptance of an Islamic order and gold medal was unconstitutional.,FALSE
768,We spend twice as much per capita on health care as any other nation on Earth.,FALSE
769,Says the Texas Education Agency follows up to make sure undocumented immigrants paying in-state tuition at Texas colleges are applying for permanent residency.,FALSE
771,Hidden in the healthcare.gov code is language that means users waive any reasonable right to privacy of your personal information.,FALSE
773,Most military experts say there is anywhere between 25 and 30 members of al Qaeda in Afghanistan.,FALSE
777,"In Cranston, it costs $5,000 to $6,000 to send out community notifications on just one Level 3 sex offender.",FALSE
779,"The United States is not building the aircraft, the long-range bombers, the additional aircraft carriers, the nuclear submarines.",FALSE
780,"Every year we spend roughly $500 billion on tax compliance. That is roughly the budget of our entire military, entirely wasted on tax compliance.",FALSE
785,"Mitt Romneys and Bain Capitals profits from KB Toys, which later went out of business, were described by the Boston Herald as disgusting.",FALSE
786,Roy Coopers refusal to do his job is costing taxpayers money.,FALSE
791,Did you know that in 2013 over 50 percent of all babies born in Oregon were Hispanic?,FALSE
793,"Barack Obama wants to ""unilaterally disarm our nation.""",FALSE
794,On an earmark moratorium.,FALSE
795,Milwaukees problems include 52 percent black male unemployment.,FALSE
796,Rob Cornilles has disputed for two years a news story that said he said he would cut Social Security and Medicare programs before trimming the U.S. defense budget.,FALSE
797,Says Texas Railroad Commissioner Michael Williams has attended more than 150 tea party gatherings.,FALSE
798,Harry Reid has voted to give special tax breaks to illegal aliens.,FALSE
799,Job growth in the United States is now at the fastest pace in this countrys history.,FALSE
805,The State of Rhode Island has the worst state-funded pension in the country.,FALSE
808,"After the 2012 redistricting, Wisconsin has competitive congressional districts.",FALSE
811,Says hes never asked for more than inflationary budget increases in his 10 budgets as Milwaukee County sheriff,FALSE
812,"Under New York Mayor Bill de Blasio, homicides are up by 20 percent, and subway delays have soared 45 percent.",FALSE
814,"Says U.S. Rep. Lamar Smith supported the $700 billion Wall Street bailout in 2008, ""but now he is standing in the way of reforms that would assure these bailouts would never happen again.",FALSE
816,Says President Obama has waived the work requirement for welfare.,FALSE
819,Says Rick Perry is a 25-year incumbent.,FALSE
823,Says Ocean Spray is moving its Bordentown processing facility to Pennsylvania largely because of costs associated with the Regional Greenhouse Gas Initiative.,FALSE
826,"All the really great programs in American history, Social Security, was done without Republicans. Medicare was done without Republican support until the last vote where they realized they had to get on board.",FALSE
827,Diane Black voted to fund Obamacare.,FALSE
828,"Hurricane Sandy, the most destructive Atlantic storm ever.",FALSE
831,"Says Gov. Scott Walker raises the pay of inmates, but we dont raise the pay of staff in our correctional institutions.",FALSE
832,The current debate over authorizing military action against the Islamic State would be the first time Congress would place limits on the commander-in-chiefs ability to be commander-in-chief.,FALSE
834,Tom Ganley supports a 23 percent national sales tax that would raise taxes on the middle class while giving a huge tax break to millionaires like himself.,FALSE
839,Says President Barack Obama has opened up no new trade relationships with other nations.,FALSE
841,"Says you can buy four light bulbs for $1.99 at Walmart, while a single compact fluorescent lamp (CFL) costs $10 a pop.",FALSE
847,Says Hillary Clinton has even deleted this record of total support (for the Trans-Pacific Partnership trade agreement) from her book.,FALSE
848,"Obama says Iran is a 'tiny' country, 'doesn't pose a serious threat.'",FALSE
849,Barbara Boxers worried about the weather instead of terrorism as the biggest threat to national security.,FALSE
851,"In the 2014 elections, the American people overwhelmingly said we dont want Obamacare and we dont want amnesty.",FALSE
853,Says Merrick Garland authored an opinion that resulted in the release of 17 Guantanamo Bay prisoners who were part of a group of violent Islamist extremists the State Department had designated as terrorists.,FALSE
855,Letting the Bush tax cuts expire would raise taxes on small businesses.,FALSE
856,"Statistics bear out that any time a country, a state, makes more restrictive abortion laws ... fatalities go up and abortions actually increase.",FALSE
859,"Obama ""basically threatened to bomb Pakistan.""",FALSE
860,The Governor did not consult members of his own party before he released his [transportation] plan.,FALSE
861,Ohio has lost more population than every other state in the country except for two.,FALSE
864,On support for the auto bailouts.,FALSE
866,When Republican extremists tried to take away abortion rights Blake Rocap stopped them.,FALSE
876,"Says the difference between her and Barack Obama is ""about 35 years of experience.""",FALSE
879,Said former U.S. Ambassador to Kenya Scott Gration was forced to resign two years ago because of his personal use of emails.,FALSE
881,If you have ever visited Nashville or Washington D.C. you will see MANY names and initials carved into ... desks.,FALSE
882,Redistribution has never been a characteristic of America.,FALSE
883,Tampa is the strip club capital of the world.,FALSE
884,Said they reached a power-sharing agreement with Republican Lt. Gov. Casey Cagle,FALSE
886,I unsealed my records at Marquette University.,FALSE
888,"The U.S. gives foreign aid to Cuba and Venezuela, even though those countries are our enemies.",FALSE
890,"if the Agreement goes into effect, the millions of Mexican citizens who will become eligible for Social Security benefits may have a far stronger claim to benefits and protection against cuts than U.S. citizens!",FALSE
891,"Earlier this year, [John DePetro] was accused of sexually assaulting a female co-worker.",FALSE
892,"Photo of ""tea party"" protests shows crowd sprawling from Capitol to Washington Monument",FALSE
894,Every one of the 67 supervisors of elections in Florida refused to carry out the effort to remove noncitizens from the voter rolls.,FALSE
898,"If the Stamp Farm wind turbine is built, the health risk of flicker impact created by shadows of blades of turbines poses real and significant health risks, particularly seizures.",FALSE
899,Gov. Crist's veto also clears the way for taxpayer funding of abortion in Florida.,FALSE
903,"On immigration reform, Marco Rubio all along has been saying, We have to have border security first and then he gets on Spanish TV, he ends up saying, No, no. That will never get in the way.",FALSE
904,"Dem-controlled Ohio House voted to change the process, to create objective criteria, to modify the Constitution ... to take politics out of the efforts to draw legislative boundaries.",FALSE
906,"Obama ""voted against critical resources: no to individual body armor, no to helicopters, no to ammunition, no to aircraft.""",FALSE
907,Says U.S. Sen. Sherrod Brown is responsible for over $14 trillion in debt.,FALSE
908,"Under Tom Barretts leadership, violent crime in Milwaukee has decreased by over 20% -- to its lowest levels in more than 20 years.",FALSE
909,Barack Obama appeared in the video for 'Whoomp! (There it is!)',FALSE
913,"Says that compared to direct sales by manufacturers, consumers save avg of $500 per car sold through franchised dealer model.",FALSE
915,"Prior to Obamacare here in Wisconsin, 95 percent of Wisconsinites were covered by insurance. After Obamacare, 95 percent of Wisconsinites were covered by insurance. It hasnt had an impact.",FALSE
917,The rifle used by Omar Mateen shoots off 700 rounds in a minute.,FALSE
918,"Building and running the Atlanta Streetcar is projected to create 1,399 jobs.",FALSE
919,"Wisconsin is one of the bluest states, but under Scott Walker its unemployment rate is around 3.5%.",FALSE
920,Residential property taxes [in Providence] are up nearly 27 percent under Mayor Taveras.,FALSE
922,Teachers are working their third consecutive year -- some longer than that -- without salary increases.,FALSE
924,I don't have lobbyists running my campaign.,FALSE
927,Farming is one of the fastest growing areas of our economy.,FALSE
928,Weve seen the increase of alcohol use for underage kids even though alcohol has been illegal ... for kids under 21.,FALSE
929,"If we had been on Obamacare and a bureaucrat was trying to tell me when I could get that CAT scan, that would have delayed my treatment.",FALSE
934,A Republican proposal changes Medicare for those under age 55 so that they will participate in the same kind of health plan that members of Congress do.,FALSE
935,Says the Affordable Care Act was a federal takeover of the student loan industry and profits on the loans go to help pay for the health care law.,FALSE
936,Barack Obama had 150 days in the U.S. Senate where he was able to vote quite often 'present.' ,FALSE
939,"Says opponent Bill Flores helped run a company that laid off over 3,000 workers and paid off executives with millions.",FALSE
940,Says Michelle Obama has 43 people on her staff; Nancy Reagan had just 3.,FALSE
941,Says Rick Perry doubled spending in a decade.,FALSE
943,The 9-0 decision last week was the 13th time the Supreme Court voted 9-0 that the president had exceeded his constitutional authority.,FALSE
944,"Says Tammy Baldwin supports a law in which government will take over your decisions on medicine, on doctors and on hospitals.",FALSE
945,The projected $1.8 billion state budget shortfall for 2015-17 actually comes from an assumption based on zero growth. That just doesnt happen.,FALSE
946,"Says if we do nothing and continue to let Obamacare siphon off that $700 billion dollars off the top of it, Medicare goes away in less than 10 years -- certain accounts of it -- and it just falls apart at the seams.",FALSE
947,"Says Sen. John McCain spent the July 4 weekend in Islamabad, Pakistan, selling F-16s and advanced weapons to the folks who harbored Osama bin Laden.",FALSE
948,Says Donald Trump doesnt make a thing in America.,FALSE
949,Why is President Obama unnecessarily delaying your flight? FAA could cut other spending.,FALSE
951,Washington politicians run Social Security like a Ponzi scheme.,FALSE
953,"Ever wonder why no one ever came forward from Obamas past, saying they knew him, attended school with him, was his friend, etc.? Not one person has ever come forward from his past.",FALSE
955,"Barack Obama's plan calls for ""mandates and fines for small businesses.""",FALSE
956,Says area near proposed northern Wisconsin iron ore mine is 15 hours away from where public hearing on mining was held.,FALSE
957,Our credit rating went up since Ive been in office.,FALSE
959,U.S. police killed more people in just one month than the U.K.s did in over a century.,FALSE
962,Says 11 soccer players on the U.S. Mens National Team are immigrants.,FALSE
963,The president by executive order could grant voting rights to illegal immigrants who are newly legalized under pending legislation.,FALSE
966,China owns about 29 percent of (the U.S.) debt.,FALSE
967,"Chris Sununu supported Obamas Common Core agenda, taking away local control of our schools.",FALSE
968,(President Barack Obama) said unemployment was never gonna go over 8 percent if we passed the stimulus plan.,FALSE
977,"Maj. Nidal Hasan, the man accused of the Fort Hood shootings, ""was an ADVISOR to the Obama Administration.""",FALSE
978,Florida has the second-lowest (campaign) contribution limit in the entire country.,FALSE
980,"We have, right now, Hezbollah, which is working throughout Latin America, in Venezuela, in Mexico, throughout Latin America, which poses a very significant and imminent threat to the United States of America.",FALSE
983,"David Beckhams proposed soccer stadium at Miamis Port threatens the 207,000 jobs and $27 billion economic impact tied to the cargo and cruise industries.",FALSE
984,"If we pass immigration reform, it will make wages go up on average $250 for the average household.",FALSE
986,Scott Walker gave Wisconsin job creation money to his cronies: corporate friends who contributed to his campaigns and got $570 million in job-development incentives,FALSE
987,"Due to actions by President Barack Obama, the Burger King national headquarters announced this month that they will be pulling their franchises from our military bases.",FALSE
988,Scott Walker has a plan to privatize state lands and wants to sell our deer to the highest bidder.,FALSE
990,We saw the president of the United States engage American troops in a fourth conflict in a foreign land. This is historic.,FALSE
993,"(U.S. Reps.) Paul Ryan, Sean Duffy and Reid Ribble are shutting down town hall meetings, or making their constituents pay to attend them.",FALSE
994,"Rick Perry thinks injecting 11- and 12-year-old girls with a controversial drug (the HPV vaccine), without a parents consent, is a good idea.",FALSE
995,A 2005 gay pride vote had nothing to do with discrimination.,FALSE
996,"The Republicans still want to privatize (Social Security). In fact, their whole idea is to turn over the Social Security trust fund to Wall Street.",FALSE
999,"One of the key things about Leonard Lance is that in 2008, when you look at [the] Project Vote Smart website, he was not for guns. Now he has gone too far to the right, saying that you can carry concealed weapons in national parks.",FALSE
1001,"Barack Obama ""wants the government to take over health care, spend hundreds of billions of dollars of new money for health insurance for everyone.""",FALSE
1006,"On whether he would vote for the budget proposed by Rep. Paul Ryan, R-Wis.",FALSE
1008,Hillary Clinton and her campaign of 2008 startedthe birther controversy.,FALSE
1010,Says Bill Nelson voted to cut $700 billion out of Medicare to pay for Obamacare.,FALSE
1011,"Says U.S. Rep. John Barrow, D-Ga., celebrates gun ownership even in the face of school shootings.",FALSE
1012,"Schoolchildren across the nation ""will be forced to watch the president justify his plans for government-run health care, banks, and automobile companies, increasing taxes on those who create jobs, and racking up more debt than any other president.""",FALSE
1013,Wisconsin employers have repeatedly said in surveys that our anti-business litigation climate is one of the most important factors affecting their expansion decisions.,FALSE
1015,The Pasco County budget has doubled in the past three years.,FALSE
1019,Republicans enacted the most drastic cuts to K-12 public schools of any state in the nation.,FALSE
1020,Just look at what the FBI director said about her (Hillary Clinton) her misconduct is a disgrace and embarrassment to our country.,FALSE
1021,"When his grandfather arrived in the United States, there were no government benefits for immigrants.",FALSE
1022,Says rejecting federal aid to expand Medicaid in Texas will send $9 billion in federal taxes paid by Texans to other states to insure their working poor.,FALSE
1025,"A third of all the young people in America are not in America today because of abortion, because one in three pregnancies end in abortion.",FALSE
1027,On same-sex marriage.,FALSE
1030,Former Atlanta Public Schools Superintendent Beverly Hall left the school district significantly better than she found it.,FALSE
1033,"Ninety-four percent of the bills that pass the Senate have no debate, no vote, no amendments, no reading of the bill, no online disclosure.",FALSE
1036,52 jobs have been saved or created in Florida's 34th Congressional District.,FALSE
1037,Says Scott Walkers bad budget includes: No weekend for workers.,FALSE
1038,SaysPresident Obama and his allies in Congress gave power to control Medicare patients health care decisions to a commission of 15 unelected bureaucrats in Washington.,FALSE
1041,"Under Hillary Clinton, State Department officials were sending official thank-yous to people who gave to the Clinton Foundation.",FALSE
1043,"Says the United States is the only nation that affords citizenship to anyone born here, whether you are here legally or illegally.",FALSE
1044,"Mary Burkes record: 130,000 fewer jobs.",FALSE
1046,Says Planned Parenthood provides about 140 visits for prenatal care in each state.,FALSE
1047,"Says that in 41 states, government workers are better paid than the taxpayers who support them.",FALSE
1048,We are imprisoning or giving jail sentences to young people who are smoking marijuana.,FALSE
1051,The economy began its nose dive when Democrats took control of Congress in January 2007.,FALSE
1052,Says Russ Feingold cut Medicare by $523 billion.,FALSE
1056,"Says when he was governor, most of the Democrats voted for his billion-dollar property-tax cuts, but U.S. Senate rival Tammy Baldwin voted against it.",FALSE
1063,If you sell your house after 2012 you will pay a 3.8 percent sales tax on it.,FALSE
1066,"Prior to 1962, everybody prayed before school started, and the Bible was the principal textbook in all schools.",FALSE
1070,"Twenty percent of single adults, ages 21 to 25 with no kids, are not working or even in school trying to find a job.",FALSE
1072,Says drug cartels are using social media to offer rebates so more children from Central America get smuggled to the United States.,FALSE
1073,President Obama plans to impose a tax of at least 23 percent on the Medicare prescription drug benefit for low-income beneficiaries.,FALSE
1076,"Says Steve Kagen promised us jobs, voting for the $787 billion stimulus. Cost: another 77,000 jobs lost.",FALSE
1079,"Gas prices have gone up 99 percent since Obama became president, the highest gas price increase since Carter.",FALSE
1081,"A report just came out that if we continue with President Obamas policies, were looking at over 9 percent unemployment next year in the fourth quarter.",FALSE
1083,On the way the federal government should spend Floridas rejected high-speed rail money.,FALSE
1084,"According to (Barack) Obamas newest unconstitutionally enacted law, health care professionals are now required to violate HIPAA privacy laws and submit medical data to the government, which is then used as justification for gun confiscation.",FALSE
1090,"For every one ESD superintendent position, we can pay for three speech pathologists, or three special needs instructors, or three classroom teachers.",FALSE
1091,75 percent of the (air traffic control) towers the Obama Administration is closing are located in Republican Congressional Districts.,FALSE
1092,"Says Apple products are currently 90 percent conflict-free, and Intel is 100 percent conflict-free.",FALSE
1094,"Says he has a fiduciary responsibility to his business, his family and his employees to pay no more tax than legally required.",FALSE
1098,Says the federal government restricts how much salt we can put on our food.,FALSE
1099,"During the lead-up to the American Revolutionary War, some guy in Boston got his head blown off because he tried to secretly raise the tax on tea.",FALSE
1102,"It doesn't make sense ""historically"" to drop out because the 1968 race was still competitive when ""Bobby Kennedy was assassinated in June in California.""",FALSE
1106,"The entirety of North America -- Canada, the United States and Mexico -- theres more known reserves in those three countries than in Russia and Saudi Arabia.",FALSE
1107,On the accuracy of state jobs numbers.,FALSE
1112,"Its costing every American who is insured $1,100 to pick up the cost of uncompensated care that goes on at the emergency room.",FALSE
1116,I've traveled the country advocating for the FairTax ...,FALSE
1119,Says Ron Johnson has essentially done nothing to fight heroin addiction and opioid abuse.,FALSE
1121,The only years that anybodys ever seen of Donald Trumps tax returns showed he didnt pay any federal income tax.,FALSE
1122,Says U.S. House candidate Carlos Curbelo supported raising flood insurance rates.,FALSE
1123,Says some Planned Parenthood chapters have been selling the body parts of aborted fetuses for profit.,FALSE
1133,Handel endorsed gay adoption in 2003 when she was running for chairwoman of the Fulton County Commission.,FALSE
1134,I did not support the war in Iraq The record shows that Im right.,FALSE
1135,Wendy Davis is the most popular politician in Texas.,FALSE
1136,President Barack Obama met with Iranian president Hassan Rouhani.,FALSE
1138,Says he voted to remove Common Core from our schools.,FALSE
1139,Terry McAuliffe has threatened to shut down Virginias government if his budget plan isnt supported.,FALSE
1141,At least 10 ISIS fighters have been caught coming across the Mexican border in Texas and there are dozens more that did not get caught by the Border Patrol.,FALSE
1144,Says Majority Leader Eric Cantor called for abolishing Social Security and Medicare.,FALSE
1145,I never said that Muslims would be subject to profiling under his policies.,FALSE
1148,Says five studies show his tax plan can cut rates and still bring the same revenue without raising taxes on the middle class.,FALSE
1149,"Last week Senator Obama's running mate said, get this, 'Raising taxes is patriotic.' ",FALSE
1152,Says Planned Parenthood CEO Cecile Richards was forced to concede that 86 percent of Planned Parenthoods revenue is from abortion.,FALSE
1154,Obama admits he is not a citizen.,FALSE
1156,The name Frank has risen in popularity by 20 percent since the debut of House of Cardson Netflix.,FALSE
1158,President Barack Obama has the power to stop deportation for all undocumented immigrants in this country.,FALSE
1165,Says President Obamas deal allows Iran to produce a nuclear weapon.,FALSE
1166,"The stimulus bill includes ""$300,000 for a sculpture garden in Miami.""",FALSE
1170,Says state Rep. Sandy Pasch did nothing to stop people from scamming the Wisconsin Shares child-care subsidy program and voted against funding for fraud investigators.,FALSE
1172,"When the United States ""first created the federal income tax, frankly, nobody below a million dollars a year paid anything.""",FALSE
1174,"Says Romney wrote in the first edition of his book that his health care plan should be expanded nationwide and then, You took it out of your book.",FALSE
1175,Says Gov. John Kasich implied that a portion of workers compensation rebates to employers should be directed back to him in the form of campaign cash.,FALSE
1176,We have over 300 state agencies. Forty-five of those agencies are related to health care.,FALSE
1180,The premiums on Medicares prescription drug program have fallen almost every year since it began.,FALSE
1182,"The Central Falls School system spent $100,000 on a time clock.",FALSE
1187,Barnes opposed the creation of the HOPE Scholarship and campaigned against Zell Miller on the issue.,FALSE
1188,Says Donald Trumps Make America Great Againhats were made in China.,FALSE
1191,Says government is a barrier to innovation and development.,FALSE
1192,We have a 40 to 50 percent dropout rate in our inner-city schools.,FALSE
1193,"The law says ... when a police officer stops you, do whatever he says and then deal with it later.",FALSE
1196,The National Rifle Association was founded by religious leaders who wanted to protect freed slaves from the Ku Klux Klan.,FALSE
1198,"Says his hometown of Paint Creek, Texas, doesnt even have a ZIP code.",FALSE
1200,"Says Hillary Clinton believes that all abortions should be legal, even on the due date of that unborn child.",FALSE
1201,"The Great Recession emerged in large part because of tax policies that slashed taxes on the wealthy, failed to invest in the middle class, took their eyes off of Wall Street, and created a perfect storm.",FALSE
1203,And the #jerseycomeback keeps rolling! Thanks to @GovChristie NJ now has lowest corruption risk of any state.,FALSE
1204,"Says any attempt to try to compare the Massachusetts health care law with the federal health care law is completely, intellectually dishonest. Governor Romney did not raise one tax in doing what he did.",FALSE
1206,Passage of a referendum on an aquarium for Clearwater means NO future funding for our neighborhoods.,FALSE
1210,Everything I have said (on the campaign trail) has been factually accurate.,FALSE
1214,10 cents on thedollar from the Clinton Foundation goes to charitable causes.,FALSE
1215,President Obama told people to skip coming here (Las Vegas) for conventions and meetings.,FALSE
1216,Says John Boehner admits we are not going to be any different than weve been by returning to the same failed economic policies that wrecked our economy.,FALSE
1218,Says Debbie Wasserman Schultz voted repeatedly to send terminally ill patients to prison.,FALSE
1219,The right-wing extremists are trying to take this seat so they can push their anti-choice and anti-equality agenda through our State House.,FALSE
1224,"John McCain offers ""billions in tax breaks for oil and drug companies, but almost nothing for families like yours.""",FALSE
1227,"Sen. Sherrod Browns vote helped pass Barack Obamas job-killing health care law, which slapped small businesses throughout Ohio with a $500 billion tax increase.",FALSE
1228,"President Obamas budget would call for about $25 trillion in debt by the end of his term, if he was re-elected.",FALSE
1229,We know that Sunday mornings have usually been given over to conservative white men.,FALSE
1230,"Rob Cornilles has been endorsed by 20 local mayors, including Independent, Democratic and Republican.",FALSE
1233,Attorney General Eric Holder is involved in the dismissal of the criminal charges against the New Black Panther Party for voter intimidation,FALSE
1236,Gov. Chris Christie owes the state money for amenities like extra Gorgonzola cheese for his staff on these trips.,FALSE
1237,I'm glad for the wording of it (an ethics report on corporate-sponsored Congressional trips) because clearly the wording exonerates me.,FALSE
1239,"On tax inversions, the Wall Street Journalsurprisingly attacked this tax scheme.",FALSE
1242,I introduced a bill that wouldve helped stop the multimillion-dollar bonus packages that CEOs grab on their way out.. (McCain) opposed that idea.,FALSE
1243,"There are nearly 500,000 registered sex offenders across the country and at any one time about 100,000 are unaccounted for.",FALSE
1244,The government made accommodation to the Fort Hood shooter to let him grow a beard for religious reasons.,FALSE
1245,"Says under the Affordable Care Act, New Jerseys new (Medicaid) enrollees wont qualify for the matching federal funds simply because we added them onto the rolls before 2014.",FALSE
1246,"Says the Obama administration watered down sanctions against Iran, delayed them and tried to stop Congress from putting the tough sanctions in place.",FALSE
1248,Wisconsin is one of the few states in the country that do not currently require a photographic identification to vote.,FALSE
1250,You will learn more about Donald Trump by going down to the Federal Elections to see the financial disclosure form than by looking at tax returns.,FALSE
1252,"Over half of the young people in medical, dental and law schools are women.",FALSE
1253,Ken Block supports Obamacare.,FALSE
1254,Says Hillary Clinton wants to have open borders.,FALSE
1255,GOP candidate for governor Nathan Deal is a former Clinton Democrat.,FALSE
1256,My opponent promises to bring back old jobs by wishing away the global economy.,FALSE
1261,I co-sponsored the Rebuild America Jobs Act for transportation and infrastructure.,FALSE
1262,"Says a new report proves the stimulus supported by N.J. Democrats cost $278,000 per job.",FALSE
1263,Says its absurd to say theres enough data to establish a link between playing football and Chronic Traumatic Encephalopathy.,FALSE
1264,The wives of the 9/11 hijackers knew exactly what was happening and went back to Saudi Arabia two days before the attacks to watch their husbands on television flying the planes.,FALSE
1265,Says Jill McCabe supports late term abortions. Larger baby parts are more profitable.,FALSE
1266,"Says U.S. Rep. Nancy Pelosi said, Employers cutting hours is a good thing. It then gives that person time to pursue their dreams and passions.",FALSE
1268,The things I said (during the prank call by a blogger posing as GOP contributor David Koch) are the things Ive said publicly all along about the Wisconsin budget debate.,FALSE
1269,Say photographs of Hillary Clinton at the debate show what could be an earpiece.,FALSE
1270,Says Joe Biden went to China and said that he sympathized and wouldnt second-guess their one-child policy of forced abortions and sterilizations.,FALSE
1271,On whether to seat Roland Burris as the new senator from Illinois.,FALSE
1272,2014 Federal Tax Refunds To Be Delayed Until October 2015.,FALSE
1274,"Obama ""remains silent"" and ""is never asked how he feels about his church honoring Farrakhan.""",FALSE
1294,Says Rep. Jon Runyan voted to redefine rape.,FALSE
1298,"This year, Eric Cantor has received more money from oil companies than any other member of Congress.",FALSE
1301,"The Iran deal says that if any other country tries to undermine (Irans) nuclear program, we have to help them defend themselves against Israel, Egypt, Saudis, our own allies.",FALSE
1302,"Rick Scotts Administration spent over $100,000 of taxpayer money during their first voter purge attempt in 2012.",FALSE
1305,"In 1913, it was legal to mail children.",FALSE
1306,"Tonight in Ohio, more people came out to vote for Barack Obama in an unopposed race than voted for (Mitt) Romney and (Rick) Santorum combined.",FALSE
1311,"U.S. Reps. Eric Cantor and Luis Gutierrez were touring the country last year joined at the hip, working together in a bipartisan fashion indeed for the goal of immigration reform.",FALSE
1312,The $5 billion website for Obamacare never worked. Still doesnt work.,FALSE
1315,"In North Carolina, they used stimulus money to hire one new state worker. His job, apply for more stimulus funds from the taxpayers by the way of the federal government.",FALSE
1317,"Dan Gecker voted to double vehicle registration fees, costing (Chesterfield) county residents over $6 million annually.",FALSE
1319,I dont know anything about David Duke.,FALSE
1320,80 to 85 percent of my campaign funds go to donations to various organizations throughout the City of Providence.,FALSE
1323,Birthers have obtained a copy of Obamas Kenyan birth certificate.,FALSE
1324,Keystone means unlocking the Canadian tar sands.,FALSE
1325,"The working tax cut created over 40,000 new jobs in just the last four years.",FALSE
1327,I played in a game here against the Pittsburgh Steelers where there was 23 inches of snow. We played in at least 15 inches of that.,FALSE
1328,It is the Department of Homeland Security's view that returning military veterans and gun owners are likely to commit terrorist acts.,FALSE
1329,Data on violent crime shows Wisconsin has become less safe than it was when Scott Walker took office.,FALSE
1336,"We have drawn down to presurge levels. Basra, Mosul and now Sadr City are quiet and it's long and it's tough and there will be setbacks.",FALSE
1338,"An amendment to the House health reform bill ""puts new restrictions on women's access to abortion coverage in the private health insurance market even when they would pay premiums with their own money.""",FALSE
1340,Were the worst state in the country at moving people from welfare to work.,FALSE
1342,Pentagon confirms they may court martial soldiers who hold Christian faith.,FALSE
1344,Weve got more revenue than we ever have.,FALSE
1351,"Every time weve increased the minimum wage, weve seen a growth in jobs.",FALSE
1355,Says Hillary Clinton had an undercover nurse with her at the Sept. 11 memorial ceremony in New York.,FALSE
1364,Medicare passed with virtually no Republican support.,FALSE
1365,Says Wisconsin state Senate President Michael Elllis (R-Neenah) broke Senate rules during debate on a photo ID bill for voters.,FALSE
1366,Sen. Hutchison abandoned Republicans and stood with Democrats to ensure health care legislation would pass quickly.,FALSE
1367,Its warmer on Mars than it is in parts of the United States and Canada during the polar vortex.,FALSE
1368,"Says the Department of Homeland Security has ordered enough rounds of .40 caliber ammunition to kill every man, woman and child in the United States, possibly to combat massive civil unrest or an invasion by a foreign power.",FALSE
1369,"If a President Romney got a call from the president of the (Mormon church), he has no choice but to obey. It is obedience over family and country.",FALSE
1370,Under Gov. Rick Perrys leadership [Texas] has created more jobs over the last decade than the rest of the states combined.,FALSE
1372,Says only 25 percent of Texas high school students graduate prepared for college or careers.,FALSE
1373,"Blue Cross new $90-million Providence headquarters ""was outfitted with $25 million in decor.""",FALSE
1375,"Under Pat McCrory, (North Carolina) has fallen to 41st in teacher pay.",FALSE
1377,"I have had to fill out FEC reports for the past six years now, and theyre much more detailed than a tax return...",FALSE
1378,Says Wisconsin Attorney General J.B. Van Hollen knew about (the Ken Kratz sexting) case for nearly a year and did nothing about it.,FALSE
1379,"He leant his name to a bill, did little or nothing three years ago to try to get it passed, (and) since then has done absolutely nothing other than disavow any attempt to move on the legislation.",FALSE
1380,"An Environmental Protection Agency regulation that goes into effect Jan. 1, 2012, regulates dust.",FALSE
1381,More businesses went out of business last year than were started for the first time in our history.,FALSE
1382,Says Hillary Clinton has not answered a single question about her immigration plan.,FALSE
1384,Says Houston National Cemetery is preventing Christian prayers from being said at military funerals.,FALSE
1385,Was Martha Kanter dispatched to Corvallis with $17 million in stimulus money to save Craig Robinsons job?,FALSE
1388,I asked (then-Secretary of State Condoleezza Rice) how many people had died and she did not know the answer to that question.,FALSE
1394,"Palin ""stopped the Bridge to Nowhere.""",FALSE
1396,Two thirds of the people in Wisconsin strongly disagree with this idea of permanently taking away peoples rights to collective bargaining.,FALSE
1399,I lost my health insurance and my doctor because of Obamacare.,FALSE
1400,"As far as standing committees, we have 10 fewer standing committees. So weve saved the state about a quarter-of-a-million dollars through the reduction of the standing committees.",FALSE
1402,"Governor-elect Scott Walkers opposition to high-speed rail killed 13,000 Wisconsin jobs",FALSE
1403,The only candidate pocketing big money from people who want to destroy coal is Mitch McConnell.,FALSE
1415,"In the U.S. Senate, Barack Obama ""has not reached across party lines to get anything significant done.""",FALSE
1416,Says the Koch brothers funded the fight to let flood insurance premiums soar ... Now theyre spending millions to buy a Senate seat for Bill Cassidy so he can fight for them.,FALSE
1417,Former President Bill Clinton and his Clinton Health Access Initiative (CHAI) distributed watered-down HIV/AIDSdrugs to patients in sub-Saharan Africa.,FALSE
1418,A study of private bail bond systems showed that Wisconsin has a higher no-show rate than other states of defendants skipping court appearances.,FALSE
1419,We have billions in surplus.,FALSE
1420,Says Hillary Clintons plan would tax many small businesses by almost 50 percent.,FALSE
1423,We have solved the problem. ... Scientists are now saying leave the nuclear waste where it is.,FALSE
1424,"Says someone earning $50,000 a year will fare better under his 9-9-9 plan than under the current tax system.",FALSE
1425,"Says the Internal Revenue Service estimated it must hire 16,500 agents at a cost of $10 billion to the taxpayer to enforce the federal health care overhaul.",FALSE
1426,On drilling off the Atlantic coast,FALSE
1428,Says Ted Cruz supports legalizing people who are in this country illegally.,FALSE
1429,Says our economy in New Jersey gets $38 billion from the businesses at the Shore.,FALSE
1430,"There are at least three sectors of the border, one in particular, that are just completely insecure.",FALSE
1432,Says your Legislative Assembly was within one vote of enacting each of those bills into Oregon law.,FALSE
1433,Says critics called the original GI Bill welfare.,FALSE
1435,Milwaukee has the second-highest number of children recovered from sex trafficking.,FALSE
1436,What they will do is socialized medicine.,FALSE
1437,I didn't endorse the federal stimulus bill.,FALSE
1439,The stimulus has not created one private sector job.,FALSE
1444,"Americans ""have never paid more for gas at the pump.""",FALSE
1445,Virginia papers called (Scott) Rigells campaign Mostly False.,FALSE
1447,"Says that if Texas, California and New York all voted for Democratic presidential nominees, it would be mathematically impossible for Republicans to elect a president.",FALSE
1450,Says Wisconsin Gov. Scott Walker eliminated cancer screenings for uninsured women and offered no alternatives.,FALSE
1451,"Says in regard to providing more tax cuts for the rich, Bill Pascrell said, Republicans had great ideas. I liked some of their ideas.",FALSE
1457,Says Los Angeles Clippers owner Donald Sterling is a Democrat.,FALSE
1461,"Says state Sen. Randy Hopper, R-Fond du Lac, unlike typical taxpayers, didnt pay taxes",FALSE
1463,"Obama voted for ""tax subsidies and giveways"" that have slowed oil companies from pursuing clean energy sources.",FALSE
1465,Says a Bureau of Labor Statistics report attributed a sharp increase in work-related fatalities to increasing numbers of employees and drivers could not read or understand warning signs in English.,FALSE
1467,"Wisconsin is not as obese as the national average is. The national average, 35.7 percent of the population is obese. In Wisconsin, its closer to 26 percent.",FALSE
1471,"The Mormon religion has ""a plan that will see the Constitution thrown out and replaced by a theocracy.""",FALSE
1473,Ukraine voluntarily gave up its nuclear weapons because the United States of America said it would ensure (its) territorial integrity from Russia.,FALSE
1475,Says families now pay out 40 percent of their income to taxes.,FALSE
1477,"The incoming Republican freshman class well, its no ordinary group: nearly half of its roughly 80 members have never served in elective office before.",FALSE
1481,"Says nobody in higher education believes Gov. Rick Perrys proposal to serve up $10,000 college degrees is possible.",FALSE
1484,There was just about zero press coverage of the 2007 Bush White House email controversy.,FALSE
1485,"Says Rick Perry is spending more money than the state takes in, covering his deficits with record borrowing.",FALSE
1487,"Says under Mitt Romney, Medicare could end as we know it, leaving Julia with nothing but a voucher to buy insurance, which means $6,350 extra per year for a similar plan.",FALSE
1494,A 5-cent charge on paper bags is a tax.,FALSE
1495,"Obama ""says he'll raise taxes on electricity.""",FALSE
1496,Says U.N. arms treaty will mandate a new international gun registry.,FALSE
1502,The 9-9-9 plan does not raise taxes on those that are making the least.,FALSE
1504,Says U.S. Rep. Debbie Wasserman Schultz voted to cut off Floridas veterans and their benefits.,FALSE
1509,Says the federal government borrows almost $60 billion per week.,FALSE
1510,Clayton County offers the lowest operating millage rate in Metro Atlanta.,FALSE
1514,"The Wisconsin law repealed by Republicans, which allowed discriminated workers to sue in state court, was kind of a gravy train for lawyers.",FALSE
1518,"Remember that developers are forced to use the 195 land union contractors, so tap an extra $10 million into any construction project.",FALSE
1519,Says New Jersey Devils managing partner Jeff Vanderbeek took us into arbitration.,FALSE
1523,On counting state budget shortfalls,FALSE
1524,Were losing now over $500 billion a year in terms of imbalance with China.,FALSE
1525,"Today in America, between 40 and 50 percent of all African-American babies, virtually 1-in-2, are killed before they are born.",FALSE
1531,Most tips left at Dunkin Donuts dont go to employees.,FALSE
1532,"It is senior citizens, not Hispanics, who are the fastest-growing demographic in this country.",FALSE
1533,On banning assault weapons.,FALSE
1534,Says murder is the chief cause of death for pregnant women.,FALSE
1540,"Taxpayer-funded benefits to illegals in California are ""a skyrocketing cost under Obamacare.""",FALSE
1541,"Should Democrats get their way, every income tax bracket will increase on Jan. 1, 2011. Every single one.",FALSE
1543,Blocking a U.S. Supreme Court nomination during the remaining months of President Obamas term would leave the nations highest court with an unprecedented year-long vacancy.,FALSE
1544,Jeanne Shaheen was principally involved in a plot with Lois Lerner and President Barack Obamas political appointee at the IRS to lead a program of harassment against conservative nonprofit groups during the 2012 election,FALSE
1547,On whether to run for the U.S. Senate as an independent.,FALSE
1548,Says Romney had the uniforms for the 2002 Winter Olympic games made in Burma.,FALSE
1551,Libya supplies the oil for China. We get no oil from Libya.,FALSE
1552,There is a Republican plan to end Medicare.,FALSE
1553,Currently we have some 40-45% of Americans who are not paying any taxes.,FALSE
1554,Says CNN deleted an online poll showing Bernie Sanders won the first Democratic presidential debate to help out Hillary Clinton.,FALSE
1556,Claims Wisconsin Senate Majority Leader Scott Fitzgerald said: It is necessary to eliminate unions in order to balance future budgets.,FALSE
1557,Any government-run 'public' plan ... forces more employers to drop employee coverage due to rising costs and pay an additional 8% payroll tax for each worker.,FALSE
1558,Congress is a very special group of people. More than 80 percent of them never left the United States.,FALSE
1562,Says Barack Obama supported Ted Kennedys ammo ban to outlaw all deer-hunting ammunition.,FALSE
1564,"Says Marco Rubio voted against every bill that would have helped keep our families safe. He even voted against a bipartisan measure, introduced by a Republican, to prevent people on the no-fly list from purchasing guns.",FALSE
1565,An account of attacks in Benghazi written by former White House press secretary Dee Dee Myers shows that the body of U.S. Ambassador to Libya Christopher Stevens was dragged through the streets and abused.,FALSE
1570,Says a Senate resolution would restore $140 in monthly general assistance payments and prevent people from committing crime.,FALSE
1576,On running for re-election to U.S. Senate,FALSE
1578,"The fact that one town has three lanes dedicated to it, that kind of gets me sauced.",FALSE
1585,On whether he wants to be vice president.,FALSE
1586,Theres no negative advertising in my campaign at all.,FALSE
1587,Mark Kirk: Lied about going to war. Opposed middle class tax cuts. And said unemployments not that big an issue.,FALSE
1588,"Says Hillary Clinton told the Des Moines Register on Aug. 8, 2015:I will get the NRA shut down for good if I become president. If we can ban handguns, we will do it.",FALSE
1589,To deprive underprivileged children of a meat-based protein during school lunch is most likely depriving them of their only source of protein for the day.,FALSE
1591,"The Dog Meat Festival in Yulin, China, threatens global public health.",FALSE
1592,Says Republican candidates in key Wisconsin Assembly races side with those who want to privatize Social Security -- and risk our retirements on Wall Street.,FALSE
1595,Says Milwaukee County district attorney candidate Verona Swanigan has worked as a prosecutor.,FALSE
1600,Says Donald Trump has the second-highest disapproval ratings of anyone running for president.,FALSE
1602,The Ryan budget gets rid of Medicare in 10 years and turns it into a voucher program.,FALSE
1603,On assault weapon violence: Ducks have more protection than people in Virginia.,FALSE
1604,The increase in the garbage tax that [Mayor Allan Fung] imposed in Cranston for some people has been as much as $200.,FALSE
1605,"As state Commerce secretary, Mary Burke drafted, sponsored and promoted budgets that raised taxes by billions, created high structural deficits and raided funds to finance huge spending hikes.",FALSE
1606,There are high administrative costs when you donate to Haiti relief through the White House Web site.,FALSE
1607,Says Hillary Clinton wants to let people just pour in. You could have 650 million people pour in and we do nothing about it. Think of it. Thats what could happen. You triple the size of our country in one week.,FALSE
1608,"(Jeff) Atwaters busy helping his friends and wasting our tax dollars -- $48 million for a government building so lavish its dubbed the Taj Mahal, $100,000 for a golf musuem, and $110 million to build a private prison to help a big contributor.",FALSE
1609,"Despite claims that you can keep the health care plan you like, the Obama Administration has predicted that as many as 7 out of 10 Americans with employer-provided health coverage could lose their current health plan.",FALSE
1611,"In my years in the State Legislature, I have never voted for a tax increase.",FALSE
1615,"Barack Obama promises higher taxes on ""the sale of your home.""",FALSE
1616,Says FBI Director James Comeys letter about new developments in the investigation into her emails only went to Republican members of the House.,FALSE
1620,"Two million federal workers negotiate zippo, zero. There is no collective bargaining for federal employees.",FALSE
1621,"The Congressional Budget Office ""estimates that only 15 percent of this stimulus package will be spent in 2009"" and only 37 percent in 2010.",FALSE
1624,"Says U.S. Senate opponent Tammy Baldwin supported a federal budget that spent trillions -- not billions, trillions -- more money than the Obama budget.",FALSE
1626,"Says under President Barack Obama, the debt increased by 23 percent, which was less than under any president going back to Ronald Reagan.",FALSE
1629,"Says that Susan Rice, the presidents national security adviser, has already conceded that Iran will have a robust uranium enrichment capability.",FALSE
1630,"Because theres no local option to allow communities to ban, limit or restrict the location of pot shops, if Amendment 2 passes you can expect the seedy elements of the pot industry to move in right next door to your neighborhood, your church, your business and even your childs school.",FALSE
1631,"With his decision on whether to fire Gen. Stanley McChrystal, President Obama has to fix yet another problem he inherited from the Bush administration.",FALSE
1633,The health care law imposes the largest tax increase in history on the middle class.,FALSE
1639,"Says Jeff Reardon cut elementary school music classes, art instruction, teaching positions, basketball and volleyball programs, and he voted to raise school lunch prices.",FALSE
1640,"In Florida, illegal immigration costs taxpayers nearly $4 billion (a year). This amounts to $700 for every household in Florida.",FALSE
1642,"The House passed cut, cap and balance with bipartisan support.",FALSE
1643,Tim Kaine broke a campaign promise not to raise taxes.,FALSE
1645,On reauthorization of Export-Import Bank.,FALSE
1646,Says Gov. Bob McDonnells budget would cut pre-kindergarten programs.,FALSE
1652,Women are paid 77 cents for every $1 men get for the same work.,FALSE
1653,"As governor, Mitt Romney raised nursing home fees eight times.",FALSE
1654,"Says if Texas abortion measure passes, someone living in El Paso would have to drive 550 miles each way to San Antonio for something as simple as cervical cancer screening.",FALSE
1657,"Woonsocket needs a garbage-burning power plant because residents are paying through the nose for electricity thats fueled by foreign oil, at prices that are skyrocketing.",FALSE
1658,By using a little-known loophole ... Obama minions are allowing Nestle Company to export precious fresh water out of Lake Michigan.,FALSE
1659,"Every 1 percent increase in the cost of health insurance today causes about 30,000 Georgians to be uninsured.",FALSE
1661,The Obama administration offered no magic number of people that needed to sign up for health care on the marketplaces.,FALSE
1662,Only after news broke that our veterans are dying because of inadequate health care did Harry Reid and Senate Democrats take action.,FALSE
1663,Says Rick Perry wanted to secede from the union.,FALSE
1665,As Governor: Romney did not keep public safety funding in line with inflation.,FALSE
1668,Says the Texas State Board of Education is considering eliminating references to Christmas and the Constitution in textbooks.,FALSE
1673,"A Medicaid provision added to the Senate health carereform bill ""is not a special deal for Nebraska.""",FALSE
1676,My husband didn't wrap up the nomination until June.,FALSE
1680,Says Jeb Bush said he would take his pants off and moon everybody ... Nobody reports that.,FALSE
1681,Georgia has the most lax gun laws in the nation.,FALSE
1683,"The Chamber of Commerce says new carbon regulations will kill 244,000 jobs a year and cost average families $1,200 a year.",FALSE
1685,Says many states are floundering under crushing deficit spending.,FALSE
1686,"Florida's legal challenge of the federal health care bill is ""bipartisan.""",FALSE
1688,"When ICE releases illegal immigrants, a lot of those people are not from Honduras and Mexico. Theyre from Iraq and Somalia and Russia.",FALSE
1690,"President Barack Obama suggested on national TV that the Democratic health care bill will have government decide that a healthy, 100-year-old woman in need of a pacemaker should take a pain pill instead.",FALSE
1695,"When SACS came back to the DeKalb County School District to give a midterm review, we got straight As.",FALSE
1697,One of the things we found very clearly and consistently is that [video gaming] is a growth industry.,FALSE
1699,I know that Hillary on occasion has said just last year said this (NAFTA) was a boon to the economy.,FALSE
1701,Says Russ Feingold was the only senator to vote against Homeland Security.,FALSE
1702,Sen.Mark Begich cast the deciding vote in favor of President Obamas authority to issue executive amnesty to illegal aliens.,FALSE
1703,ISIS didnt exist when my brother was president. Al-Qaida in Iraq was wiped out when my brother was president.,FALSE
1705,The U.S. economy is recovering slower than Europe,FALSE
1707,"Romneycare has killed 18,000 Massachusetts jobs.",FALSE
1709,Says Allen West violatedfederal law by scuba diving with U.S. flag.,FALSE
1712,"We in the Democratic Party had no input into the locations of these hearings, nor did we have input into the process.",FALSE
1713,Says Scott Walker said that forcing women facing abortion to get invasive ultrasounds was just a cool thing.,FALSE
1715,This is not a mosque. Its a cultural center that has a prayer area.,FALSE
1716,"Every year in the United States between 3,000 and 4,500 severe vaccine reactions are reported to the Centers for Disease Control. Not mild reactions. Severe reactions that land somebody in the hospital, the intensive care unit or cause a permanent disability or death.",FALSE
1718,"Obama ""has voted in the United States Senate to increase taxes on people who make as low as $42,000 a year.""",FALSE
1721,Our federal government has lent $2 billion to the state-owned oil company of Brazil to allow them to explore for oil and gas.,FALSE
1723,"Over 200 years ago, the United States had declared war on Islam, and Thomas Jefferson led the charge!",FALSE
1726,The United States has seen a net loss of people with health insurance because of Obamacare.,FALSE
1727,I have never lobbied for offshore oil drilling.,FALSE
1728,Glenn Hegar promised to eliminate the property tax.,FALSE
1729,"When the Milwaukee County mental health facility is full, cops sit out there in their squad cars with a mentally ill patient and sometimes spend an entire shift out there doing that.",FALSE
1731,"Says Abortion clinics in Oregon, as in most states, have no state oversight and are not held to basic health or safety standards.",FALSE
1734,"When President AbrahamLincoln signed his Emancipation Proclamation, there were over 300,000 slaveholders who were fighting in the Union army.",FALSE
1739,On running a civil and polite campaign,FALSE
1742,"Says President Barack Obama has taken less vacation days than any other president in a generation, while Congress has taken more vacation days than any other Congress in history.",FALSE
1746,Millennials will be 75 percent of the workforce in the next 10 years.,FALSE
1754,90% of rural women and 55% of all women are illiterate in Morocco.,FALSE
1755,Kathleen Peters refuses to take a stand to repeal Obamacare.,FALSE
1756,"McCain says the price of a gas tax ""holiday"" would be about the same as ""a Bridge to Nowhere (or) another pork barrel project.""",FALSE
1757,Says $500 billion in Medicare cuts are coming.,FALSE
1763,"The centerpiece of Senator McCain's education policy is to increase the voucher program in D.C. by 2,000 slots.",FALSE
1770,Virginia has a responsibility to fund 55 percent of public education and is payingjust 41 percent.,FALSE
1772,"Every time weve cut the capital gains tax, the economy has grown. Whenever we raise the capital gains tax, its been damaged.",FALSE
1773,Says Jason Carter has gotten David Axelrod to come down and be his campaign advisor.,FALSE
1777,Says Barack Obama is the first president to appoint 45 czars to replace elected officials in his office.,FALSE
1779,Nobody is leaving Memphis. Thats a myth.,FALSE
1780,Florida seniors are exempt from losing Medicare Advantage under the federal health care bill.,FALSE
1781,"Theres a tremendous tax that we pay when we (American businesses) go into China, whereas when China sells to us theres no tax.",FALSE
1786,The RI Board of Elections has heard official testimony from Providence residents who claim to have witnessed known illegal aliens voting in local elections.,FALSE
1788,"Today and every day, an estimated 14,000 Americans will lose their health insurance coverage.",FALSE
1790,"Since President Obama came into office, another 2 million Hispanics have joined the ranks of those in poverty. The number of Hispanic children living in poverty increased by 15 percent in that short period of time.",FALSE
1794,Go look at a Trump product. Theyre all made in China.,FALSE
1797,This president went before the United Nations and castigated Israel for building settlements. He said nothing about thousands of rockets being rained in on Israel from the Gaza Strip.,FALSE
1800,"Says as GOP was picking a convention city, I recommended Ohio.",FALSE
1802,Says she was never a member of the Georgia Log Cabin Republicans.,FALSE
1806,Donald Trump would engage in a risky scheme to privatize Social Security.,FALSE
1808,"But for immigrants, we would have a contracting population...",FALSE
1809,The majority of the people that are coming to Arizona and trespassing are now becoming drug mules.,FALSE
1810,"Rhode Island gives undocumented pregnant women health insurance, plus a cash card with $400 a month on it and $250 a month or $275 a month to spend on food.",FALSE
1811,Says Mark Pryor continues to insist that Obamacare is an amazing success.,FALSE
1812,Were only inches away from no longer being a free economy.,FALSE
1818,"This years redistricting has been the most open, interactive and transparent redistricting process in Tennessee history.",FALSE
1822,The folks in Washington are already forcing you to buy government health care.,FALSE
1823,Says President Barack Obama is the first president weve ever had who thinks he can choose which laws to enforce and which laws to ignore.,FALSE
1825,"Charlie Crist ""worked with Acorn"" to give felons voting rights.",FALSE
1826,On support for gay marriage.,FALSE
1829,Says Hillary Clintons Iran nuclear deal lined the pockets of the worlds number one state sponsor of terrorism with your money.,FALSE
1830,"Obama thinks the national anthem should be ""I'd Like to Teach the World to Sing.""",FALSE
1833,When Obama took office the economy of the United States was actually shrinking for the first time in about 70 years.,FALSE
1834,Says Marco Rubio said that felons should not have their voting rights restored but that convicted felons should be allowed to own guns after they have done their time.,FALSE
1838,You cant put a gun rack in a [Chevrolet] Volt.,FALSE
1841,Newt Gingrich says electric co-ops and credit unions are government-sponsored enterprises like Freddie Mac.,FALSE
1842,"Attempts to find things like, crime, criminal activity, indictment, have been filtered out by Google in favor of Hillary Clinton.",FALSE
1843,The National Science Foundation spent $1.2 million paying seniors to play World of Warcraft to study the impact it had on their brain.,FALSE
1845,The biggest contribution behind a decrease in U.S. unemployment was 1.2 million people leaving the workforce,FALSE
1847,"Says the U.S. Postal Service has taken no taxpayer aid since 1971, funds operations entirely from the sale of stamps and related products and makes an operational profit year after year.",FALSE
1849,Drug overdoses are now the second-most common cause of death in New Hampshire.,FALSE
1850,"Congressman Cicilline, when he was the mayor of Providence, espoused a sanctuary city.",FALSE
1852,Says 70 percent of Virginias Medicaid cost is for seniors in nursing homes.,FALSE
1856,Obama Signs Bill Forgiving All Student Loan Debt.,FALSE
1858,"Obama says Iran is a 'tiny' country, 'doesn't pose a serious threat.'",FALSE
1859,"Says that Mitt Romney, while he was in Arizona, said he believes the states SB 1070 immigration law should be the model for national immigration laws.",FALSE
1860,Toomey crossed party lines to stop gun sales to suspects on the terror watch list.,FALSE
1864,On releasing photographs depicting the abuse of prisoners.,FALSE
1865,Says attorney general candidate Jon Richards went so far to say he would only enforce the laws with which he personally agreed.,FALSE
1866,The pass rate for a high school level test to join the military is 35 to 40 percent.,FALSE
1868,"Cicilline continues to accept hundreds of thousands of dollars in lobbyist, corporate PAC and insider money to fund his campaign.",FALSE
1870,Says the federal government mandates transexuals (sic) and homosexuals grabbing children in their stranger-danger zones in the name of airport security.,FALSE
1871,"Every year since Gov. Walker and the Republicans have been in control of the Legislature weve created fewer jobs, according to the Bureau of Labor Statistics.",FALSE
1872,Claims Joe Biden said coal is more dangerous than terrorists.,FALSE
1873,An Obama campaign tactic for rallying voters is to offer them cell phones.,FALSE
1875,Higher beer production and higher consumption go hand-in-hand.,FALSE
1877,Says theres $4 billion in private investment along the streetcar.,FALSE
1878,Says Arkansas Republican Rep. Tom Cotton voted to provide Congress with taxpayer-funded health care for life.,FALSE
1880,"Well over 90 percent of felony cases, all over the nation, are committed by defendants who grew up in father-absent households.",FALSE
1881,"For his first interview as president, Barack Obama chose Arab TV for an apology.",FALSE
1883,More businesses are closing than opening in Virginia today.,FALSE
1887,The media wont publish a real photo of Trayvon Martin with tattoos on his face.,FALSE
1888,Rand Paul supports Obamas negotiations with Iran.,FALSE
1890,"A single parent with a couple kids can easily get $35,000 a year in public assistance in Wisconsin.",FALSE
1892,Says Hillary Clinton viciously attacked women abused by Bill Clinton.,FALSE
1893,"A letter from BP to the Minerals Management Service ""actually recommends improvements and specific recommendations around safety regulations should they choose to change them.""",FALSE
1895,Under the Iran deal: If Israel attacks Iran were supposed to be on Irans side.,FALSE
1896,Nobody suffered any lasting injuries from the CIA interrogation program.,FALSE
1897,Im not one for name calling.,FALSE
1898,Says Sen. Pat Toomey even tried to shut down the federal government in order to eliminate funding for Planned Parenthood.,FALSE
1903,"In the primary election, a right-wing group spent more than $100,000,000 to support Supreme Court Justice Rebecca Bradley.",FALSE
1904,"(Brendan) Doherty wants to raise the eligibility age for Social Security benefits for anyone born after 1960, with no regard for the challenges it would cause for people working in physically demanding occupations.",FALSE
1906,Our national debt is as low as it has been since World War II.,FALSE
1908,Debbie Jackow unlike her opponent ...WILL NOT de-fund the 20/20 land program.,FALSE
1912,Property taxes are now 18% higher than when(Mark Sharpe)first took office.,FALSE
1915,The truth was revealed there in that report that showed there was no unlawful or unethical activity on my part.,FALSE
1918,Students today take more years to get through college.,FALSE
1919,Says Rick Perry flip-flopped on gay marriage by first saying it was a states rights issue and then saying he was in favor of a federal constitutional amendment banning gay marriage.,FALSE
1920,Congress decision to spend less around the world on embassy security contributed to tragedies like Benghazi.,FALSE
1925,Nearly 60% of all occupants of HUD properties in U.S. are illegals.,FALSE
1930,Says Ken Cuccinelli wants to eliminate all forms of birth control.,FALSE
1931,A bill that would halt the EPA from regulating greenhouse gases would help stop rising gas prices.,FALSE
1932,"The measles vaccine has killed 108 people in the last decade, while no one has died of measles.",FALSE
1934,In Virginia there has been a billion dollars in surplus over the last three years. The legislature has spent less than 1 percent of that on roads.,FALSE
1938,Says a picture he posted on Facebook of a man posing in front of five decapitated human heads is one of the subhuman mongrels our president set free.,FALSE
1940,The (national) debt really added up $75 trillion in 2010 and is on track to hit $99 trillion this year.,FALSE
1941,President Barack Obama ordered our military to enlist illegal aliens.,FALSE
1942,"A government panel that didn't include cancer specialists says women shouldn't receive mammograms until age 50...If government takes over health care, recommendations like these could become the law for all kinds of diseases.",FALSE
1947,My state of Florida is now the third-largest state. We have surpassed New York in population.,FALSE
1949,Says Wisconsin Senate recall candidate Jessica King voted to increase her pay with taxpayer dollars by 63 percent.,FALSE
1950,Says Barack Obama began his presidency with an apology tour.,FALSE
1951,A Texas law will repatriate $1 billion of gold bullion from the Federal Reserve in New York to Texas.,FALSE
1954,No Bridge to Nowhere could occur.,FALSE
1957,"Right now, Im polling at about 8 percent against Barack Obama and Mitt Romney.",FALSE
1958,Food stamps have gone up two-and-a-half times under Barack Obama.,FALSE
1959,"In the 38 Studios deal, Wall Street investors took a risk, and went bust.",FALSE
1960,Says President Barack Obama broke his promise to keep a Wisconsin GM plant from closing.,FALSE
1961,"The weight of the evidence (on global warming) is that most of it, maybe all of it, is because of natural causes ... its fair to say the science is in dispute.",FALSE
1963,State Department officials actually directed contracts for the Haitian recovery after the earthquake to friends of the Clintons.,FALSE
1965,Beer drinking is not allowed in any Illinois state parks.,FALSE
1966,Says U.S. Senate rival Tommy Thompson ran Medicare into the ground and nine years closer to bankruptcy.,FALSE
1967,"On new dollar coins, In God We Trust is gone!",FALSE
1968,Freshman Rep. Bob Gibbs is spending his one year anniversary on vacation only working 6 days in all of January.,FALSE
1969,Early voting remains at 96 hours.,FALSE
1972,[T]he Georgia Dome has returned $10 billion in economic impact to the state of Georgia.,FALSE
1976,"The Northwest Corridor highway project in Cobb and Cherokee counties is expected to create over 9,700 jobs statewide.",FALSE
1977,The presidents own advisers have said theres a war on coal.,FALSE
1978,"Because of the new health care law, 17 million kids can no longer be denied for a pre-existing condition.",FALSE
1979,Says Hillary Clinton is proposing destroying Medicare for seniors.,FALSE
1980,On supporting winner of Democratic primary with her superdelegate vote.,FALSE
1982,A bill to advance the Keystone XL Pipeline is an earmark under House rules.,FALSE
1984,Florida is the first state requiring drug testing to receive welfare!,FALSE
1985,Says Hillary Clinton wants to raise taxes on African-American owned businesses to as much as nearly 50 percent more than theyre paying now.,FALSE
1986,"A lot of people who go into prison straight, and when they come out theyre gay.",FALSE
1988,The president of the United States will be taking a trip over to India that is expected to cost the taxpayers $200 million a day.,FALSE
1989,Michael Bennet cast the deciding vote for the stimulus and the health care bill.,FALSE
1991,200 consumer laws were destroyed in 2011 when Gov. Scott Walker signed Act 92.,FALSE
1992,Congress Approves Bill Offering Free Cars To Welfare Recipients.,FALSE
1993,Wisconsin is not walking away from a dime in federal funds by rejecting the Obamacare Medicaid expansion.,FALSE
1994,"Says that in 2007, Oregon ranked 25th -- or 7th from the bottom -- in percentage of children with untreated decay compared to 32 other states with similar data.",FALSE
2001,Ch Guevara wrote extensively about the superiority of white Europeans over people of African descent.,FALSE
2003,Hitler abolished unions and thats what Wisconsin Gov. Scott Walker is doing today.,FALSE
2004,Says Ted Kennedy sent a letter to then Soviet leader Yuri Andropov apologizing for Ronald Reagan and begging the Soviets not to overreact.,FALSE
2005,"Page 92 of the House health care bill ""says specifically that people can't purchase private health insurance after a date certain.""",FALSE
2007,We actually have not required in this law that you carry health insurance.,FALSE
2008,States still face a mandate to expand Medicaid coverage under President Obamas health care reform law.,FALSE
2009,SaysTom Cotton voted against preparing America for pandemics like Ebola.,FALSE
2010,"Since President Obama took full control of Washington every single day, more than 1,500 of our jobs have been lost.",FALSE
2011,"Says Nancy Pelosi said, Waiting long hours in the emergency room will allow you to make new friends!",FALSE
2013,Says former state Sen. Kelli Ward wanted to ban our intelligence agencies from operating in Arizona.,FALSE
2015,Betty Sutton and her fellow Democrats went on a spending spree and now their credit card is maxed out.,FALSE
2016,"Muslims attempted to establish the first Islamic Sharia court inside the United States in the town of Irving, Texas.",FALSE
2017,"Since January 2008 the private sector has lost nearly 8 million jobs while local, state and federal governments added 590,000.",FALSE
2019,"Yes, this would be the same congressman (Rep. Pete Hoekstra) who last year Tweeted the whereabouts of a top-secret mission to Iraq.",FALSE
2021,On the Cuba embargo.,FALSE
2022,Says Scott Walker rejected legislation to make college loan payments tax deductible and the result was to raise taxes on students.,FALSE
2025,Says Wisconsin Manufacturers Commerces own 2014 survey revealed that just 15 percent of business executive respondents were in favor of Right-To-Work legislation.,FALSE
2026,The Capitol Police force is going so far as to use paramilitary equipment in dealing with singing protesters in Madison,FALSE
2027,Tens of thousands of fraudulent Clinton votes found in Ohio warehouse.,FALSE
2028,"When it comes to protesters in Madison, almost all are now from outside of Wisconsin.",FALSE
2033,"As Florida secretary of state, Kurt Browning allowed 1,800 illegal voters to register in Florida.",FALSE
2034,The only budget Ted Cruz ever voted for in his time in the Senate is a budget that cut defense spending by more than Barack Obama proposes we cut it.,FALSE
2035,"Rural schools enroll 40 percent of American children, but receive only 22 percent of federal education funding.",FALSE
2037,On repealing the 17th Amendment,FALSE
2039,An aide acted on his own and was not representing the Thompson campaign when he sent an email criticizing the sexual orientation of U.S. Senate candidate Tammy Baldwin.,FALSE
2044,"Were $15 trillion now in debt, with a president thats racked up as much debt as almost all of the other presidents combined.",FALSE
2046,"In the New York 9th District, there is a large number of people who went to the polls tonight who didnt support the president to begin with and dont support Democrats -- and its nothing more than that.",FALSE
2051,Says Will Hurd said a border-long U.S.-Mexico wall absolutely makes sense.,FALSE
2056,"Says Bernie Sanders health care plan would empower Republicangovernors to take away Medicaid,to take away health insurance for low-income and middle-income working Americans.",FALSE
2057,"In 2006, Planned Parenthood performed more prevention services and cancer screenings than abortions, but in 2013, there were more abortions.",FALSE
2059,Says nothing in Obamas $3.7 billion request to address the child immigrant situation actually secures the border.,FALSE
2064,The Mexican government forces many bad people into our country.,FALSE
2068,"Governor Christie also remains the only Governor since World War II, among both Democrats and Republicans, who failed to have his party win control of at least one legislative body over the course of his term.",FALSE
2069,Sixty-percent of the state retirees...dont get Social Security.,FALSE
2070,"Over 73% of all donations raised (from the ALS Ice Bucket Challenge) are going to fundraising, overhead, executive salaries, and external donations.",FALSE
2074,"Says Barack Obama was silent on Iran when the students took to the streets in Tehran and the people there protested, (and) the Green Revolution occurred.",FALSE
2076,Inner-city crime is reaching record levels.,FALSE
2078,Oklahomas Republican Gov. Mary Fallin signed a new law which makes you pay a special fee. It will essentially fine people for the crime of using solar power.,FALSE
2079,Tampa mayoral opponent Bob Buckhorn supported forcing police officers to keep their guns locked in the trunks of their cruisers.,FALSE
2080,Millions could lose their health care coverage and be forced into a government pool under the new health care law.,FALSE
2082,Only a few months ago the FBI arrested three Broward County Commissioners for accepting millions of dollars in trade for illegal favors.,FALSE
2083,"Our unemployment rate has been higher than 8 percent for more than two-and-a-half years, far above what the Obama Administration promised with the stimulus.",FALSE
2086,Ted Cruz helps run two national organizations that have been leading the push to give amnesty to illegal immigrants.,FALSE
2091,Says he was the only Republican candidate at a prior debate who said lower-income workers were being hurt by the economy.,FALSE
2093,Portland Community College serves more students than all of the states universities combined.,FALSE
2095,Obamacare is . . . the largest tax increase in the history of the world.,FALSE
2097,Says Barack Obama founded ISIS. I would say the co-founder would be crooked Hillary Clinton.,FALSE
2100,"When asked about bills in Congress important to the North Country, Derrick responded I just dont know enough about it.",FALSE
2101,"Except for Virginia, the other 49 states keep raising their gas tax.",FALSE
2102,"Says 70,000 children have lost their Head Start slots because of the sequester.",FALSE
2103,On disaster aid offsets,FALSE
2105,"Sarah Palin ""has more experience than Barack Obama.""",FALSE
2108,The Congressional Budget Office has already doubled its estimate for the cost (of Obamacare) so far from roughly $800 billion to $1.7 trillion.,FALSE
2109,"Oregons three largest employers, and 13 of the top 25, are health care providers.",FALSE
2110,We get 30 percent of our oil from the Gulf (of Mexico).,FALSE
2111,The Department of Energys Billion Ton Study has shown that wind and solar energy combined could at best provide only 5 percent of our total energy needs.,FALSE
2113,Says Mitt Romneys campaign has already spent more on negative ads than John McCain did during his entire presidential run.,FALSE
2114,"As we near the 10th anniversary of the 9/11 terrorist attacks, we should not forget that some of the hijackers used New Jersey drivers licenses to board those aircraft.",FALSE
2116,"Although the governor doubled the beach fees . . . all the money, as we found out, is all going to an out-of-state company. The state isnt even getting the money for that.",FALSE
2117,"Three presidents in the last century Harding, Kennedy and Reagan all cut taxes during recessions and produced ""rapid and dramatic economic recoveries,"" while two, Herbert Hoover and Barack Obama, did ""the opposite.""",FALSE
2119,Says John Barrow voted with Obama 85 percent of the time.,FALSE
2125,Sens. Mark Warner and Tim Kaine voted to let the U.N. take OUR guns.,FALSE
2126,"In just six years, Georgia has dropped from first in the nation from a business-friendly legal climate to 24th.",FALSE
2130,"Says, In the last four years weve cut $36 million in ongoing revenue.",FALSE
2132,Says nearly 1 million people are coming to town in the next 20 years.,FALSE
2134,"It's just outrageous that under President Bush, the National Institutes of Health have been basically decreased in funding.",FALSE
2135,Kathryn Starkey joined forces with liberal Democrats on a historic sales tax hike.,FALSE
2137,Says Texas has the nations most uninsured residents.,FALSE
2140,"The White House has three staff calligraphers making between $86,000 and $97,000 each, and just one National Security Director. She makes $55,000.",FALSE
2141,Says Maggie Hassan is the only female governor in the country.,FALSE
2142,Thomas Paine wrote that the duty of a patriot is to protect his country from his government.,FALSE
2145,"If Fox News presidential debate rules had been in place during the1992 election,Bill Clinton wouldnt have beenon the stage.",FALSE
2146,U.S. Senate candidate Todd Akin was partly right that a womans body has a way of shutting down so that a pregnancy doesnt occur if shes raped.,FALSE
2148,"Barbara Boxer voted to cut spending on Medicare benefits by $500 billion, cuts so costly to hospitals and nursing homes that they could stop taking Medicare altogether.",FALSE
2149,Global warming is a hoax.,FALSE
2150,"Says that we brought CHI Manufacturing, that had business in China, back to Texas.",FALSE
2152,The cap-and-trade bill will mean 2 million jobs lost.,FALSE
2153,The new health care law crushes small businesses with billions in penalties.,FALSE
2155,2724.json	true	Most of the jobs that we lost were lost before the economic policies we put in place had any effect.	economy,job-accomplishments,jobs,stimulus	barack-obama	President	Illinois	democrat	70	71	160	163	9	an interview on The Daily Show with Jon Stewart""",FALSE
2157,Says of a failed cloture vote on nominating Chuck Hagel for defense secretary: This is not a filibuster.,FALSE
2160,I was the first member of Congress to call him (Barack Obama) a socialist...,FALSE
2165,South Korea doesnt pay the United States for U.S. troops that protect their country.,FALSE
2168,Says U.S. is giving seven Alaskan islands to Russia.,FALSE
2169,Says Rick Scott raised property taxes.,FALSE
2172,"Theres a section in the Constitution called the Emoluments Clause that says no one, nor their spouses, can take money from foreigners. (Hillary Clinton) has to be guilty of 70 or 100 counts just on that one charge.",FALSE
2174,Medicaid expansion could cost the Commonwealth of Virginia over $1 billion a year...,FALSE
2175,"The Islamic State is so small it couldnt fill a DoubleAballpark in Charleston, W. Va.",FALSE
2176,There is no evidence that poor people abuse drugs more frequently than any other socio-economic group.,FALSE
2178,"The Democrats' health care bills would provide ""free health care for illegal immigrants.""",FALSE
2179,"[If] you apply for a job, the chances are 1 in 7 that you are going to be denied that job unfairly if everybody is forced to use E-Verify.",FALSE
2181,Says she never received nor sent any material that was marked classified on her private email server whilesecretary of state.,FALSE
2183,"When I was growing up as a kid in the city of Milwaukee, if we averaged 4 homicides a year in the entire city that was a record number.",FALSE
2184,Says gas costs $4.50 a gallon.,FALSE
2188,"In recent years, Rep. LaTourette has sponsored legislation that would increase spending by 551.6 percent.",FALSE
2189,Some city of Atlanta employees have not had raises in eight years.,FALSE
2191,99% of NJ voters do NOT support hunting.,FALSE
2193,"Says U.S. Senate candidate Tommy Thompson admitted that Washington, D.C., changed him into an insider selling his influence to make millions from powerful special interests.",FALSE
2195,"In New York City, murders are up.",FALSE
2199,Now we have ISIS coming over the (U.S.-Mexico) border.,FALSE
2200,For every single scientist that tells you (global warming is) happening and that its our fault...I can stack up another group of reports that say just the opposite.,FALSE
2202,Says Hillary Clintons plan is going to raise taxes and even double your taxes.,FALSE
2203,Millions of Americans are paying more and getting less under Obamacare.,FALSE
2204,"When he took office in 2009, President Barack Obama had the biggest Democratic majorities in Congress since Lyndon Johnson.",FALSE
2205,Sen. McCain's economic plan gives nearly $4-billion in tax breaks to the oil companies but doesn't provide any tax relief to more than 100-million middle-class families.,FALSE
2206,Says Barack Obama is getting his nominees confirmed faster than President (George W.) Bush was at the same time in his second term.,FALSE
2210,"Dozens of artists, including Justin Timberlake, Jay Z and Rihanna, are canceling Florida shows like Stevie Wonder in protest of stand your ground.",FALSE
2211,We have that program where immigrants come here and they have to bring a million dollars in order to get a green card if theyre going to create jobs.,FALSE
2213,Privatizing Social Security was a bad idea when George W. Bush proposed it. It's a bad idea today. Sen. McCain's campaign went even further ... suggesting ... to cut cost-of-living adjustments or to raise the retirement age.,FALSE
2215,The countrys bankrupt.,FALSE
2217,"Preventive care ""saves money.""",FALSE
2218,"Says Connie Mack IV co-sponsored a bill to take a third of the Social Security Trust Fund ... give it in individual accounts to the senior citizens, who then were to invest it in the stock market.",FALSE
2219,"Our National Guard, as we saw in the Midwest flooding, can't function as effectively as it could. I was talking to National Guard representatives. Fifteen of their 17 helicopters in this region were overseas during the flooding.",FALSE
2222,Says Democrats cut $35 million from the state budget for Information Technology improvements.,FALSE
2223,Austins Pease Elementary is a school that was created as part of the Texas Constitution.,FALSE
2224,I was pretty proud of being the only guy on the stage that ever had a job in the private sector.,FALSE
2226,Says U.S. Rep. Ted Yoho said African Americans should only be given three-fifths of a vote.,FALSE
2227,We dont need a separate (prescription drug) database ... Pharmacies already have a database in place.,FALSE
2230,FACT: Nothing in #Obamacare forces people out of their health plans.,FALSE
2232,76 percent of doctors support the use of medical marijuana,FALSE
2236,Says Damascus disincorporation would produce NO significant tax savings.,FALSE
2237,Scott Walker opposed a plan to help Wisconsin students refinance their student loans.,FALSE
2238,Lee Zeldin missed 2/3rds of Veterans Affairs Hearings,FALSE
2241,"In Arizona, there are only one and a half (Border Patrol) agents per every 10 square miles.",FALSE
2244,"Loranne Ausleys a financial train wreck for taxpayers -- pushing gas taxes, property taxes, taxes on seniors.",FALSE
2245,Grocery prices have risen significantly over the past year or so.,FALSE
2247,I think we came down here (to Florida) one time ... but we weren't actively fundraising here.,FALSE
2248,Canadian-born Ted Cruz has had a double passport.,FALSE
2251,The California governor says yes to poisoning more children with mercury and aluminum in vaccines.,FALSE
2254,SaysHillary Clinton wants to abolish the Second Amendment.,FALSE
2256,"Said he is the only Democratic candidate for state attorney general who has ""represented the entire state of Georgia.""",FALSE
2257,In 20 years there will be enough Muslim voters in the U.S. to elect the president by themselves.,FALSE
2259,"Donald Trump Protester Speaks Out: I Was Paid $3,500 To Protest Trumps Rally.",FALSE
2260,"Says Vladimir Putin said, President Obama and his fellow Democrats are either idiots or deliberately trying to destroy their own economy.",FALSE
2261,McCain supports tax breaks for companies that ship jobs overseas.,FALSE
2262,ISIS is running through a border made porous by Barack Obamas policies.,FALSE
2265,Studies have shown that voter fraud is non-existent in Texas.,FALSE
2268,Its factually correct to say that Jennifer Brunner inherited at least 18 lawsuits when she came into the office that were a result of Ken Blackwells mismanagement of the 2004 election.,FALSE
2269,The ACLU has filed a suit to end prayer from the military completely.,FALSE
2270,"Under President (George W.) Bush, prosecution of gun crimes was 30 percent higher than it is under President Obama.",FALSE
2271,"There are 300,000 babies born deformed every year in this country because of women who are alcoholics while they're carrying those children to term.",FALSE
2273,"Today, we have two Vietnams, side by side, North and South, exchanging and working.",FALSE
2274,"A data system that goes along with Common Core is designed to collect up to 400 data points on each child, which can include personally identifiable data.",FALSE
2275,Alison Alter got an F in attendance in 2016 as an Austin parks board member and was removed by a unanimous vote of the Austin City Council.,FALSE
2276,Says he got lobbied by a woman with late-stage cancer about vaccinating Texas girls against a virus that can cause cervical cancer.,FALSE
2281,Kesha Rogers is not a Democrat.,FALSE
2282,Says House Republicans spent $50 million on 33 votes to repeal Obamacare.,FALSE
2283,Democrats are poised now to cause this largest tax increase in U.S. history.,FALSE
2290,Almost nine out of every 10 pennies that would be spent turning a 200-mile stretch of Interstate 70 into a toll road would be from folks outside Missouri.,FALSE
2291,Greg Abbott said it would be a waste to expand pre-k to all Texas children.,FALSE
2292,"It costs us, logistically, three times more to fight in Afghanistan than it does in any other place.",FALSE
2295,The average person who gets the minimum wage in America is 35 years old.,FALSE
2298,"With Rick Scott, there are more funds for preschool education.",FALSE
2299,The children coming across the southern U.S. border were never examined after they got here and quarantined if they had a disease. They were just sent out across the country. Many of them had measles ... We now have an outbreak of it all because of our immigration policy.,FALSE
2303,Says Thomas Jefferson helped craft the Constitution.,FALSE
2304,"Says U.S. Rep. Tammy Baldwin, a candidate for Senate, supports raising taxes by $858 billion.",FALSE
2306,Says the Obama administration plans to reduce the number of beds devoted to holding individuals violating immigration laws and to release hundreds of dangerous criminals into our communities.,FALSE
2307,Says Democratic challenger Russ Feingold was the deciding vote on Obamacare.,FALSE
2309,A recent economic uptick appears to coincide with the expectation of a new Republican Congress.,FALSE
2311,"I was one of the few, very few, who voted `no on the Iran deal.",FALSE
2314,On expanding Medicaid under the Affordable Care Act.,FALSE
2315,"Obama's plan to raise the capital gains tax ""hurts the middle class.""",FALSE
2318,"Doctors kill about 250,000 people a year in botched surgeries.",FALSE
2319,The White House branded the memorial service for the Tucson shootings with a Together We Thrive logo and slogan.,FALSE
2323,"President Eisenhower, on the night before the Normandy invasion...[wrote a] letter of resignation to the United States Army for the failure of the landings at Normandy.",FALSE
2324,25 percent of our economy is the financial sector.,FALSE
2325,"Barack Obama has ""reversed"" on his commitment ""to begin withdrawing American troops from Iraq immediately.""",FALSE
2327,"Between 2008 and 2014, criminal aliens accounted for 38 percentof all murder convictions in the five states of California, Texas, Arizona, Florida and New York.",FALSE
2328,Repealing Obamacare saves our nation more than $2 trillion.,FALSE
2330,We have constitutional amendment that says that there's a ban on drilling right off Florida's coast.,FALSE
2335,Oregon is the most trade-dependent state in the nation,FALSE
2337,Says Barack Obama had huge majorities in Congress during his first two years in office and did nothing with them to create jobs in America.,FALSE
2338,"Says Hillary Clinton is proposing to print instant work permits for millions of illegal immigrants to come in and take everybodys jobs, including low-income African-Americans.",FALSE
2339,U.S. Sen. Lindsey Graham says South Carolina has a labor shortage and wants more immigration.,FALSE
2340,110 people a day move to Austin.,FALSE
2344,I didnt support Sonia Sotomayor.,FALSE
2346,Says Chris Christie was the first governor in America to endorse Mitt Romney.,FALSE
2350,Says both Donald Trump and Hillary Clinton say Planned Parenthood is terrificand that it should keep taxpayer funding.,FALSE
2352,Texans eat more catfish than residents of all other states combined.,FALSE
2356,U.S. Sen. Sheldon Whitehouse rewarded Wall Street executives with millions in bonuses.,FALSE
2368,"With Obamacare,You have no options ..you cant get competitive bidding.",FALSE
2377,"After Patrick Murphys charges were dropped, Murphys father gave the prosecutor a huge campaign donation.",FALSE
2378,The current (agriculture) commissioner allowed tainted beef to be sent to school cafeterias.,FALSE
2382,"Less than 2 percent of illegals are picking crops, but 41 percent are on welfare.",FALSE
2383,Says the states budget shortfall is not that much different than it was in 2003.,FALSE
2385,The overwhelming number of school districts reported their staff stayed the same or grew after the 2011-13 state budget,FALSE
2389,"Thirty million Americans, including a lot of people in Florida, are going to be able to get healthcare next year because of that law.",FALSE
2392,Seniors will see $500 billion in Medicare cuts to fund Obamacare.,FALSE
2393,Theres only one candidate under investigation -- Terry McAuliffe.,FALSE
2397,"We have been focusing so much, especially the Texas Department of Transportation, on that 97 percent of people in single-occupancy vehicles.",FALSE
2399,"When those restrictions expire (in the Iran nuclear deal), Iran will have an industrial-size military nuclear capability ready to go.",FALSE
2400,Says Hillary Clinton will receive her congressional salary until she dies and the Secret Service pays her mortgage.,FALSE
2410,Every signer of the Declaration of Independence had no federal elected office experience.,FALSE
2411,The state [food stamp call center] program is administered from foreign shores.,FALSE
2414,When I took office last year we faced historic budget deficits of $6 billion here in Virginia. And we closed those deficits by cutting spending.,FALSE
2415,All University of Texas student-athletes get an iPad.,FALSE
2418,President Barack Obamas budget threatens national security by proposing an Army of fewer personnel than we had before Pearl Harbor.,FALSE
2420,"Says that under his tax plan, no matter where you are in the stratosphere, youre going to be getting a tax cut.",FALSE
2422,Says Milwaukee County buses are no less safe now than a year or two ago.,FALSE
2423,Says the average government worker wont be impacted in the first two years under the reform of state health benefits.,FALSE
2425,"Planned Parenthood is the only health care that a significant number of women get. About 30 percent of women, thats their health care.",FALSE
2426,The federal limousine fleet has increased by 42 percent since Barack Obama took office.,FALSE
2427,"Says Texas has been waiting for two years for the federal government to act on a proposal to allow the state to ""create insurance opportunities for those that are uninsured today.""",FALSE
2428,Says he was endorsed by theValley News newspaper.,FALSE
2430,"We had a massive landslide victory, as you know, in the Electoral College.",FALSE
2432,A new bill was written into the new health care reform initiative ensuring that Congress will be 100 percent exempt.,FALSE
2433,Says President Barack Obama attacked potential terrorist targets in Syria in the middle of the night to minimize terrorist casualties.,FALSE
2438,"While CEOs of some large charities have big salaries, the heads of some veterans groups do the job for free.",FALSE
2440,"The form students fill out to get college financial aid is ""longer than the form to get U.S. citizenship.""",FALSE
2442,"Says Obama wants to give (Iran) nuclear weapons and Michael Bennet, he was all for it.",FALSE
2444,"Over the last 40 years, real wage growth has been flatlined because of the policies of the Federal Reserve ... It was all driven by the Federal Reserve.",FALSE
2445,"Seniors will have to find $12,500 for health care because Republicans voted to end Medicare.",FALSE
2448,"President Obama promised families making less than $250,000 a year would not see taxes go up, but Obamacare raises 18 different taxes.",FALSE
2450,The polls show over half of Americans identify themselves as being pro-life.,FALSE
2452,On repeal and replace of federal health care reform.,FALSE
2454,Our real unemployment is anywhere from 18 to 20 percent. Dont believe the 5.6. Dont believe it.,FALSE
2455,House Republicans just passed a bill that makes it legal for single mothers to be fired by their employers.,FALSE
2457,Says Barack Obama and his team are socialists in every respect of the word.,FALSE
2458,The (Jackson) plan (for reforming Cleveland schools) lacks any data or methods proven to raise student achievement.,FALSE
2459,"Under Scott Walkers policies, the typical Wisconsin family has actually seen their real income drop by nearly $3,000 in the last four years.",FALSE
2460,Says Ronald Reagan got the Saudis to flood the market with cheap oil.,FALSE
2461,"Says. Rep. Joe Barton, R-Texas, once said, Wind is a finite resource and harnessing it would slow the winds down, which would cause the temperature to go up.",FALSE
2463,U.S. Rep. Patrick Murphy voted to allow members of Congress to receive taxpayer-funded health care for life.,FALSE
2464,"Under Floridas voting law, a requirement to turn in voter registrations within 48 hours makes it impossible to meet the deadline if youre working right to the end of the week.",FALSE
2465,There are a multitude of vaccines that do not prevent deadly and crippling diseases.,FALSE
2466,We dont have bars on campus in Texas. Its against the law... no alcohol allowed.,FALSE
2468,China holds 26 percent of the U.S. debt.,FALSE
2470,Ed Perlmutter voted for Viagra for rapists paid for with tax dollars.,FALSE
2472,A National Football League lockout would cost Atlanta $160 million in lost jobs and revenue.,FALSE
2474,Vern Buchanan has been completely exonerated in a Federal Election Commission action.,FALSE
2475,Says Wisconsin Gov. Scott Walkers budget calls for raising property taxes by nearly $500 billion.,FALSE
2478,President Obama has spent over $2 million in legal fees defending lawsuits about his birth certificate.,FALSE
2479,Says this House processed and approved as many bills as previous Legislatures.,FALSE
2480,"Biden was responsible for ""ending genocide in Bosnia.""",FALSE
2486,Says Marco Rubio voted to deport young people known as Dreamers.,FALSE
2487,There's no rationing in any of these bills.,FALSE
2488,A bill backed by Sean Duffy and other House Republicans could actually require the Internal Revenue Service to conduct audits of rape victims who get an abortion.,FALSE
2489,Obamacare puts the federal government between you and your doctor.,FALSE
2490,The state-hired company that evaluates state-mandated student exams goes on Craigslist to get examiners to read our students essays.,FALSE
2492,Dan Gelber: On the record against scholarships to help our needy children attend Jewish private schools.,FALSE
2495,Says Barack Obamas health care law will be the biggest job-killer ever.,FALSE
2497,Secretary Geithner has left the option on the table of abandoning the dollar for a multinational currency.,FALSE
2499,Says U.S. Rep. Martin Heinrich spent a trillion of our tax dollars on a stimulus for failed companies here and jobs overseas.,FALSE
2500,FCAT tests account for less than 1 percent of the instructional time provided during the year.,FALSE
2501,"Says that according to one economist, $1 of unemployment benefits boosts the economy by $1.61.",FALSE
2503,"Despite opposition from national Club for Growth, Club for Growth Wisconsin has endorsed him for U.S. Senate.",FALSE
2514,"Even when all other state agencies took cuts, Gov. [Nathan] Deal increased education spending every year.",FALSE
2519,"Says that since lawmakers acted, we have 130 new businesses across Texas doing helicopter hog hunts.",FALSE
2522,"Gas prices have doubled because Obama opposed exploring for energy in Alaska. He gave millions of tax dollars to Solyndra, which then went bankrupt. And he blocked the Keystone pipeline. So we will all pay more at the pump.",FALSE
2524,The price of gasoline was at $1.85 a gallon when President Barack Obama took office and has since nearly doubled because of his policies,FALSE
2525,"Says Lee Leffingwell has been mayor of Austin, Texas for about as long as Sarah Palin was governor of Alaska.",FALSE
2527,"Gov. (Scott) Walker has yet to create a job, he gives away millions to his friends, and he raises taxes on working people.",FALSE
2528,"Because of President Barack Obamas failure to push job creation, the black unemployment rate in Ferguson, Mo., is three times higher than the white unemployment rate.",FALSE
2530,"A sign in Dearborn, Mich., for the Advancement of Islamic Agenda for America says, Allah be praised. America we will kill you all and nothing you can do to stop it.",FALSE
2531,Obama regime planned the influx of illegal alien children at the border.,FALSE
2534,"When it comes to taking cuts in tough budget times, Wisconsin state workers havent had to sacrifice.",FALSE
2535,Says Donald Trump has been talking about the option of using a nuclear weapon against our Western European allies.,FALSE
2537,Says the National Labor Relations Board told Boeing that it couldnt build a factory in South Carolina because South Carolina is a right-to-work state.,FALSE
2539,"The Trump Winery near Charlottesville, Va. is the largest winery on the East Coast.",FALSE
2541,"Why would our president close the embassy to the Vatican? Hopefully, it is not retribution for Catholic organizations opposing Obamacare.",FALSE
2544,Says Judge JoAnne Kloppenburg agreed to use a technicality to give a convicted sex offender a new hearing because he didnt understand the charge.,FALSE
2545,"According to a government supplier of emergency products, the Disaster Assistance Response Team was told to be prepared to be activated in the month of October for an outbreak of Ebola.",FALSE
2550,Says Obama has doubled the stock market from where we started when he was sworn into office,FALSE
2551,On supporting the budget proposed by Rep. Paul Ryan,FALSE
2552,"When I became governor, I inherited a large deficit. You know what? We just turned that into the largest surplus in Virginia history.",FALSE
2554,Obamacarerepresents the largest tax increase in the history of the world.,FALSE
2558,Claims Supreme Court Justice Ruth Bader Ginsburg said she prefers the South African Constitution over the United States Constitution.,FALSE
2563,Says we could have saved ourselves the cost of building the Powell Butte water reservoir.,FALSE
2566,Says challenger Dominic Chavez is a Rick Perry Republican lobbyist.,FALSE
2573,"Says that under City Council Member Randi Shade, Austin had the highest city debt per person in Texas.",FALSE
2577,Barack Obama loves Che Guevara.,FALSE
2578,Says Betty Sutton and House Democrats gutted Medicare by $741 billion to pay for Obamacare.,FALSE
2580,Were one of the only communities in the country that didnt lose population in the last census.,FALSE
2583,Says the U.S. election system is rigged.,FALSE
2585,This (Independent Payment Advisory Board) board can ration care and deny certain Medicare treatments so Washington can fund more wasteful spending.,FALSE
2586,The cheerleaders for the Dallas Cowboys have entertained more troops in the world than Bob Hope.,FALSE
2589,"Fifteen years ago, you couldnt even get a pizza delivered in that neighborhood.",FALSE
2590,"Romneycare is a top-down, government-run health care system.",FALSE
2592,I said two years ago that the Fannie and Freddie thing was a very serious problem and we had to work on it.,FALSE
2593,Says he has yet to get a response from Barack Obama to his August 2010 letter making border security requests.,FALSE
2596,Says Hillary Clinton erased all of her emails even though they were subject to recall and review by Congress.,FALSE
2597,"Over 214,000 doctors opt out of Obamacare exchanges.",FALSE
2598,The 2011-13 state budget cuts overall funding for public schools by $1.6 billion,FALSE
2600,Says a $12.5 million incentive deal she approved for Abbott Laboratories contained strong protections for taxpayers if job creation goals were not met.,FALSE
2604,Bill White is discriminating. Hes taking jobs from African Americans and giving them to his friends.,FALSE
2605,A legacy of taxing and borrowing crippled the economy we inherited two years ago.,FALSE
2609,"Obama creates new tax on Christmas trees, fees get passed on to consumers.",FALSE
2610,That 59 divisions in Philly had no votes for Romney in 2012 is (a) mathematical and statistical impossibility.,FALSE
2612,Says Barack Obama has gone from blaming George W. Bush to plagiarizing George W. Bush.,FALSE
2613,Women still earn about 77 cents for every dollar a man earns for working the same job.,FALSE
2614,Donald Trump says all Mexicans are rapists.,FALSE
2616,2008: Unions Spent $400 Million to Elect Obama.,FALSE
2617,Says Texas high school graduates must pass Algebra II to be eligible for automatic admission to states public universities.,FALSE
2620,"Terrorist detainees were not covered by the Geneva Convention. They were unlawful combatants. And under those circumstances, they were not entitled to the normal kinds of courtesies and treatment.",FALSE
2623,"Says Mary Burkes 2007-09 state budget had a tax hike of $1.8 billion -- costing every man, woman and child in the state an extra $310.",FALSE
2630,The climate hasnt warmed in quite a few years. That is proven scientifically.,FALSE
2633,A North Carolina study proves that probably over a million people voted twice in (the 2012) election.,FALSE
2634,Tarpon Springs takes its homeless to St. Petersburg.,FALSE
2636,Says Hillary Clinton has been in office and in government longer than anybody else running here tonight.,FALSE
2645,The health care reform bill would make it mandatory absolutely require that every five years people in Medicare have a required counseling session that will tell them how to end their life sooner.,FALSE
2646,"Before Act 10, the total cost of public sector employees employment was 29 percent higher than that in the private sector. After the act, its still 22 percent higher.",FALSE
2647,"When President Franklin D. Roosevelt started Social Security, it only affected widows and orphans, and when Medicare began, it was a small program.",FALSE
2657,"Says Florida U.S. Reps. Corrine Brown, Alcee Hastings and Frederica Wilson are Socialists.",FALSE
2659,Says Hillary Clinton refuses to testify before Congress about the 2012 attack in Benghazi.,FALSE
2660,Commerce Secretary nominee John Bryson appears to endorse world government.,FALSE
2663,Says Rob Portman even voted to allow people on the terrorism watch list to buy guns.,FALSE
2666,"The administration raises revenue for nationalized health care through a series of new taxes, including a light switch tax that would cost every American household $3,128 a year.",FALSE
2668,The Constitution simply does not authorize the federal government to own any of this land (in the Western states).,FALSE
2674,ISIS leader Abu Bakr al Baghdadi was released by Obama in 2009.,FALSE
2678,The average minimum wage worker is 35 years old.,FALSE
2679,Ive been outspent by my opponents every time Ive run for U.S. Senate.,FALSE
2680,"In the history of Republican primaries, Ive gotten the most votes in the history of the Republican party.",FALSE
2681,"The Massachusetts Supreme Court...defined marriage as simply, quote,the establishment of intimacy ... I guess that would mean if you really had affection for your horse, I guess you could marry your horse.",FALSE
2682,"The federal health care plan ""costs Texas taxpayers $2.4 billion per year.""",FALSE
2683,"When the New Hampshire Legislature raised the gasoline tax, gas prices in the state were skyrocketing.",FALSE
2686,"We will spend $100 billion in Afghanistan this year, fixing roads, building bridges, training police officers, and more, [and] cutting the same things in our own country.",FALSE
2687,The war in Iraq was a major factor in blowing the top off the price of oil.,FALSE
2688,This type of mass violence does not happen in other advanced countries. It doesnt happen in other places with this kind of frequency.,FALSE
2689,Says Mitt Romney did not pay taxes for 10 years.,FALSE
2690,"A ""massive"" federal computer network will make your medical records available to ""millions of people"" with a ""complete lack of privacy and confidentiality,"" while doctors and hospitals who don't take part face ""stiff penalties.""",FALSE
2693,Says Gov. Scott Walker has been rated Americas most factually-challenged politician.,FALSE
2696,On whether BPs $20 billion fund to compensate oil spill victims is a slush fund.,FALSE
2697,On in-state tuition for illegal immigrants.,FALSE
2698,Says Jacky Rosen has refused to tell us whether she supports Bernie Sanders or Hillary Clinton.,FALSE
2701,"In slashing $1.7 billion from Social Security, Rep. Jim Renacci may end up forcing the entire agency to ... shut down for a month, causing seniors to not get their benefits on time, halting claims processing, and forcing new retirees and disabled workers into a backlog.",FALSE
2702,"Says Sen. Bill Nelson voted to spend $144,541 to see how monkeys react under the influence of cocaine.",FALSE
2703,What were the old annual deficits under Republicans have now become the monthly deficits under Democrats.,FALSE
2708,Says Texas did not bail out a loan program he oversaw as state agriculture commissioner.,FALSE
2709,We spend almost twice as much per capita on health care as do the people of any other country.,FALSE
2710,On repealing the 17th Amendment,FALSE
2713,"Says while serving in the city council, Rachel Zenzinger voted to use tax dollars to take a taxpayer-funded junket to China.",FALSE
2719,"Lots of studies seem to indicate that minors find it very easy to get marijuana, easier than to get alcohol.",FALSE
2723,Says President Obamas decision to not issue a permit for the Keystone XL pipeline meant we were denied the ability immediately to reduce prices at the pump.,FALSE
2727,The stimulus created zero jobs.,FALSE
2728,The health care law reduces the number of uninsured in America by 3 percent for how much money? $2 trillion.,FALSE
2729,We import more oil today than ever before.,FALSE
2736,"One of the things I would immediately do is bring back the warrior class -- Petraeus, McChrystal, Mattis, Keane, Flynn. ... Every one was retired early because they told President Obama things that he didnt want to hear.",FALSE
2737,"Says under his budget-repair bill, collective bargaining is fully intact.",FALSE
2741,Says President Obama was proposing pinprick strikes for military intervention in Syria.,FALSE
2742,Says there are no political prisoners in Cuba.,FALSE
2743,Says Illinois Democrat David Gill would end Medicare.,FALSE
2751,Says Texas has the most uninsured people of any state -- 6 million.,FALSE
2755,"Says EPA regulation of greenhouse gases will endanger 575 Texas dairy facilities, 58 swine operations, 1,300 corn farms and 28,000 beef cattle operations.",FALSE
2756,Facebook has unveiled new rules to stop their users from creatingposts related in any way to religion.,FALSE
2757,"The Democrats are very sly. (in New Hampshire) we have same day voter registration, and to be honest, when Massachusetts elections are not very close, theyre busing them in all over the place.",FALSE
2760,"Says Travis County Commissioner Gerald Daugherty claims to have taken a pay cut, but for 2016, he voted to raise his salary by 19.6 percent.",FALSE
2761,"The Employment Non-Discrimination Act discriminates against Christian daycare, Christian parents, Christian business owners, and the rights of religious freedom.",FALSE
2779,"Says that in her speech to the pro-Israel group AIPAC, Hillary Clinton had one line on the Palestinian people.",FALSE
2781,"In the 1980s, The lowest income people had the biggest gains.",FALSE
2783,"For every one job created under the Obama administration, 75 people went on food stamps.",FALSE
2784,"Says that after she declared her candidacy for Congress, the redistricting process was manipulated to allow incumbent politicians to guarantee their re-election.",FALSE
2788,Broward Countys unemployment rate of 5.3 percent is the lowest in Florida.,FALSE
2790,The Wisconsin Retirement System for public employees is a self-funded pension plan and its the money of the workers that funds it.,FALSE
2791,Ninety-five percent of the money used for union-operated worker training centers comes from employers.,FALSE
2793,"I helped pass what, if enacted, would be the largest tax cut in Texas history through the State Senate.",FALSE
2794,"Under Ryan plan,those 54 and younger would receive the same kind of healthcare options now enjoyed by members of Congress.",FALSE
2797,The administration has issued rules for $1 abortions in ObamaCare and requires all persons enrolled in insurance plans that include elective abortion coverage to pay an abortion premium.,FALSE
2798,Overwhelming Democrat and Republican votes in 2011 for legislation in two special sessions on jobs demonstrated the bipartisan nature of the Wisconsin Legislature.,FALSE
2799,Says Gov. Rick Perry has never held a private-sector job.,FALSE
2800,Says President Obama promised hed keep unemployment below 8 percent if the stimulus passed.,FALSE
2804,"With 320,000 net Ohio manufacturing jobs lost, (Sen. Rob) Portman calls NAFTA a proven success.",FALSE
2806,Illegal immigration costs state taxpayers over $3 billion every year.,FALSE
2807,"Says a liberal immigration reform group endorsed his GOP primary opponent, Dave Brat.",FALSE
2808,Welders make more money than philosophers.,FALSE
2810,Says Mike Dovilla supports a plan that could allow a foreign corporation to take over the Ohio Turnpike ,FALSE
2812,The Murray-Ryan deal is the first divided-government budget agreement since 1986.,FALSE
2813,The American people spoke pretty loudly. They said stop all the looming tax hikes....,FALSE
2814,"For the hour after the (Jan. 14) debate, Debra Medina was the No. 1 search on Google and for the remainder of that night No. 3.",FALSE
2819,After four years of a celebrity president 85% (of recent college grads are) moving back in with their parents.,FALSE
2820,Hispanic unemployment has been ticking down from an all-time high of 13.9 percent because of the policies weve implemented.,FALSE
2822,I was totally against the war in Iraq.,FALSE
2824,Says Suzanne Bonamici supports the $500 billion cut to Medicare passed last year.,FALSE
2825,Gas will reach $4 a gallon under a cap-and-trade plan.,FALSE
2826,Were losing as many people to heroin and opioid overdoses as we lost to the AIDS epidemic at its peak.,FALSE
2829,Says 25 percent of U.S. Muslims agreed that violence against Americans here in the United States is justified as a part of the global jihad.,FALSE
2830,"1928 was last time Republicans had the White House, the House and the Senate.",FALSE
2831,Hillary Clinton and Barack Obama want to raise taxes on all income brackets.,FALSE
2832,U.S. Sen. Saxby Chambliss votes more with Democrats than with conservatives.,FALSE
2834,Says the recall elections that aimed to remove him and other Republican officials from office cost tens of millions of dollars to run.,FALSE
2837,"On gift taking,Bob McDonnell took a fraction of what (Tim) Kaine took.",FALSE
2838,This is the first time since World War II that five nuclear-powered aircraft carriers were docked together.,FALSE
2840,"By voting to approve [Question 1], we can . . . save 900 jobs at Twin River.",FALSE
2841,There hasnt been a Republican in the legislature or the City Council in Providence in over 30 years.,FALSE
2844,The (economic stimulus) legislation could open billions of taxpayer dollars to left-wing groups like the Association of Community Organizations for Reform Now (ACORN).,FALSE
2845,Exposure to the electromagnetic fields from power lines has been associated with childhood leukemia and other diseases.,FALSE
2849,I never said that Marco Rubio was Mark Zuckerbergs personal senator.,FALSE
2850,The only two (Donald Trump tax returns) we have show that he hasnt paid a penny in taxes.,FALSE
2852,"If you're a small business and don't ""adopt the health care plan that Senator Obama mandates, he's going to fine you.""",FALSE
2853,Weve lost 26 million jobs since (Obamas) been president.,FALSE
2855,"I have cut taxes 63 times, including a 2006 property tax reduction that ranks as the largest in state history.",FALSE
2857,"New jobs numbers are in, and Wisconsin has fallen to dead last in Midwest job growth.",FALSE
2858,Under the Baucus bill ... federal funds would subsidize coverage of elective abortions.,FALSE
2860,Cap-and-trade is wildly unpopular with Americans.,FALSE
2862,Teachers were not involved in developing the Common Core State Standards.,FALSE
2863,"As a senator, Hillary Clinton paid women less than the men in her office.",FALSE
2864,Mark Warners record is one of acting against the Keystone XL pipeline.,FALSE
2865,This (parent trigger) legislation was drafted by President Obamas top advisers. It was drafted by President Clintons top advisers.,FALSE
2869,Toothpaste contains the poison substance of fluoride.,FALSE
2875,Says legislation supported by gay rights activists would strip mother and father from future Texas birth certificates.,FALSE
2876,Says Gerald Daugherty advocated lowering the penalty for crimes like strangulation in domestic violence cases because they just throw more people into the jail system.,FALSE
2877,"Mercury is used in vaccines, and there is no safe level of mercury.",FALSE
2881,Theres no wildlife in the Arctic National Wildlife Refuge.,FALSE
2883,I have fought for our shared values without being an ideologue or a partisan,FALSE
2885,On a cap-and-trade plan.,FALSE
2886,The left is blatantly attempting to disrupt Georgias elections.,FALSE
2889,Tampa Bay isleading the state in jobs creation.,FALSE
2891,Says Ted Cruz is a supporter of legalizing people that are in this country illegally and proposed giving them work permits.,FALSE
2893,On whether he wrote a provision that allowed AIG to dole out bonuses.,FALSE
2894,[The] ACLU and atheists in Denver are demanding the NFL stop [Tim Tebow] from praying on the sidelines.,FALSE
2896,"Wisconsin uses voting machines that are outlawed, they are illegal.",FALSE
2898,"Says uncompensated health care costs absorbed by Texas hospitals are adding $1,800 a year to Texas private insurance rates.",FALSE
2901,U.S. Rep. Debbie Wasserman Schultz has blamed the Republicans for the creation of Hamas.,FALSE
2902,"A report in Navy Times said that 7.3 percent of Army, Navy and Marines have thought about attempting suicide.",FALSE
2903,We cut property taxes by one-third in the state of Texas while Ive been governor.,FALSE
2906,"Increasing the min. wage to $15 an hour would reduce spending on food stamps, public housing and other programs by over $7.6 billion a year.",FALSE
2908,U.S. Rep. Allen West wants to bring back earmarks.,FALSE
2909,"Almost 1,000 people a day are moving to Florida because they are more free here than they are in some other states.",FALSE
2915,The McCain campaign is roughly in the position where Vice President Gore was running against President Bush one week before the election of 2000.,FALSE
2917,"Health care reform: Everything about it is going to raise costs, raise taxes and lower the quality of health care.",FALSE
2918,The city of San Antonio reuses almost 40 percent of its water. You know how much the city of Austin reuses? About 5 percent. And thats not right. We can do better.,FALSE
2919,"Since 1965, the United States has spent untold trillions yet the poverty rate hasnt budged.",FALSE
2921,New Jersey is the only state in the union that spent less on higher education than it did at the beginning of the decade.,FALSE
2924,"Says U.S. Rep. Ann McLane Kuster used $293,000 of taxpayer money to send campaign mail.",FALSE
2925,"Boccieri voted to spend a billion dollars an hour, every hour, for his first 50 days in office",FALSE
2930,"The Obama administration was actively supporting Al Qaeda in Iraq, the terrorist group that became the Islamic State.",FALSE
2931,Said Planned Parenthoods early objective was to help kill black babies before they came into the world.,FALSE
2936,Ken Mercer wants Sean Hannity and James Dobson included in social studies texts.,FALSE
2937,On the Trans-Pacific Partnership.,FALSE
2938,Says Charlie Crist could have expanded Medicaid after the health care law passed but didnt.,FALSE
2939,"Says that when Congressman (Steve) Cohen took office in 2007, the unemployment rate was at 4.8 percent. The unemployment rate in Shelby County has reached 9.7 percent.",FALSE
2943,Says that Sen. Sherrod Brown is out there egging on a lot of these protesters who are spitting on policemen and going to the bathroom on policemens cars at these protests on Wall Street and other places.,FALSE
2944,"President Obama pledged to go through the budget 'line by line,' but on his watch, non-defense spending has spiraled out of control, increasing by 67 percent in the last year alone.",FALSE
2945,Says Chuck Hagels nomination as defense secretary has been publicly celebrated by the Iranian government.,FALSE
2947,Says Texas is the only state that exempts jet fuel from its state motor fuels tax.,FALSE
2953,On reconciliation,FALSE
2955,Virginias current unemployment rate is the lowest in Virginia history.,FALSE
2957,"In Providence, R.I., its illegal to sell toothpaste and a toothbrush to the same customer on a Sunday.",FALSE
2960,"A new Colorado law literally allows residents to print ballots from their home computers, then encourages them to turn ballots over to collectors.",FALSE
2962,"Says state Rep. Patrick Rose votes 90 percent with liberals, backed the states largest tax increase, proposed nearly $15 billion in government spending and supported Obama-style government-run health care system for Texas.",FALSE
2963,"During the Eisenhower Administration, not a single soldier died in combat.",FALSE
2967,"California Senator, Democratic Senator Dianne Feinstein said if she could say to Mr. America and Mrs. America, Give me your guns, Im rounding em up, she would.",FALSE
2968,Says he has supported George Bush more than I have Barack Obama.,FALSE
2971,"By 2015, we will be sending so much interest to China that we will be paying for the entire Peoples Liberation Army.",FALSE
2972,Not even Tim Kaine is willing to say he trusts Hillary Clinton.,FALSE
2974,Says the U.S. Senate has passed a budget over the last three years called the Budget Control Act.,FALSE
2975,Medicare officials have treated Humana and AARP inconsistently on how they can communicate with seniors.,FALSE
2978,Rick Scott got a majority of the Hispanic vote in Florida.,FALSE
2981,"Obama would ""experiment with socialism.""",FALSE
2983,The Islamic State just built a hotel in Syria.,FALSE
2984,"In reality, there have been no problems whatsoever with the Texas voter ID law.",FALSE
2986,Justice John Roberts Signed Off On Obamas Arrest For Treason.,FALSE
2988,Ninety million Americans either arent working or arent looking for work.,FALSE
2992,"Because George Holding doesnt live in the congressional district hes running for, he doesnt experience the same things that we are all experiencing.",FALSE
2997,Says Maryellen OShaughnessy accepted campaign cash from indicted politician Jimmy Dimora.,FALSE
2999,The CEO of Goldman Sachs let his employees know that hed be just fine with either Bush or Clinton.,FALSE
3000,Republican leadership took the lead confirming Loretta Lynch as attorney general.,FALSE
3001,"Its bad enough that (Stephen) Silberkraus appeared in a sexual fetish film where women were kidnapped from their homes and forced to live naked in kennels and trained to be pets. But when Silberkraus isnt acting in films that degrade women, hes stalking them in his personal time.",FALSE
3002,"Says Hillary Clinton voted to raise taxes on workers earning as little as $41,500.",FALSE
3005,Schools in some states are spending up to 100 days a year doing test-prep or actual testing.,FALSE
3011,Georgia has a well-deserved reputation for setting the gold standard for food safety.,FALSE
3012,I asked the unions to pay into their own health care insurance ... and they said I was being unreasonable. I requested that they contribute toward their own pensions ... and they screamed it was unfair.,FALSE
3015,"If lawmakers fail to avert the fiscal cliff, 18 percent of the federal money that is sent to the states will be eliminated.",FALSE
3017,Says U.S. Rep. Paul Ryans budget proposal eliminates Medicare in 10 years.,FALSE
3018,Says there are fewer jobs in America today than when Barack Obama became president.,FALSE
3019,Says U.S. Senate candidate Cory Gardner blocked immigration reform and voted to deport our DREAMers.,FALSE
3020,Says PolitiFact validated and independently documented its criminal history claims about Adan Ballesteros.,FALSE
3022,About 800 people refused to get a drug screening because they are out there on drugs.,FALSE
3023,Says Mitt Romney asked for a waiver from federal welfare rules.,FALSE
3024,Says Tom Hughes supports paving over thousands of acres with over-development and sprawl.,FALSE
3025,Sen. Jack Reed cast the deciding vote in the Senate for the Affordable Care Act.,FALSE
3027,Bill White ...offered sanctuary to illegal immigrants.,FALSE
3028,Says the Clintons burst through their own self-pronounced guidelines by acceptingforeign donations.There is a clip of Bill Clinton saying were not going to take foreign donations.,FALSE
3029,"Overall we currently have $981 million, almost a billion dollars in active development projects right here in the City of Richmond.",FALSE
3031,China has made enormous progress in its human rights. That is a fact recognized by all the people in the world.,FALSE
3032,Says the states Medicaid waiver proposal has languished in a file cabinet at the Centers for Medicare and Medicaid Services for more than two years.,FALSE
3034,Not one illness has been reported from raw milk in Texas in more than four years. A total of six illnesses have occurred in the last 20 years.,FALSE
3037,Says Supreme Court Justice Sonia Sotomayor has animmigrant family background.,FALSE
3038,"Under the new Arizona immigration law, police can't stop someone to check their immigration status unless they think they see something illegal.",FALSE
3043,"Every time we raise the minimum wage, the number of jobless people increases.",FALSE
3048,"Congressman Jeff Denhamhas agreed all illegal immigrants should be detained, arrested and deported.",FALSE
3050,"As governor, Tim Kaine oversaw a huge increase in illegal immigration, a tremendous increase.",FALSE
3052,Virginias banning of felons from voting is a Jim Crow-era law.,FALSE
3053,Weve broken by millions the all-time record for votes in a GOP presidential primary election.,FALSE
3054,Only one out of 10 minimum wage workers today are teen age or a young person.,FALSE
3059,Says we are going to sell this house and use the proceeds to stabilize rates.,FALSE
3060,"Says 15,000 IRS employees have to be added to administer ObamaCare and look at the tax implications.",FALSE
3061,"As a senator, Hillary Clinton actually paid female staffers a lot less than men.",FALSE
3062,"According to recent reports, a group of death panels organized under Obamacare ordered their first execution.",FALSE
3068,Say easing restrictions on selling alcohol on Sundays will result in more traffic crashes and fatalities.,FALSE
3070,Right now the Tea Party polls higher than the Republicans and the Democrats.,FALSE
3074,"According to the CDC, 110 million Americans now have a sexually transmitted illness.",FALSE
3075,Says the former president of the Czech Republic said the American people were a confederacy of fools for electing Barack Obama.,FALSE
3077,Says President Obama is reducing our naval fleet to 1917 levels...,FALSE
3080,Its possible that non-citizen voters were responsible for Obamas 2008 victory in North Carolina.,FALSE
3083,"If you give guns to gangs, you can get out of jail free, if (Californias Proposition 57) passes. If you do a drive-by shooting, you can get out of jail free, if Proposition 57 passes. If you discharge guns on a school yard, you can get out of jail free.",FALSE
3084,Amanda Murphy has two vacation homes around the world.,FALSE
3086,"Gov. Nathan Deal has taken at least $15,600 from the (Koch brothers), their businesses, and their employees.",FALSE
3090,"The Democratic health care plan is a ""government takeover of our health programs.""",FALSE
3091,Says Scott Walker says he would ban stem cell research,FALSE
3095,"Statistically, law-enforcement officers die 10 years earlier than the general population.",FALSE
3100,Suicide comes from federal government largesse saying you are not worth anything but you are going to get something for nothing.,FALSE
3106,I have askedtheDivision of Emergency Management toreport directly to me.,FALSE
3108,The U.N. Arms Treatyinfringes upon our right to keep and bear arms.,FALSE
3109,Teachers will not be able to return to work after raising their children.,FALSE
3111,"The Jewish holiday Purim is ""their version of Halloween here.""",FALSE
3112,The fact that Rick Scott is running for governor as a 'reformer' would be funny if it wasn't so outrageous. This is a man who barely escaped imprisonment.,FALSE
3113,"Under Scott Walker, Wisconsin unemployments up from 4.8% to 6.2%",FALSE
3117,Says Target installed urinals in a womens bathroom to accommodate the ones who have giblets.,FALSE
3118,An anonymous e-mail says that Hillary Clinton advocates communism.,FALSE
3119,"Says CNNs Wolf Blitzer was wrong to say that the wealthiest Americans, they pay the most in taxes already -- 50 percent of Americans dont even pay any federal income tax.",FALSE
3123,"When (Ronald) Reagan came in, from 1978 to 1982, economic growth averaged less than 1 percent a year. Theres only one other four-year period where thats true. Thats true from 2008 to 2012.",FALSE
3125,The largest category of people coming into the technical schools in Wisconsin are people with four-year degrees.,FALSE
3126,Brazil got off oil in the last 30 years.,FALSE
3127,"Louisiana gets ""not one single penny"" from Gulf Coast offshore oil revenues.",FALSE
3129,"For the first time in U.S. history, a personal inaction will be deemed unlawful -- not purchasing a health-insurance plan",FALSE
3130,American colleges amount to a cartel.,FALSE
3132,Says he lived in a colonia while working as a farm worker.,FALSE
3134,"While President Obama says all options are on the table for preventing a nuclear Iran, Hagel says military action is not a viable, feasible, responsible option.",FALSE
3135,Bernie Sanderss plan is to raise your taxes to 90 percent.,FALSE
3141,"Every time you buy an airline ticket, the federal government runs a background check on you.",FALSE
3142,We will be the first party to elect a bald guy to governor.,FALSE
3143,"Says Robert Menendez is the king of raising money from Wall Street, over a million dollars, one of the leaders in the United States Senate. I havent raised any Wall Street money at all.",FALSE
3149,Bicycle ownership drops by half while obesity in Rhode Island rises by 154 percent,FALSE
3153,Says U.S. Rep. Connie Mack took seven and a half years to finish college.,FALSE
3154,Portland Schools spend $500K to deem PBJ sandwiches racist.,FALSE
3156,"Says he cured Charlie Sheen and the island of Comoros of HIV with milk from goats, which had arthritis.",FALSE
3158,Government employees make 43 percent more in wages and benefits than private-sector workers.,FALSE
3162,"Terry McAuliffe cashed in, walking away with millions from the demise of Global Crossing.",FALSE
3163,"Historically, the Social Security tax has been assessed on about 90% of U.S. income. Now it captures 83% because theres been such a growth of income among the highest earners.",FALSE
3164,Phoenix is the kidnapping capital of the Western Hemisphere.,FALSE
3165,Statistics show you are about nine times more likely to be assaulted by a taxi driver in Austin than a driver for a ride-hailing service.,FALSE
3168,Gov. Terry McAuliffe has made several statements that he would love to be in a Cabinet secretary position with the Clinton administration.,FALSE
3169,Very little of (the defense) budget less than 10 percent actually goes into fighting ISIS and international terrorism.,FALSE
3176,Independent groups behind ads attacking Democratic candidates are front groups for foreign-controlled companies.,FALSE
3177,Says Donald Trump supports an agenda out there to privatize the Veterans Affairshealth care system.,FALSE
3179,There are places in America that are among the most dangerous in the world. You go to places like Oakland. Or Ferguson. The crime numbers are worse. Seriously.,FALSE
3181,Congressman McCollum voted to dismantle Social Security.,FALSE
3182,Bush's tax cuts for high earners have been the biggest contributor to the budget deficit.,FALSE
3183,President Obamas lawsuit claims it is unconstitutional for Ohio to allow servicemen and women extended early voting privileges during the states early voting period.,FALSE
3184,"All of the records, as far as I know, about what we did with health care, those are already available.",FALSE
3186,Says the mandate is 71 times that a childs body will be injected with a disease for immunizations.,FALSE
3189,"Under Gov. Scott Walker, Wisconsin projected a $1 billion (budget) surplus and it turns out to be a deficit of $2.2 billion.",FALSE
3191,Annexation would lead to overcrowding at Decaturs city schools.,FALSE
3194,On fundraising for super PACs,FALSE
3195,I am the only candidate who ran in either the Democratic or the Republican primary who said from the very beginning (that) I will not raise taxes on the middle class.,FALSE
3198,"Tells David Cicilline, 94 percent of the carbon emissions which you so want to get rid of are caused by nature.",FALSE
3199,Sen. Barbara Boxer voted against immigration reform to permit (Hispanic immigrants) people to come here legally to work.,FALSE
3200,Senator Obama has the most liberal voting record in the United States Senate.,FALSE
3202,The only growth sector that weve had in the last two years in America is government growth.,FALSE
3206,"As has been noted by many observers, including Bill Clinton's former secretary of labor, my plan does more than anybody to reduce costs.",FALSE
3209,Its coming. Nobody can stop this train.,FALSE
3210,"On average, each U.S. military working dog saves the lives of between 150 and 200 servicemen and women over the span of his career.",FALSE
3217,"Ive gotten to see the commercials that they did on you. And Ive gotten to see some of the most vicious commercials Ive ever seen of Michelle Obama talking about you, Hillary.",FALSE
3219,More 25- to 34-year-olds are moving to Austin than any other city in America.,FALSE
3224,We have not taken away any rights that have currently existed in any city in North Carolina with the passage of HB2.,FALSE
3227,Says Ron Wyden spent $2 million to study exotic ants.,FALSE
3229,"For a young man or woman who is entering the ninth grade in Newark this year, they have a 29 percent graduation rate.",FALSE
3233,"Because the EPA closed a lead smelter in Missouri, all lead for bullets will have to come from overseas!",FALSE
3234,"Ken Hodges badly botched this investigation and, as a result, justice wasnt done in this case.",FALSE
3235,"Donald Trump and Hillary Clinton and Bernie Sanders have the identical position on health care, which is they want to put the government in charge of you and your doctor.",FALSE
3240,"You have 200,000 to 400,000 military veterans on the street in this country on any given day.",FALSE
3241,The New York Times writes this long story about Donald Trumps tax returns but didnt point out there was no wrongdoing until paragraph 18.,FALSE
3244,The academic achievements of our student-athletes are mentioned in the same breath and spirit as Notre Dame and Stanford.,FALSE
3248,"An amazing 5,400 jobs were lost in the first 12 months of the (smoking) bans implementation in Ohios hospitality industry alone.",FALSE
3249,"Says Mexico doesnt have birthright citizenship, and Americans are the only ones to have it.",FALSE
3252,Richmond is the most vegan-friendly city.,FALSE
3255,President Obama has never received a paycheck from a profitmaking business in his entire life.,FALSE
3256,Wendy Davis opposes any limits on abortion.,FALSE
3257,"Thats legal: If you find out about somebody elses salary even if youre doing exactly the same job, you can be retaliated against, including being fired, in most places.",FALSE
3259,The president released all of the oil from the Strategic Oil Reserve.,FALSE
3261,"If President Obama signs the Copenhagen climate change treaty, he ""will sign your freedom, your democracy, and your prosperity away forever and neither you nor any subsequent government you may elect would have any power whatsoever to take it back again.""",FALSE
3262,"If Congress fails to act, the Obama administration intends to give away control of the internet to an international body akin to the United Nations.",FALSE
3263,Labor union president Andy Stern is the most frequent visitor at the White House.,FALSE
3264,The U.S. has over $62 trillion in unfunded liabilities.,FALSE
3269,On a cap-and-trade plan.,FALSE
3271,"Two years ago, the longest serving leader of the California republic, Jerry Brown, boldly declared in China that California is a separate nation.",FALSE
3272,"By voting for Obamacare, Sen. Kay Hagan voted to kill the equivalent of 2.5 million jobs.",FALSE
3273,"The Keystone oil pipeline would employ 20,000 people in the United States.",FALSE
3274,How is a misogynist bigot of epic proportions (like U.S. Rep. Steven Smith) allowed to serve?,FALSE
3275,"Barack Obama, right now, No. 1, over seven years has dramatically degraded our military.",FALSE
3276,"Says the Club for Growth tries to defeat Republicans, and that its president called Nancy Pelosi the person I respect the most in Washington.",FALSE
3277,I argued for years that we need to move from a 'Musharraf policy' to a 'Pakistan policy.' ,FALSE
3279,Joe Garcia raised utility rates on families.,FALSE
3285,"I watched in Jersey City, N.J., where thousands and thousands of people were cheering as the World Trade Center collapsed.",FALSE
3290,Says Bill White is refusing to debate.,FALSE
3295,"Without Westside MAX, wed need to add 2.9 lanes to the Sunset Highway.",FALSE
3296,"Elena Kagan is a New York City radical, Marxist lawyer through and through.",FALSE
3298,Says there were over 600 reports of Texas votes for Donald Trump in the states 2016 Republican primary virtually all getting tallied for Marco Rubio.,FALSE
3299,Wendy Davis has already taken more $ from teacher unions than the past 3 Democrat gubernatorial candidates combined.,FALSE
3300,A proposed immigration bill will bankrupt Georgia if passed.,FALSE
3301,Says large majority of Republicans believe Obama is a Muslim and not U.S.-born.,FALSE
3303,The Washington D.C.-area never has a recession.,FALSE
3304,"Says that when Michelle Fields found out that there was a security camera, and that they had her on tape, all of a sudden that story changed.",FALSE
3306,"Says McCain ""voted to let governments charge rape victims"" for forensic exams.",FALSE
3307,"No Republicans voted for recent hikes in the income tax, payroll tax, capital gains tax, dividend tax and estate tax. These taxes were all passed under Obamacare.",FALSE
3308,"When Trump wanted to turn a taxpayer-owned building into an $800 anight hotel, (Congressman Jeff Denham, R-CA) helped broker the deal and bragged about it.",FALSE
3309,Says Chris Abele has had five years and hes done nothing about the Estabrook Dam.,FALSE
3310,Community banks are being destroyed by Dodd-Frank.,FALSE
3311,"In New York City, an entry level janitor gets paid twice as much as an entry level teacher.",FALSE
3317,Africa is spending the highest percentage of their GDP on education of any part of the world.,FALSE
3318,Recent studies have confirmed that any academic benefits of government funded preschool disappear by the fourth grade.,FALSE
3325,We have more hospitals that are childrens hospitals than any other state in the union. ,FALSE
3327,Says former U.S. Rep. Carol Shea-Porter refused to host town hall meetings during her time in Congress.,FALSE
3329,On calling Supreme Court nominee Sonia Sotomayor a racist.,FALSE
3332,On the use of presidentially appointed commissions.,FALSE
3333,"Marco Rubio is a ""Miami lobbyist.""",FALSE
3335,Mitchell International Airport is the the third busiest airport in the world and the number one busiest in the country.,FALSE
3339,I never considered myself a maverick.,FALSE
3340,Mitt Romney says the Arizona immigration law should be a model for the nation.,FALSE
3342,Floridas economy became a bad economy ... because of a huge spike in oil prices in the summer of 2008.,FALSE
3344,Recommendations for a major tax overhaul for Georgia are an overall tax hike.,FALSE
3345,The government -- not the armed forces -- is stockpiling hundreds of millions of rounds of ammunition for domestic use.,FALSE
3348,Employees in workplace freedom states make more money,FALSE
3349,Do this research watch how much crime picks up if you take away [football].,FALSE
3350,The five Guantanamo detainees swapped for Bowe Bergdahl are back on the battlefield.,FALSE
3352,Martin Luther King Jr. was a Republican.,FALSE
3357,Alaskas Prince William Sound is pristine now.,FALSE
3359,"While Americans pray for Paris, the government has acted on mandatory national vaccinations.",FALSE
3360,Every (personhood) bill Ive ever support has either had language that says were conforming to the constitutional rulings of the Supreme Court or something to that effect.,FALSE
3374,"If the state turns down money for high-speed rail, it will kill nearly 10,000 permanent Wisconsin jobs.",FALSE
3375,Says Pat Toomey visited Joe Sestak and other veterans in 2002 and then came home and voted against every veterans appropriations bill.,FALSE
3376,Says North Carolina Republican Senate candidate Thom Tillis called Obamacare a great idea.,FALSE
3378,"In Oregon, 12,808 people were arrested for marijuana-related crimes in 2012.",FALSE
3383,"Said U.S. Rep. Jim Marshall, D-Macon, sent nearly $2 billion overseas to build wind turbines and create jobs, mostly in China",FALSE
3386,Says New York has bureaucrats telling you whether you can even drink a Big Gulp.,FALSE
3387,The wealth gap between blacks and whites in the United States is greater than the black-white wealth gap was in apartheid South Africa.,FALSE
3388,"Chris Christie cut equal pay for women, calling it senseless bureaucracy.",FALSE
3389,"According to a recent Congressional Budget Office report, under Obamacare, 7 million people will lose their employer-sponsored insurance.",FALSE
3393,A member of the redistricting commission proposed in Issue 2 could accept a bribe from somebody and couldnt be removed from this commission.,FALSE
3398,Social Security is a Ponzi scheme.,FALSE
3400,"In 2011, texting surpassed alcohol as the leading contributing factor in teen driving deaths.",FALSE
3401,"The vast majority of (Syrian) refugees are young, able-bodied men looking for work.",FALSE
3403,Rick Scott increased tuition at our state colleges and universities by double digits.,FALSE
3404,Our men and women of the Guard have been forced to contact food banks to feed themselves.,FALSE
3406,The non-profit groupFeeding America is lying when it claimsthat one in five kids is fighting starvation daily in the United States.,FALSE
3407,"Up until two weeks ago, John McCain was a leading proponent of amnesty. Now with me challenging him, suddenly he has changed.",FALSE
3408,"An image of nine white, blondwomen shows the amazing diversity of Fox News anchors.",FALSE
3409,"The Medicare proposal by Rep. Paul Ryan, R-Wis., would allow insurance companies to deny you coverage and drop you for pre-existing conditions.",FALSE
3411,Michelle Obama ordered $400 worth of lobster and caviar at a New York hotel.,FALSE
3413,"When I came into office, our vaccination rate in Texas was 65 percent. When I left two weeks ago, it was 95 percent.",FALSE
3416,Women who have miscarriages could be investigated by police under legislation supported by Republican state Senate candidate Rick Gudex.,FALSE
3418,On restoring voting rights to non-violent felons.,FALSE
3419,"President Obama ""doesn't ... want to admit we're at war.""",FALSE
3421,Says stories about his birth certificate drowned out media coverage of the Republican and White House budget plans the week of April 11.,FALSE
3425,Says Texas Senate hopeful Donna Campbell doesnt live in the district shes hoping to win in 2012.,FALSE
3428,"Says Gov. Scott Walker has led people to believe that if Wisconsin doesnt implement a (health-care) exchange, Obamacare doesnt happen here.",FALSE
3430,Says Dow Chemical decided to build a plant in Saudi Arabia rather than Oklahoma due to the impact of environmental regulations on the supply of natural gas.,FALSE
3432,"The head of the IRS ordered 24,000 emails erased before Congress could review them, making sure the American people will never know the real truth.",FALSE
3433,Says in Newark were paying 80 percent of the school budget from local property taxes.,FALSE
3435,Says she created the first felony deferred prosecution program for nonviolent first-offenders in Texas.,FALSE
3436,"Says when an interviewer asked Donald Trump if he treats women with respect, Trump replied, I cant say that.",FALSE
3441,Says Newt Gingrich has said that we should make the 11 million illegal workers that are in this country legal.,FALSE
3444,Says a national Coca-Cola study showed Texans love Texas more than residents of any other state love their state; Wisconsinites ranked second.,FALSE
3445,"Obama ""only wants your children to have health insurance.""",FALSE
3447,Says the federal government is earning more tax revenue now than any other time.,FALSE
3448,The United States was not one of 16 countries where David Perdue said in his Pillowtex deposition that he created jobs.,FALSE
3451,Says Josh Mandel opposed federal loans to the auto industry.,FALSE
3453,A substantial number of probationers participating in a pilot project to ease the farm labor shortage are able to finish the work.,FALSE
3454,Says the Simpson-Bowles deficit reduction proposal urged raising $2 trillion in new revenue.,FALSE
3455,"The high-speed rail project would create 60,000-plus jobs for Floridians.",FALSE
3458,"So far in 2015, there have been more mass shootings than days.",FALSE
3460,"Nothing was done. I mean, $25 million was spent, but we dont have that (gun ownership)database.",FALSE
3462,Says he has a track record of not raising taxes.,FALSE
3467,"Here, we have Thanksgiving, we have Christmas, we have the 4th of July. Every year in Iran, they celebrate Death to America day.",FALSE
3470,Says President Barack Obama delivered $2 billion to Brazil to help with offshore drilling projects.,FALSE
3472,One. Thats the number of new drilling permits under the Obama administration since they came into office.,FALSE
3473,We just had someone last week in Neenah near a school kill someone with a bow and arrow.,FALSE
3474,"The Obama administration offered $900 million to Hamas, a recognized terrorist organization, to rebuild Gaza.",FALSE
3475,Says Wisconsin Gov. Scott Walker is making voting more difficult by closing Department of Motor Vehicles offices where low-income voters live.,FALSE
3478,"(Big banks) have invested over $300,000 in (Joe Heck), and Heck has sponsored $44 million dollars in tax breaks for banks.",FALSE
3479,"The alternative to higher state worker pension and health care payments is to look at 1,500 layoffs of state employees or close to 200,000 children who would be bumped off Medicaid-related programs.",FALSE
3490,Says Democratic state Sen. Jim Holperin voted against a property tax freeze in 2009 and then voted for a $1.5 billion property tax hike.,FALSE
3494,On high-speed rail.,FALSE
3498,"Bill OBriens Tea Party legislature tried to repeal kindergarten and compulsory education, defund Planned Parenthood and eliminate insurance coverage for birth control.",FALSE
3499,Says Proposition 205 blocks market entry for new marijuana dispensaries.,FALSE
3500,"This is the same (farm) bill we voted on a few weeks ago, with the exception of one or two sentences.",FALSE
3502,We refused to balance the budget on the backs of our children.,FALSE
3504,"When Chuck Schumer and Marco Rubio tried to push amnesty, it was Ted Cruz who stopped them.",FALSE
3505,"Hillary Clinton has already said shes going to wipe out the Second Amendment. She doesnt believe in the First Amendment. And, she also believes in big government, which flies in the face of the 10th Amendment",FALSE
3508,Says Hillary Clinton shows up in Broward County and had a private meeting with elections supervisor Brenda Snipes.,FALSE
3509,Voter fraud provided a portion of the margin of victory of Democrat John Lehman over Republican Sen. Van Wanggaard in a state Senate recall election.,FALSE
3516,"The Massachusetts health care plan dealt with 8 percent of our population, far less than the 100 percent of American people affected by President Barack Obamas health care law.",FALSE
3517,Georgias illegal immigration crackdown laws should be called the Brown Codes because of their similarity to the Black Codes governing blacks after the Civil War.,FALSE
3520,Says his comment about extremists being a JV team wasnt specifically referring to Islamic State.,FALSE
3522,"NAFTA, signed by Bill Clinton, has been a disaster for Pennsylvania.",FALSE
3523,Social Security has not contributed to the debt and the deficits.,FALSE
3525,Texas is one of only a handful of states that does not have an equal pay law.,FALSE
3526,Says Charlie Crists campaign bashedSen. Bill Nelsons big-government solutions.,FALSE
3531,"Says Tommy Thompson favors Obamas health care mandate, was publicly thanked by Obama for health reform support and that Thompson says we cant repeal Obamacare.",FALSE
3536,There was serious voter fraud in New Hampshire.,FALSE
3544,Says the Democratic Party createda debate schedule to maximize the opportunity for voters to see our candidates.,FALSE
3549,Says Gov. Rick Scott is spending a quarter of a million of our tax dollars to robocall people.,FALSE
3551,"On allowing abortion in cases of rape or incest, I have never said that or advocated that.",FALSE
3558,"Spending on welfare, on prisons, and education, all of those have dropped by hundreds of millions of dollars because of Arizonas immigration laws that drove outundocumented immigrants.",FALSE
3559,"Over the last 20 years, the world has changed. It used to be that one could make a career out of working for one company. Today, the average worker stays at his or her job for barely four years.",FALSE
3560,We gave every public employee in the state the freedom to choose whether or not they want to be in a union.,FALSE
3561,Scott Walker raises nearly 70 percent of his money from out of state,FALSE
3562,David Simpson actually voted for drivers licenses for illegal immigrants.,FALSE
3563,Saysproposal to boostteacherpension fundputs no mandate on local government.,FALSE
3564,"Says after Hillary Clinton helped a man accused of raping a 12-year-old, shes seen laughing on two separate occasions, laughing at the girl who was raped.",FALSE
3565,Says Gov. Scott Walker said no to equal pay for equal work for women.,FALSE
3567,We werent told they wanted more security for diplomatic facilities in Libya.,FALSE
3568,Says Hillary Clinton spent 30 days in the hospital in 2012 and appeared wearing glasses that are only for people who have traumatic brain injury.,FALSE
3570,"In Houston, Texas, today, there are no homeless veterans.",FALSE
3571,Says the City of Portland alone has 84 public relation representatives on payroll which cost taxpayers over $6.2 million (a year).,FALSE
3573,Charlie Crists personal approval numbers are plummeting.,FALSE
3577,Says Saddam Hussein had a 10-year relationship with al-Qaida.,FALSE
3578,Congresswoman Frederica Wilson successfully postpones closure of the North Perry airport tower.,FALSE
3579,"Every day, about 100 people will be arrested for possession of marijuana in Georgia.",FALSE
3581,"Just like Hillary Clinton, Russ Feingold had a run-in with corruption and scandal by using a personal slush fund -- a.k.a. the Feingold Foundation -- while plotting another run for U.S. Senate.",FALSE
3586,Says the media created the term polar vortex and the cold air proves the ice isnt melting.,FALSE
3587,"New Jersey today has fewer employees in state government than it had when Christie Whitman left office in January of 2001, and I think thats good. And we did it without any layoffs. We did it through attrition.",FALSE
3591,The American slave trade caused 5 million deaths or more.,FALSE
3592,"Last week, the Supreme Court reversed a century of law that I believe will open the floodgates for special interests including foreign corporations to spend without limit in our elections.",FALSE
3595,"I'm predicting (the Saints) will go not only undefeated, but all the way through the Super Bowl -- something that's never been done before.",FALSE
3600,The health care numbers are going up.,FALSE
3605,"20,000 Kansans lost their health insurance because of (Obamacare).",FALSE
3606,"Once the U.S. government signs a U.N. treaty on conventional arms, ""all U.S. citizens will be subject to those gun laws created by foreign governments.""",FALSE
3608,Warren Buffett recently said Scrap Obamacare and Start All Over.,FALSE
3609,"When Georgia tightened its voter identification laws, the state sent a van and photographer to the homes of people who needed photo IDs and made them for free.",FALSE
3611,Says Jeanne Shaheen voted to pave the way for a new national energy tax.,FALSE
3612,"Since Obamacare became law, most of our new jobs have been part-time jobs.",FALSE
3614,We have killed lots of innocent people in the state of Texas.,FALSE
3616,"Of every three dollars in food stamps for the needy, seven dollars in salaries and pensions (go to) the bureaucrats who are supposed to be taking care of the poor.",FALSE
3617,"Former Alaska Governor Sarah Palin was right that President Barack Obamas health care bill created what would, in effect, be death panels.",FALSE
3618,Bill McCollum has accepted thousands from lobbyists for Planned Parenthood.,FALSE
3619,"Cap and trade legislation that Zack Space supported would cost the average household approximately $1,761 per year in increased energy rates.",FALSE
3620,The Declaration of Independence was written on paper made out of hemp.,FALSE
3621,Jason Carters plan: increase spending by $12.5 billion.,FALSE
3622,"Dan Seals has been running for office since before there were, like, iPods.",FALSE
3624,Women earn only 77 cents for every dollar earned by men in the same position.,FALSE
3625,The Miami Dolphins are the only NFL team in the entire nation that pays property taxes.,FALSE
3626,Says Texas legislators in 2011 increased state spending on education.,FALSE
3632,There is debate among constitutional scholars about whether the First Amendment will continue to protect faith leaders from being forced to perform marriages against their religious beliefs.,FALSE
3634,The head of the FBI has told Congress they cannot vet those (Syrian) refugees.,FALSE
3635,[Eighty-five percent] of the funds collected in each county will be redistributed elsewhere -- not spent in the county in which it is collected.,FALSE
3637,Say the ratio of CEO pay to average worker pay in the U.S. is 475 to 1.,FALSE
3639,"More than 100,000 women in Texas have attempted to self-induce abortion in the past year alone.",FALSE
3641,The platform of the Republican Party says deport everybody and to hell with it.,FALSE
3643,14 percent of noncitizens are registered to vote.,FALSE
3644,Redskins is used historically as a term of respect.,FALSE
3650,Says Milwaukee County Executive Chris Abele is a billionaire.,FALSE
3653,State employees will have to pay 100 percent of their pensions and health insurance after 2012.,FALSE
3656,Says a pro-Democratic ad is false for saying that he allowed two disgraced staffers in 2012 to resign.,FALSE
3658,"Says U.S. Rep. Sean Duffy is among seven Tea Party freshmen who spent an average of $15,000 on cars for themselves.",FALSE
3659,On advancing state money for a Formula One race,FALSE
3661,They talk about this problem with binding arbitration. It doesnt make a lot of sense to me to have somebody from Los Angeles fly into Zanesville and impose a wage settlement on you ... and then theyre on the plane back to Los Angeles.,FALSE
3662,"In 1916, the U.S. government predicted that by the 1940s all paper would come from hemp and that no more trees would need to be cut down.",FALSE
3666,On changing the rules for filibusters on presidential nominees,FALSE
3668,"(Mary) Burke was a senior member of the Doyle administration that left Wisconsin with 130,000 fewer jobs.",FALSE
3672,Senate immigration legislation is the Obama-Reid plan to give illegal immigrants amnesty.,FALSE
3674,"Says Romney tax plan could take away middle-class deductions for child care, mortgages and college tuition.",FALSE
3677,Tea Party Congressman Frank Guinta voted for billions in cuts to veterans programs.,FALSE
3678,"Says Hillary Clinton wrote,I believe the primary role of the state is to teach, train and raise children. Parents have a secondary role.",FALSE
3679,"Since 1978, California has spent $5 billion to put 13 people to death.",FALSE
3685,The Paul Ryan budget proposal would leave the country without Medicare.,FALSE
3686,A national organization says Georgia has one of Americas toughest ethics laws.,FALSE
3692,Human activity is not causing these dramatic changes to our climate.,FALSE
3694,"About 750,000 people die in China each year from auto emissions.",FALSE
3696,"In three days last week, (Gov. Rick) Perry flew to five cities at taxpayers expense, holding press conferences, delivering $2,325,000 in checks.",FALSE
3699,Mary Landrieu voted to take away your gun rights.,FALSE
3704,Says President Barack Obama has an Environmental Protection Agency proposal that would raise the price of gasoline by 25 cents a gallon.,FALSE
3705,Appalachian Power Company is making record profits.,FALSE
3707,"According to The Book of Revelations the anti-christ ... will be a man, in his 40s, of MUSLIM descent ... is it OBAMA??",FALSE
3708,The Texas Constitution still contains Jim Crow provisions about the poll tax and restrictions on women having the right to vote.,FALSE
3712,Says President Bill Clinton did not sign NAFTA.,FALSE
3716,"Health reform will ""give every American the same opportunity"" to buy health insurance the way members of Congress do.",FALSE
3718,The Free Flow of Information Act of 2009 would guarantee Barack Obama will never be held accountable for producing forged birth documents.,FALSE
3719,Wisconsin ranks 48th out of all 50 states in venture capital investment.,FALSE
3720,"The CDC is spending money on things like jazzercise, urban gardening and massage therapy that could be redirected to Ebola.",FALSE
3730,"Six years after unionization, 20,000 fewer children in Illinois were being served by the Child Care and Development Fund program.",FALSE
3735,Common Core expects English teachers to spend at least half of their reading instructional time at every grade level on informational texts.,FALSE
3736,"If they made no changes whatsoever, the [state employees pension] plan still had enough money to go forward for approximately the next 16 years.",FALSE
3737,Says its an old wives story that Margaret Thatcher told George H.W. Bush not to go wobbly.,FALSE
3738,"Oil companies ""haven't touched"" 68 million acres where they already have rights to drill.",FALSE
3739,Says President Barack Obama failed to stand up for the bipartisan debt solutions of the Simpson-Bowles Commission.,FALSE
3740,"Phoenix, Arizona, Im told, is now the No. 2 kidnapping capital in the world, right behind Mexico City.",FALSE
3741,Congresswoman Kathy Castor voted to spend $2.6 million to teach prostitutes in China to drink responsibly.,FALSE
3744,"As a percentage of gross domestic product, we are reducing nondefense discretionary spending to its lowest level since the '60s, lower than it was under Reagan, lower than it was under Clinton, lower than it was under Bush, or both Bushes.",FALSE
3748,"Says Ron Johnson is benefiting from several super PACs, I am not.",FALSE
3750,I didnt raise taxes once.,FALSE
3752,"Says the health care law rations care, like systems in Canada and Great Britain.",FALSE
3753,Oregon is spending $10 million advertising Obamacare with ads that dont even mention the program and how to enroll in it and that dont mention the word insurance.,FALSE
3754,"Says the Treasury Department says 41 percent of all business income reported on individual returns would be hit by the [millionaires] surtax that would harm small businessmen and women, the very people we are counting on to create new jobs.",FALSE
3755,"I led the fight to require the Coast Guard to buy their engines from us, not foreign companies.",FALSE
3756,"On Sandra Day O'Connor: ""I think one reason she was a good judge is she had no judicial experience"" before she joined the Supreme Court.",FALSE
3757,Says PolitiFact says Amendment 4 will force counties and cities across Florida to raise taxes and fees.,FALSE
3760,Says U.S. Rep. Steve Southerland voted himself health care for life.,FALSE
3761,A proposed San Antonio ordinance will allow men into womens restrooms in the city.,FALSE
3762,John Cornyn backed his pal David Dewhurst for the U.S. Senate over Ted Cruz.,FALSE
3763,"Since 1999, 440 people have been killed in attacks on church property in the United States.",FALSE
3764,Says Scott Walker runs a state government that bans employees from talking about climate change.,FALSE
3766,We could cut unemployment in half simply by reclaiming the jobs taken by illegal workers.,FALSE
3770,"As a result of Obamacare, we are becoming something of a part-time employment country.",FALSE
3771,"Oregon Rep. Tina Kotek, D-Portland, has never held a job nor run a business",FALSE
3776,"Social Security was advocated in the 1930s as a way of getting people to quit working, because they thought we were confined to a permanent scarcity of jobs in this country.",FALSE
3777,I didn't say it doesn't really matter whether Gore or Bush is president.,FALSE
3782,I finished the controversyabout wherePresident Barack Obama was born.,FALSE
3783,"There is no $30 million pot of money for redistricting issues, including defending redistricting lawsuits. Your tax dollars are not being spent on anything like that.",FALSE
3784,"Georgia has had 12 school shootings in the two years since the mass killing at Sandy Hook Elementary School, more than any other state.",FALSE
3786,David Perdue opposes laws that provide equal pay protections for women.,FALSE
3790,"We had an agreement that the president could have signed that would have kept 10,000 troops in Iraq.",FALSE
3791,We dont show people playing these games. We dont show them winning playing the video lottery games.,FALSE
3793,"The states tax burden has, according to census figures released today, cost our state another 190,000 residents in 2009.",FALSE
3794,Nonpartisan government analysts say Obamacare will cost our economy up to 2.5 million jobs.,FALSE
3799,Says Ken Cuccinelli supported a law that could allow people to carry missile launchers into airports.,FALSE
3802,"Ted Strickland stands in lockstep with Hillary Clinton and the abortion lobby in their desire to force Americans to pay for abortion on demand, up until the moment of birth, with their taxpayer dollars.",FALSE
3805,Far more children died last year drowning in their bathtubs than were killed accidentally by guns.,FALSE
3807,House Republicans required the use of Styrofoam cups in House cafeterias that are part of Koch Industries.,FALSE
3808,"ISIS is right now crucifying Christians in Iraq, literally nailing Christians to trees.",FALSE
3813,Richmond teachers have not gotten a raise for almost 10 years.,FALSE
3818,"25,000 businesses have been created since (Scott) Walker took office.",FALSE
3820,On the importance of an independent voting record,FALSE
3823,"Americas gun-related homicide rate would be about the same as Belgiums if you left out California, Illinois, D.C. and New Jersey, places with some of the strictest gun control laws in the U.S.",FALSE
3825,"Says military commanders have said that if Donald Trump were elected, they would not follow his orders.",FALSE
3827,Former President George W. Bush and former Vice President Dick Cheney are unable to visit Europe due to outstanding warrants.,FALSE
3828,Michelle Nunn ranks agriculture issues as the 18th most important items facing Georgia.,FALSE
3831,"In the 100 days since its passage, the economic stimulus has ""saved or created nearly 150,000 jobs.""",FALSE
3832,Says Texas retained the right to have a navy when it joined the United States.,FALSE
3834,"Says Ted Cruz said: While there may have been an age difference, Josh Duggars transgressions are far less an affront to God than what gays do to each other.",FALSE
3835,"The WIC program is an incredibly cost effective program, serving nearly 10 million Americans each year and costing less than $100 per person. In my district, more than 18 percent of residents suffer from food insecurity and depend on WIC to make ends meet.",FALSE
3838,Says Barack Obama counted on Sandy Adams to approve stimulus spending.,FALSE
3839,"Says Rep. Betty Sutton supports allowing welfare fund withdrawals from strip clubs, casinos and liquor stores.",FALSE
3845,"Documents released by Edward Snowden reveal that American, Britishand Israeli intelligence agencies worked together to create the Islamic State.",FALSE
3847,"With his proposal to cut income and property taxes, Scott Walker is increasing the state deficit at a time when borrowing is already at record levels.",FALSE
3848,ISIS is making millions of dollars a week selling Libyan oil.,FALSE
3852,"Patrick Murphy voted for Obamacare in 2010, yet he reversed himself and voted to delay the employer mandate and the individual mandate.",FALSE
3858,"You and I know that in the history of mankind and womankind, government federal, state, local, or otherwise has never created one job.",FALSE
3861,"Under my platform, I will make no changes to the current (Medicare) system for current retirees and anyone approaching retirement.",FALSE
3862,The Greenest County in America.,FALSE
3863,"Says El Paso was named Americas Safest Large City a year after San Antonio, Houston and Dallas had the nations highest crime rates.",FALSE
3867,We are taking Virginias investment in public education to the highest level in the commonwealths history.,FALSE
3869,"Over the last four years, the deficit has gone up, but 90 percent of that is as a consequence of President George W. Bushs policies and the recession.",FALSE
3873,"We are looking at 150,000 barrels (of oil) per day less next year, and 200,000 barrels per day less being able to be developed from the gulf the year after because of the moratorium on new drilling enacted by the Obama administration.",FALSE
3877,Pres. Obamas finance team is recommending a . . . 1% tax on all transactions at any financial institution.,FALSE
3878,Says a new national poll shows the majority of the American people believe we should have a gold standard for U.S. currency.,FALSE
3880,Even our nuclear arsenal doesnt work. It came out recently they have equipment that is 30 years old. They dont know if it worked.,FALSE
3881,"If you log into the governments Cash for Clunkers Web site (cars.gov) from your home computer, the government can seize all of your personal and private information, and track your computer activity.",FALSE
3883,"In 2009, the state Legislature passed more than $5 billion in tax increases.",FALSE
3885,Right now were the highest taxed country in the world.,FALSE
3887,"Todd Staples recently tried to woo his supporters and right-wing base by suggesting the Agriculture Commission cut programs intended to feed the elderly and disabled, many of whom are veterans.",FALSE
3890,George W. Bush was the least popular president in modern history.,FALSE
3891,"Says Harry Reid, when asked about the Republican field, said the Republican he likes the best is Donald Trump, and he said, because I can work with him. Hell cut deals.",FALSE
3893,The Green Bay Packers are a socialist organization.,FALSE
3895,"Economic inequality in Multnomah County has a face -- and a name. It has 90,000 faces and names -- the number of county residents who are still unemployed, or underemployed, in the wake of the 2008 Wall Street crash.",FALSE
3902,Obama Announces Plans For A Third Term Presidential Run,FALSE
3903,A hidden provision in the health care law taxes sporting goods as medical devices.,FALSE
3906,The Georgia Regional Transportation Authority concluded that light rail in Cobb County would more than double commute time and would therefore be unsuccessful in alleviating traffic congestion.,FALSE
3908,I have not said that I was a single-payer supporter.,FALSE
3913,Says President Barack Obama built this $16 trillion debt.,FALSE
3914,The IRS is going to be in charge of our health care.,FALSE
3917,Says Obama is only president in history who has deliberately removed the words endowed by their Creator when referring to the Declaration of Independence.,FALSE
3919,"The price tag amounted to nearly $4,200 for every man, woman and child in the state.",FALSE
3920,John McCain wants to privatize Social Security.,FALSE
3923,Says Donald Trumps presidential victory was an electoral landslide.,FALSE
3925,"In FY 2014 Planned Parenthood performed 327,653 abortions while receiving $528 million from taxpayers, in violation of the Hyde amendment.",FALSE
3926,Says the University of Wisconsin football program is spending almost all of its Bowl Championship Series payout on a Rose Bowl junket for politically connected officials,FALSE
3940,"After the Texas cutoff of aid to womens health care services including Planned Parenthood clinics, over 150,000 women lost the only health care they had. Our Medicaid birth rate shot up. It cost taxpayers over $130 million in one year alone in extra Medicaid birth costs.",FALSE
3941,"There are legitimate and widespread anomalies, and widespread questions about the conduct of (the Wisconsin Supreme Court) election, most visibly in Waukesha County, but also in counties around the state.",FALSE
3942,"As the Democrats finally maxed out their government spending credit card Monday, Kurt Schrader continued to stand with his party leaders in failing to offer any viable long-term solution.",FALSE
3944,Says Marilinda Garcia supports $150 billion in new taxes.,FALSE
3949,"The economic stimulus bill created a council that's ""modeled after the national board that controls Britains health system.""",FALSE
3951,"U.S. Reps. Hank Johnson, John Lewis and other members of the Congressional Progressive Caucus are socialists who are openly serving in the U.S. Congress.",FALSE
3957,"Not only is there no scientific evidence that CO2 is a pollutant, higher CO2 concentrations actually help ecosystems support more plant and animal life.",FALSE
3958,"There are not, nor have there ever been, any boycotts encouraged by our organizations.",FALSE
3960,Says our taxes have doubled with Rick Perry in office.,FALSE
3962,"Michelle Nunn spent most of her childhood in Perry, Ga.",FALSE
3971,Gina Raimondo paid 70 million in taxpayer dollars to millionaire hedge fund managers.,FALSE
3973,"For the new state budget, ""Floridians have sent us $3 billion less of their funding.""",FALSE
3976,Says Texas will be majority Hispanic in six years.,FALSE
3977,The Bush tax cuts created about 8 million jobs over the first 10 years that they were in existence. Weve lost about 5 million of those jobs during this recession.,FALSE
3978,They delayed my swearing-in here in Massachusetts for a couple weeks so they could ram (the health care law) through.,FALSE
3981,We had a debate on whether ObamaCare was the way to go to fix up health care and the American voters said no -- emphatically.,FALSE
3983,Rhode Island: 3% bigger at low tide.,FALSE
3988,"Honduras bans citizens from owning guns and has the highest homicide rate in the entire world. Switzerland, with a similar population, requires citizens to own guns and has the lowest homicide rate in the entire world.",FALSE
3991,"Obamas flush with cash, returning to Wall Street for even more money. Wall Street sure supports President Obama.",FALSE
3995,Says Edward Snowden could have gotten all of the protections of being a whistleblower.,FALSE
3997,Last year the (Medicaid Fraud Control Unit) in Virginia alone recovered over $200 million!,FALSE
3998,Jack Berry voted for a plan to cut $23.8 million from our schools.,FALSE
4000,"As Washington debates cracking down on the big Wall Street banks, Ive passed legislation that does so.",FALSE
4001,"In 2005 and 2007, Joe Straus received a 100 percent rating by NARAL (the National Abortion and Reproductive Rights Action League).",FALSE
4004,"Says Gov. Scott Walker signed abortion, sex education and discrimination bills in secret.",FALSE
4005,"Rubio's tax swap proposal ""would have been a massive tax increase.""",FALSE
4006,"Says the mayors job is to make sure that if somebody is trying to build a set of water treatment plants to cure us from cryptosporidium we dont have, we dont say yes even if CH2M Hill wants us to.",FALSE
4007,"Eighty percent of the oil were discovering, were discovering in the deep Gulf of Mexico.",FALSE
4008,We had the biggest drop of the rate of unemployment (in)all but 4 states.,FALSE
4014,Says a CNN anchor said that Hillary Clinton has gotten a free ride so far from the media. Were the biggest ones supporting her campaign.,FALSE
4017,The Obama White House recognizes a baby that has not been born for security purposes.,FALSE
4019,The leader of ISIS was imprisoned by American troops and ordered released to Iraq by Obama administration in 2009.,FALSE
4020,Del. Ben Chafin took money away from Southwest Virginia schools while votingto build a politicians palace.,FALSE
4023,"One of the Planned Parenthood videos shows a fully formed fetus on the table, its heart beating, its legs kicking, while someone says, We have to keep it alive to harvest its brain.",FALSE
4027,"Under changes being debated, state employees in Wisconsin who earn $30,000, $40,000, $50,000 a year might have 20 percent of their income just disappear overnight.",FALSE
4029,"If an Iranian woman shows too much hair in public, she risks being beaten or killed.",FALSE
4031,He has ushered in $3 billion in new investment.,FALSE
4035,David Perdue supports Common Core,FALSE
4036,Says Hillary Clinton wants to essentially abolish the Second Amendment.,FALSE
4044,The Obama administration has even joined Islamist governments in sponsoring a U.N. resolution that would shred our First Amendment by threatening to make discussion of radical Islamism potentially illegal.,FALSE
4047,"Mike Madigan made a fortune on tax appeals Saving his friends millions... Its an inside game played by people like Merry Marwig, Madigans hand-picked candidate. When Marwig thought her property taxes were too high she got them lowered at your expense. Saved so much she did it again. Marwig and Madigan: Profiting from the same corrupt system.",FALSE
4048,Says I was the first governor in America to endorse Mitt Romney.,FALSE
4049,Barack Obama's plan gives a driver's license to any illegal who wants one.,FALSE
4050,Two-thirds of American families rely on the mothers income to stay above the poverty level.,FALSE
4051,"After 9/11, Jim put us all first by serving for 23 months in Iraq, the wars longest tour.",FALSE
4053,"In the 80s, Democrats promised spending cuts, but delivered only tax hikes.",FALSE
4057,"Says indoor workers get less UV than outdoor workers, but they get more melanomas.",FALSE
4058,Im beating (Kelly Ayotte) in the polls by a lot.,FALSE
4061,"In Jeanne Shaheen, New Hampshire has a Senator who was the deciding vote to pass Obamacare.",FALSE
4062,"If Cory Gardner gets his way, youd better stock up on condoms.",FALSE
4063,Says for the duration of this recession not a single person in government middle management has lost (a) job or taken a pay cut.,FALSE
4064,Says Gov. Chris Christie has now come up with a new agenda for ethics reform in September 2011.,FALSE
4065,"The Baucus health care bill ""could be used to ban guns in home self-defense.""",FALSE
4066,"Gov. Scott Walker received a $7,300 pay raise.",FALSE
4069,Says Michigan U.S. Senate candidateTerri Lynn Land said guaranteeing equal pay for women who do the same job as men is not a good idea.,FALSE
4071,The Republican-controlled Wisconsin Senate approved a bill denying veterans the right to recover their medical costs for cancers they developed while serving their country.,FALSE
4072,"The 48, 49 percent that supports President Barack Obama are people who pay no income tax.",FALSE
4073,Accuses Ed FitzGerald of pay-to-play and corruption politics.,FALSE
4075,Ten percent of violent deaths in the U.S. each year are due to strangulation.,FALSE
4076,Says President Barack Obama is sending a much larger (force) to deal with Ebola than ISIS is getting.,FALSE
4079,U.S. Senate Majority Leader Harry Reid on whether Senate Democrats would seat Roland Burris.,FALSE
4080,The Democrats in the Senate last year introduced a constitutional amendment to repeal the free speech protections of the First Amendment.,FALSE
4082,"In 2012, 123 African-Americans were shot dead by police. ... Same year, 326 whites were killed by police.",FALSE
4083,Says Marco Rubio was for immigration reform and a pathway to citizenship before he was against it.,FALSE
4089,Says New Jerseys tenure law has now been reformed to say that if teachers get two years of partially effective or ineffective ratings they lose tenure.,FALSE
4090,"Says climate scientist James Hansen says we have until perhaps 50 years from now, or maybe a little longer and at that point, we are looking at 10, 20, 30 feet of sea-level rise.",FALSE
4092,"Everyone on Californias roads is properly licensed, tested and insured.",FALSE
4094,Says GOP U.S. Rep. Sean Duffy of Wisconsin voted twice to end Medicare.,FALSE
4095,More people are losing their insurance (due to Obamacare) than are becoming newly insured.,FALSE
4096,"The immigration bill includes free Obamacars, motorcycles or scooters.",FALSE
4097,My numbers are better right now than Ronald Reagans numbers were with Jimmy Carter.,FALSE
4100,"Under Obama's budget plan, families making over $250,000 are going to lose their mortgage deduction, their charitable deductions.",FALSE
4101,I have always said that I would be for drilling.,FALSE
4104,"In the event of a U.S. strike on Syria, the Russians will replace the weapons immediately. Theyve said it on the record. Theyve suggested they might even replace it with better stuff.",FALSE
4109,"Two years ago motorists in Ferguson, a city of 20,000 people, received 31,000 citations. Thats at least one citation per person plus 10,000 for visitors. The city is still surviving only on traffic tickets; theres virtually no industry there.",FALSE
4110,Californias proposed tobacco tax diverts 82 percent of the new taxes to line the pockets of wealthy special interests like insurance companies who dont have to help even one more patient.,FALSE
4112,"If you care about the environment, weve got record funding.",FALSE
4113,"It was (Rob Portmans) job to stop Chinas illegal dumping of steel. He failed, looked the other way, did nothing.",FALSE
4118,Fox News said the New Black Panther Party decided the election for Barack Obama.,FALSE
4120,"Says Charlie Bass supports Paul Ryan plan that forces seniors to pay $6,400 a year more for health care so millionaires can pay less in taxes.",FALSE
4121,Says Donald Trump is a guy who has called for privatization of the Veterans Administration.,FALSE
4128,Immigrants have captured all of the nearly 9 million jobs created since 2000.,FALSE
4133,Every major study that has been done by a legitimate group ...shows that there are hundreds of thousands of jobs to be created if you pass our (cap-and-trade) legislation. And if you wind up pricing carbon.,FALSE
4138,The president is advocating a drone strike program in America.,FALSE
4139,"Over the history of Austin, its always gotten more expensive.",FALSE
4141,Says a voter-adopted constitutional amendment instructed a state board headed by Jerry Patterson to put $300 million in investment earnings into a fund supporting public school operations.,FALSE
4145,He's promising four more years of an administration that will push for the privatization of Social Security...,FALSE
4149,"ISIS lures women with kittens, nutella.",FALSE
4150,"In the past six years alone, changes to the pension formula have saved over half a billion dollars.",FALSE
4152,"Premeditation, in murder cases like the Oscar Pistorius case, can be formed in the twinkling of an eye.",FALSE
4153,Says in the last five years Senate Republicans have placed a filibuster on every piece of legislation and every nominee.,FALSE
4154,Every major newspaper in Texas calls David Dewhurst a moderate.,FALSE
4157,A married couple that use the same last name is rarer and rarer in our country.,FALSE
4158,"Claims that former Sen. Tom Daschle said, ""Seniors should be more accepting of the conditions that come with age instead of treating them.""",FALSE
4161,"Thanks to #ObamaCare, average E.R. wait in California is 5 hours.",FALSE
4164,Says Rep. Justin Amash votes more with the Democrats than with the Republicans.,FALSE
4165,Says Mitt Romney runs away from Ronald Reagan.,FALSE
4167,Says John Kitzhabers proposed budget for upcoming biennium represents 8 percent increase over last,FALSE
4171,Says raising the state income tax rate on millionaires to offset property taxes for other residents is not a tax increase. Its a tax shift.,FALSE
4173,"Californias Capitol building is second only to Disneyland, among visitor sites in the state.",FALSE
4175,SaysPresident Obama hijacked the farm bill (and) turned it into a food stamp bill.,FALSE
4178,Georgia has elected more African-American leaders than any other state in the country.,FALSE
4179,There are over 200 documented cases where (Obama) has lied.,FALSE
4180,Says Barack Obama never worked in the private sector before he was elected president.,FALSE
4181,"Ive also offered a plan that can help (fix Social Security) thats supported by Robert Reich, secretary of labor previously, in a previous administration.",FALSE
4182,"Says Wisconsin Gov. Scott Walkers actions are directly responsible for killing at least 15,000 jobs.",FALSE
4188,The most recent survey of climate scientists said about 57 percent dont agree with the idea that 95 percent of the change in the climate is caused by CO2.,FALSE
4189,"While others place their hands over their hearts, Obama turns his back to the flag and slouches.",FALSE
4190,"Steve Poizner ""increased his department's budget nearly 14 percent.""",FALSE
4193,"While Mayor Kenney personally doesnt support DROP, he cant fault highly qualified city employees for appropriately utilizing a benefit thats available to them.",FALSE
4198,Says Gov. Rick Scott cut nearly $1 million from mosquito control and closed down the states mosquito research lab a few years ago.,FALSE
4199,Says Wisconsin Gov. Scott Walker is denying Democrats the right to vote.,FALSE
4201,"When George Bush took office, President Clinton, a Democrat, and the Democratic Congress at the time had left an annual budget that was in surplus.",FALSE
4202,Says the new health care law delivers a $13 billion tax increase on families with special needs.,FALSE
4207,I am every year the No.1 pick of all of the law enforcement agencies within Texas.,FALSE
4210,We were told there would never be a case of Ebola in the United States.,FALSE
4211,"Says her congressional district has 10,000 medical-device industry jobs and 1,000 will be lost because of health-care law tax.",FALSE
4214,"A new federal program provides subsidized ""Obama phones"" with 70 free minutes of cell phone service every month.",FALSE
4215,Our larger domestic threat is from racial supremacist groups.,FALSE
4221,Says in 2012 Obama won in every state that did not require a photo ID and lost in every state that did require a photo ID in order to vote.,FALSE
4222,On support for the Export-Import Bank,FALSE
4223,Says he didnt have an involvement withnutritional supplement company Mannatech.,FALSE
4225,Gov. Bill Haslam is making our Economic Development department Sharia compliant by hiring a woman who specializes in Sharia compliance. Thats what her job is.,FALSE
4227,We worked together to enact ... the largest tax cut in Florida history.,FALSE
4228,Bill Nelson actually voted in favor of higher taxes 272 times.,FALSE
4231,President Barack Obama said at the beginning of the negotiations that the basic approach was to dismantle Irans nuclear program in exchange for dismantling the sanctions.,FALSE
4232,The United States has never stood by and seen innocent people slaughtered to the extent thats happening in Syria.,FALSE
4237,"Obama ""suggested bombing Pakistan.""",FALSE
4241,Public employees receive something like 25 percent of the paychecks that are issued in Rhode Island.,FALSE
4242,The Iran Deal will facilitate and accelerate the nation of Iran acquiring nuclear weapons.,FALSE
4243,"As a Member of Congress, Chris Murphy was raking in $1 million in salary.",FALSE
4246,Social Security doesnt contribute a penny to the deficit.,FALSE
4247,"Says state Sens. Greg Evers, Nancy Detert and Charles Dean got a failing grade from conservatives.",FALSE
4250,"The DNC hack showed you that the Clinton campaign was working to schedule (primary) debates against (Bernie) Sanders, and the Clinton campaign is continuing this ploy against Donald Trump.",FALSE
4251,"Bill McCollum ""served as a lobbyist whose clients enabled mortgages for illegal immigrants.""",FALSE
4254,Says Gov. Scott Walker is cooking the books by releasing numbers he just dreamed up that show Wisconsin gained jobs in 2011.,FALSE
4258,"Under Gov. Scott Walkers public-school budgets, a student entering kindergarten will not enjoy the same state investment in his or her education as those that came before them until they are graduating from high school.",FALSE
4259,Ninety-four percent of small businesses will face higher taxes under the Democrats plan.,FALSE
4261,"In one county alone in Ohio, President Obama received 106,258 votes. But there were only 98,213 eligible voters.",FALSE
4264,Says Mark Begich has taken campaign cash from the Kochs while Dan Sullivan hasnt.,FALSE
4266,Says under the new health care law the patient-doctor relationship will be eliminated.,FALSE
4268,"We have ten different tax brackets and if youre making $9,000, youre already in the top tax bracket.",FALSE
4269,"For the first time since 1990, American manufacturers are creating new jobs.",FALSE
4270,"Household income in America has gone down for families an average of $4,000 in the last four years while it went up $5,000 under Mitt Romney when he was governor of Massachusetts",FALSE
4275,The Affordable Care Act is not the law of the land.,FALSE
4280,Chris Coons has Marxist beliefs.,FALSE
4281,"The financial services regulatory bill ""will end taxpayer bailouts.""",FALSE
4282,Less than 10 percent of Obamas Cabinet appointees have any experience in the private sector.,FALSE
4285,"The president has said the national security threat facing America, the top one, is global warming.",FALSE
4290,"After the 9/11 terrorist attacks grounded commercial air traffic, there was a temperature drop while the airplanes werent flying, for the week afterwards.",FALSE
4291,A state reports projection is that approximately half of public employees would live outside municipal boundaries in a decade if the state bans local residency requirements.,FALSE
4298,Says that Sherrod Brown voted to cut Medicare by over $500 billion in order to fund government-run health care.,FALSE
4303,"Usually it's about $900 a month to get health coverage. (Florida's program has) reduced that, on average, to about $150 a month.",FALSE
4304,On same-sex marriage,FALSE
4306,Louisiana Sen. Mary Landrieu received almost $1.8 million from BP over the last decade.,FALSE
4307,"Compared to President Obama,President Reagan rushed home from Santa Barbara vacation, from the Reagan ranch when the Korean jetliner was shot out of the air by the Russians.",FALSE
4308,Americans increasingly want (the Affordable Care Act) to be repealed.,FALSE
4310,"Says state Sen. Morgan Carrolls votes made it easier to sue doctors, small businesses, even nurses. Putting her own shady interests first.",FALSE
4311,Says the vaccine to prevent HPV can cause mental retardation.,FALSE
4316,Barack Obama opposed a bill that would have saved Gianna Jessen's life.,FALSE
4317,"In 2001, former Federal Reserve chairman Alan Greenspan ""justified increasing spending and cutting taxes, saying that we didn't really need to pay down the debt.""",FALSE
4319,Says Joe Straus was co-author of a bill that would have allowed Planned Parenthood to control public school sex education.,FALSE
4320,Says Glenn Nye voted in lock step with Nancy Pelosi 83 percentof the time.,FALSE
4321,I dont think the argument can be credibly made that the United States of America is undertaxed compared to our competitors.,FALSE
4326,Weve got close to 7 million Americans who have access to health care for the first time because of Medicaid expansion.,FALSE
4329,Hate speech is excluded from protection under the First Amendment.,FALSE
4330,The top 1 percent of income-earners pay about 40 percent of all taxes into the federal government.,FALSE
4332,"Obama spent $7 billion to bring electricity to Africa, failed miserably.",FALSE
4333,More people were killed in the United States last year by tainted food than U.S. troops killed in Iraq and Afghanistan since the wars began.,FALSE
4334,You must list all your guns on your 2010 tax return.,FALSE
4335,"The Rev. Rick Warren ""has called Christians who advance a social gospel Marxists.""",FALSE
4344,"There is a provision in the economic stimulus plan that means that ""students cannot meet together in their dorms, if that dorm has been repaired with this federal money, and have a prayer group or a Bible study.""",FALSE
4351,"An audit of the last census found that over 370,000 people living in Texas were not counted, and our state lost an estimated $1 billion in federal funds as a result.",FALSE
4354,Its a plan that incorporates ideas from many of the people in this room tonight Democrats and Republicans.,FALSE
4355,Says city leadership is threatening to lay off police and emergency services personnel to balance the budget.,FALSE
4358,The clear majority of Republican voters think that any deficit reduction package should have a balanced approach and should include some revenues.,FALSE
4361,"In Texas public schools, we spend an average of $12,000 per pupil per year.",FALSE
4363,"Says MarkKirk called for the mass arrest of 18,000 African Americans andwas apparently fine with Trumps #StillTooRacist call for mass deportation.",FALSE
4367,The average age of planes in the Qatar Airways fleet is about four years while Delta Air Lines flies planes that are 35 years old.,FALSE
4369,"Says Syrian refugees are not being vetted, and the FBI is not even being told where they are.",FALSE
4373,Medicare premium support backed by Republican vice presidential candidate Paul Ryan is not vouchers.,FALSE
4375,"On (Tom) Wolfs watch, taxes were high, killing 100,000 PA jobs.",FALSE
4377,George Allencast the deciding votefor the 2003Bushtax cuts.,FALSE
4379,"German citizens were disarmed by their government in the late 1930s, which allowed the Nazis to carry out their evil intentions with relatively little resistance.",FALSE
4382,"McCain's energy plan is a ""single-answer proposition"" new domestic oil drilling.",FALSE
4383,"Before this (federal health care) law was enacted, Florida parents ...were able to purchase inexpensive child-only coverage for their children. The laws consumer protections have now eliminated that choice in Florida.",FALSE
4384,Says there are more federal dollars in Gov. John Kasichs budget plan than in the previous state budget.,FALSE
4385,This Congressadjourned earliest of any time in congressional history before an election.,FALSE
4386,Forty-six cents of every dollar Ohio could get for Medicaid expansion is going to come from China or some other country that doesnt like us very much.,FALSE
4387,"Challenger Tim Tuggey is a lobbyist who donated over $41,000 to Democrats who support abortion and same-sex marriage.",FALSE
4388,Congressman Nye voted against a bill which would have defunded the $5-10 billion the IRS needed toimplement health care legislation.,FALSE
4389,"In contrast to President Barack Obama, who is not acting presidential, President Ronald Reagan would never go into the Oval Office without his jacket on thats how much he revered the presidency.",FALSE
4390,The sequester is not something that Ive proposed. It is something that Congress has proposed.,FALSE
4392,President Obamas education solution includes an effort to nationalize curriculum.,FALSE
4393,The cap-and-trade bill before Congress prevents you from selling your home without the permission of the EPA administrator.,FALSE
4399,On the Trans-Pacific Partnership.,FALSE
4400,"Obama's Ten Point Plan to 'Change' The Second Amendment.Ban the manufacture, sale and possession of handguns.",FALSE
4404,Says Bernie Sanders opposes requiring all children to have a K-12 education.,FALSE
4405,"As Alaskas attorney general, (U.S. Senate candidate Dan) Sullivan successfully fought to protect our Second Amendment rights and passed stand your ground.",FALSE
4406,To abide by Environmental Protection Agency rules when mining or drilling you have to take caution not to disturb bodies of water barely bigger than a puddle.,FALSE
4407,"Says his political opponents brought 100,000 protesters into our state.",FALSE
4409,How do Jeb Bush and Donald Trump differ on immigration? Spoiler alert: They dont.,FALSE
4410,The White House promised us that all the spending would keep unemployment under 8 percent.,FALSE
4413,"Texas #2 in nation for new gun purchases, behind California.",FALSE
4415,The president gave the (auto) companies to the UAW.,FALSE
4417,"In the 1970s, the swine flu broke out . . . under another Democrat, President Jimmy Carter.",FALSE
4418,Earth has not warmed for the last 17 years.,FALSE
4420,Even the employees union for the IRS -- the very people in charge of enforcing this law -- are begging to be let out from under this law.,FALSE
4425,I deployed the Texas National Guard to the Texas-Mexico border. And the policy worked; apprehensions at the border declined 74 percent.,FALSE
4431,"Under the health care law, everybody will have lower rates, better quality care and better access.",FALSE
4434,Trumps Health Secretary Pick Wants a Medicare Phaseout by Summer 2017.,FALSE
4435,Health insurance companies deny 1 out of 5 treatments prescribed by doctors.,FALSE
4445,Polls on legalizing same-sex marriage are not dramatically changing.,FALSE
4446,"The McCain campaign ""did not elaborate"" on Obama's ties to ACORN.",FALSE
4447,"In the House health care bill, ""Something like 2 percent of the people would [be] eligible even to get the public option.""",FALSE
4451,Senator McCain would pay for part of his (health care) plan by making drastic cuts in Medicare $882-billion worth.,FALSE
4452,Says Oregons political tax credit is something every state should have and no other state does.,FALSE
4454,President Barack Obamas policies have resulted in gas prices being reduced from $3.07 per gallon when he was sworn in in 2009 to $2.30 today.,FALSE
4455,"When (Marcy) Kaptur fought for the Democrats prescription drug benefit for seniors, (Dennis) Kucinich voted no.",FALSE
4456,I released the most extensive financial review of anybody in the history of politics. You dont learn much in a tax return.,FALSE
4458,"When Susan Rice spoke about Benghazi on Sunday news shows, she said that al-Qaida might be involved, or other al-Qaida affiliates might be involved, or non-al-Qaida Libyan extremists, which I think demonstrates that there was no effort to play that down.",FALSE
4459,Wisconsins effective unemployment rate is 20 percent.,FALSE
4461,Congresswoman Ros-Lehtinen has long record of voting against VA backlog fixes.,FALSE
4462,Among his (Obama's) pet projects is a bill ... which would commit the U.S. to spending 0.7 percent of gross national product on foreign aid.,FALSE
4463,"Says that under President Obama, theres been a substantial increase in federal government jobs.",FALSE
4468,"A bill to cap carbon emissions could cost Ohio 100,000 jobs.",FALSE
4469,I am the only candidate for lieutenant governor to oppose in-state tuition for illegal immigrants.,FALSE
4471,Obama has proposed 442 tax hikes since taking office.,FALSE
4472,"Says Obama flip-flopped on a gas-tax ""holiday.""",FALSE
4473,The Ukraine Orange Revolution in 2004 was the first color revolution.,FALSE
4474,"McCollum admitted he didn't think that the subprime mortgage crisis was a big deal, telling reporters he thought that the subprime collapse had been exaggerated by the media and investors and that 'it's not the end of the world.' ",FALSE
4476,The health bill's plan for comparative effectiveness research would be used by the government to ration care.,FALSE
4479,"New carbon regulations will increase electric bills by $17 billion every year and potentially put an average of 224,000 more people out of work every year.",FALSE
4480,Qataris dont really work.,FALSE
4482,"New tax increases that went into effect on Jan.1, 2015, all passed under the Affordable Care Act, aka Obamacare.",FALSE
4485,"Just on the issue of immigration alone, it is next to impossible to find a policy difference between (Donald) Trump and Congressman (Joe) Heck.",FALSE
4489,Says property insurance rates are going up because Rick Scott signed a bill preventing the state from regulating insurance.,FALSE
4492,Says Michelle Nunn is for amnesty.,FALSE
4495,Austin is effectively imposing a ban on barbecue restaurants.,FALSE
4496,Ron Klein sponsored an amendment that specifically allows price gouging.,FALSE
4497,Female students at UVA have a 20 percent chance of being sexually assaulted.,FALSE
4499,Federal law requires that hospitals treat people whether or not they can pay. So someone (who) doesnt have health insurance -- they can go to the hospital and get free care.,FALSE
4502,China owns more of our bonds than do Americans.,FALSE
4503,"NAFTA allows a lot of trucks from Mexico, for example, to leave there and ... drive straight through without even being inspected.",FALSE
4504,"Under the new health care law, the first person (a) patient has to go to is a bureaucrat. That is called a panel.",FALSE
4506,Wisconsin wages are declining at double the rate of other states.,FALSE
4507,Says Barack Obama said black males are two times more likely to be shot by a law enforcement officer than white males and that is a lie because there is no data.,FALSE
4508,I said no to higher taxes and fees.,FALSE
4510,I'm pro-life. He's not.,FALSE
4512,"Last year, there were an additional 81,000 pages of government regulations. If you stack that up, it would be a three-story building.",FALSE
4513,The largest number of gamblers are from the poorest segments of the population.,FALSE
4521,Attorney general candidate Brad Schimel is in cahoots with Wisconsin Right to Life to make abortion a crime in Wisconsin.,FALSE
4522,The founders of New Hampshire came up with the motto Live Free or Die.,FALSE
4531,The Super Bowl has one of the highest levels of human sex trafficking activity of any event in the country.,FALSE
4533,Says Scott Walker said he wouldnt touch the state civil service system but now supports overhauling it.,FALSE
4534,"Says she couldn't take stimulus money because it required ""universal building codes.""",FALSE
4537,"Regarding the Iraq War, I was the one that said, Dont go, dont do it, youre going to destabilize the Middle East.",FALSE
4538,The Iran deal trusts the Iranians to inspect themselves.,FALSE
4540,Were the only nation in the world that does not use the military to secure our border.,FALSE
4541,We have more natural gas in this country than Saudi Arabia has oil.,FALSE
4542,Massachusetts is reporting a trend far below the national trend in the escalation of health-care costs in this year.,FALSE
4545,"While states used to have regulatory power over fishing, federal law now regulates down to the tenth of the inch the minimum size of fish that anglers can keep.",FALSE
4546,Social Security took seven years before anybody got the first check.,FALSE
4547,"In most Muslim countries, We cant have a church. Were not able to build synagogues. Its forbidden.",FALSE
4548,Says Barack Obama told the U.S. Coast Guard Academy that the number one threat to the military and the world today is global warming.,FALSE
4549,Says award-winning Milwaukee Public Schools teacher Megan Sampson was laid off because Gov. Scott Walker cut state aid to education.,FALSE
4555,The fact is 90-percent of Down Syndrome children were aborted in this country.,FALSE
4557,"Says President Barack Obama said when we got bin Laden, terrorism problem solved.",FALSE
4563,If Gov. Romneys plan goes into effect the average senior would have to pay $460 a year more in tax for their Social Security.,FALSE
4567,President Obamas refusal to grant permits for offshore drilling is one reason gasoline prices are soaring.,FALSE
4568,On whether Barack Obama was born in the United States.,FALSE
4570,Says Hillary Clinton savaged the dignity of people who accused Bill Clinton of sexual harassment or assault and shamed them.,FALSE
4571,"In Florida, we have the lowest in-state tuition of any state.",FALSE
4572,"In Japan, permanent residency is not given to Muslims, the propagation of Islam is banned, one cannot import a Koran published in the Arabic language, and Muslims cannot even rent a house.",FALSE
4575,Says his Twitter account has 1.3 million followers.,FALSE
4576,"You are three times more likely to be able to get a mortgage if youre a white applicant than if youre black or Hispanic, even if you have the same credentials.",FALSE
4577,"For six years, I served our community as a conservative state legislator. In every one of those years, I helped balance the state's budget.",FALSE
4580,"Since the beginning of the economic downturn in FY 2008, the state workforce has been reduced by 12.4 percent as part of overall cost savings measures to balance the budget to reduce revenues.",FALSE
4583,Last year (the U.S. womens soccer team) generated $20 million more than the mens team and were paid almost four times less.,FALSE
4585,Almost 95 percent of all (Planned Parenthood) pregnancy services were abortions.,FALSE
4586,There was no panhandling when I left office.,FALSE
4589,"During the 2005 fight over Social Security, there were noisy demonstrations but they were outside the events, and opponents were not disruptive crowds booed lines they didnt like, but that was about it.",FALSE
4591,"Georgia Secretary of State Brian Kemp is a ""career politician.""",FALSE
4596,Expanding Medicaid will worsen health care options for the most vulnerable among us in Texas.,FALSE
4597,We have unemployment that rivals the Great Depression.,FALSE
4598,"Sen. McCain would occupy Iraq indefinitely, against their wishes.",FALSE
4604,President Obamas health care law represents a government takeover of health care.,FALSE
4610,Says Texas economy is about 30 percent larger than Australias.,FALSE
4612,"Ninety percent of the people who work in this country work for companies under 100 people, maybe even less than that.",FALSE
4615,"The Obama administrations cap-and-trade plan would create a $1,761 yearly energy tax.",FALSE
4618,"Says Hillary Clintons plan would bring in 620,000 refugees in her first term, alone, with no effective way to screen or vet them. Her plan would cost $400 billion in terms of lifetime welfare and entitlement costs.",FALSE
4620,Rhode Island is leading our nation in foreclosures.,FALSE
4621,President Obamas health-care law will add trillions of dollars in debt.,FALSE
4622,About 47 percent of able-bodied people in the state of Maine dont work.,FALSE
4626,"My ""border security efforts have led to a 60 percent decrease in border crime.""",FALSE
4627,"Says when I voted against [an increase in the minimum wage], it was in the 80s.",FALSE
4628,Says that Rep. Betty Sutton would rather riot with Occupy (Wall Street) than stand up for Ohio families.,FALSE
4635,Says her representation of an ex-boyfriend who was then my friend in a family law case is something that lawyers do on a regular basis.,FALSE
4636,You dont know if this (the H1N1 vaccine) is gonna cause neurological damage like it did in the 1970s.,FALSE
4637,You cant pass a budget in the Senate of the United States without 60 votes.,FALSE
4641,"In 2010, everybody said you cant dare let guns go into the national parks, and of course the rapes, murders, robberies and assaults are down about 85 percent since we did that.",FALSE
4643,"Barack Obama said ""he's going to attack Pakistan and embrace (Iranian President Mahmoud) Ahmadinejad.""",FALSE
4647,Says Gerald Daugherty is endorsed by the Austin American-Statesman.,FALSE
4648,"Under Cuccinellis tax cut plan, school divisions across Virginia could be forced to fire over 8,000 teachers.",FALSE
4650,"Rhode Island has invested less in tourism, economic development and economic development personnel than four nearby states.",FALSE
4654,Protesters caused $7.5 million in damage to the Wisconsin State House,FALSE
4655,The insurance industry is actually run by mostly Democrats.,FALSE
4658,Weve doubled our use of renewable energy.,FALSE
4660,"In 2009, his first year as mayor, Julin Castro received a seven-figure referral fee that smells like a dirty financial gift from notorious personal injury lawyer Mikal Watts, a major Obama donor.",FALSE
4663,"In the recent House special election in Florida, Democrats got outspent in a Republican district.",FALSE
4665,"When mentioning Villanovas buzzer-beating win in the national championships, Hillary Clinton said: I love those come-from-behind victories.",FALSE
4667,"Says as we sit right now, Medicare, if we do nothing, will be gone in eight years, if we do nothing to it.",FALSE
4668,"Says Howard Zinn, an anti-American Marxist, wrote the most popular textbook thats taught in our high schools in America.",FALSE
4670,We now have more jobs in solar than we do in oil.,FALSE
4671,ISIS is now the predominantIslamist group in Benghazi.,FALSE
4674,Rick Perry is taking money away from hurricane victims and diverting it to remodel the Governors Mansion.,FALSE
4680,On George Allens U.S. senate candidacy.,FALSE
4682,"In 2006, I went out and authored a letter with 24 other senators asking for major reform of Freddie and Fannie, warning of a meltdown and a bubble in the housing market.",FALSE
4683,Justin Amash is rated Michigans No. 1 conservative by National Right to Life.,FALSE
4684,"Says Marcy Kaptur has attacked his military service and training in the Air Force, showing disrespect for veterans.",FALSE
4686,"The city building code violations on my properties only involve exterior issues; within the households, its fine.",FALSE
4687,"People can use food stamps for anything, including to go to Hawaii, and even millionaires can qualify.",FALSE
4692,Nine hundred people have been fired since I became secretary (of Veterans Affairs). Weve got 60 people that we fired who have manipulated wait times.,FALSE
4693,President Obamashealth care law is a government takeover of healthcare.,FALSE
4697,"Sen. Obama wants to ""enact the single largest tax increase since the Second World War.""",FALSE
4698,"In 2011, Carlos Lpez-Cantera staunchly supported a Florida bill modeled after Arizonas immigration law",FALSE
4702,Both McCain and Bush favor tax breaks for oil companies.,FALSE
4703,1 percent of candidates that (the National Rifle Association) endorsed in 2012 won.,FALSE
4704,Says Donald Trumps polling numbers show that hes the highest with Hispanics that any Republican has ever been.,FALSE
4707,"The University of Wisconsin-Milwaukee has 2.8 students per faculty member, tied for second-lowest in its history since 1994.",FALSE
4711,On charging a toll for motorists to use Ga. 400 after it was slated to expire,FALSE
4712,A $10 million fire fee proposal in St. Petersburg was inspired by Gov. Rick Scott.,FALSE
4714,"He made time to go to the gym, but canceled a visit with wounded troops. Seems the Pentagon wouldn't allow him to bring cameras.",FALSE
4716,Bruce Starr was the only senator to vote for stronger ethics laws and greater accountability.,FALSE
4719,"People on potshoot each other ...stab each other ...strangle each other, drive under the influence, kill families.",FALSE
4721,"Says that as Providences mayor, David Cicilline said the city had a world-class school system. Not only did Providence not have a world-class school system but as measured, was amongst the last school system in the entire country.",FALSE
4722,Georgia crackdown on illegal immigration costs state farmers $400 million last year.,FALSE
4724,Ive shut down pill mills.,FALSE
4725,We defied the stand-down orders during the Benghazi attack.,FALSE
4727,About 30 percent of those released from Guantanamo have re-entered the fight.,FALSE
4733,The word progressive...was created as a substitute forcommunist.,FALSE
4736,"When Standard Poors dropped our credit rating, what they said is, we dont have an ability to repay our debt. ... I was proved right in my position that the debt ceiling should not have been raised.",FALSE
4738,President Barack Obama has doubled the size of government since he took office.,FALSE
4741,The Chinese are there in Syria.,FALSE
4744,Russia has more diversity in its governmental representation than we do in Texas.,FALSE
4746,"DeWine took $1.9 million from big banks, supported legislation that helped Bernie Madoff make millions and protected predatory lenders while families lost their homes.",FALSE
4747,"Says Bobby Jindals parents used his birthright citizenship to become Americans, making him an anchor baby.",FALSE
4750,"Under Obamacare, Virginia taxpayers would have been forced to pay for abortions if the General Assembly had not recently intervened.",FALSE
4751,Says Patrick Murphy is the only candidate to have voted against every measure to fund Zika.,FALSE
4754,"Were the seventh highest taxed state in America. And thats not just state, its local as well.",FALSE
4756,Says stimulus money went to buy electric cars from Finland as a payback to Obama supporters.,FALSE
4757,Allen West called Social Security a Ponzi scheme and said this countrys got to get on sound footing by destroying it.,FALSE
4758,On eliminating the influence of money in policy campaigns,FALSE
4761,"Under Virginia law, if you are a non-federally licensed (gun) dealer, you cannot get a background check even if you want one.",FALSE
4765,92 million Americans arent working.,FALSE
4766,Homicides against blacks have tripled since Floridas stand your ground law has been in existence.,FALSE
4768,"The downsizing of Pinellas County government resulted in about 1,200 people being laid off in a 12 percent unemployment market. I can tell you that every one of them was hired from the time that Ms. Latvala went into office in 2000.",FALSE
4776,"Congress, criminals, Scientologists and other groups are exempt from Obamacare.",FALSE
4780,Estimates say individuals who escaped these high tax states have taken with them around $2 trillion in adjusted gross income.,FALSE
4781,The ACLU has filed a suit to have all military cross-shaped headstones removed.,FALSE
4783,"Says Ohio Gov. John Kasich got lucky with a thing called fracking, which is why Ohio is doing well.",FALSE
4784,James Langevin has received almost $20 million from taxpayers and special interests to use at his own discretion to supposedly champion Rhode Islands needs.,FALSE
4787,"Says 7,000 millionaires gamed the system to pay no income taxes.",FALSE
4788,Says Barack Obama grew up in Kenya.,FALSE
4791,Says Steve Jobs was responsible for creating more jobs than the stimulus bill.,FALSE
4792,Says that you cant destroy the guns purchased in a (gun) buyback program as the city (of Memphis) wants to do.,FALSE
4798,Says Patrick Murphy hasnt passed a single bill out of committee.,FALSE
4800,No fracking waste is being dumped in New York State,FALSE
4801,We have the best schools in the United States.,FALSE
4804,"Health proposal would create a ""40% tax on health care benefits of middle-class workers.""",FALSE
4806,"Since January 2015, the majority of our Austin City Council meetings have extended past 10 p.m. and many of our meetings have gone past midnight.",FALSE
4808,"Under the Democratic health plan, families will be forced to spend an additional $2,100 a year to keep their current health care.",FALSE
4810,Says Mitt Romney plans to fire Big Bird.,FALSE
4813,"Without representation, (the IRS) can increase taxes.",FALSE
4814,"So many people were critical of Secretary (John) Kerry going to Paris and talking with Hamas, because Kerry was seen as supporting Hamas to the exclusion of the Arab League.",FALSE
4815,Its been 4 and a half years since the United States Senate passed a budget.,FALSE
4816,"The Republicans' alternative health care plan ""will still let insurers raise premiums four times faster than wages.""",FALSE
4817,A transcript released by Occidental College proves that Barack Obama was an Indonesian citizen.,FALSE
4820,The path to ObamaCare becoming law all started with Charlie Crist supporting President Obama's $787 billion stimulus.,FALSE
4823,The CBO now says the presidents health care law will cut the number of full-time jobs in the United States by 2.3 million by 2021.,FALSE
4824,We did not seek an impeachment of President Bush.,FALSE
4826,"In discussing the attacks on the U.S. consulate in Benghazi, Libya,Ms. Rice did say a terrorist attack. Its not that she put the whole thing on the video.",FALSE
4829,"Says when he was governor, Wisconsin cut unemployment to 2.1 percent and the states unemployment rate was the lowest in the country for 40 consecutive months.",FALSE
4830,Says Josh Mandel bet against Ohio families,FALSE
4831,Says U.S. Rep. Paul Ryan promised to end health care for our seniors.,FALSE
4833,"13,000 Floridians are able to vote -- but their governor wont tell them.",FALSE
4834,Woodrow Wilson borrowed $30 billion to fund World War I in 1917. That money has not been paid back. And we are still paying interest on it.,FALSE
4835,Says credit rating agencies realize that our instability stems in large part from Oregons kicker system.,FALSE
4839,Says U.S. greenhouse gas emissions are at 20-year lows.,FALSE
4842,Democrats do not have a plan for extending the Bush tax cuts.,FALSE
4853,Says that Romney touted the Massachusetts health plan for the nation in his hardcover book but then deleted it for the paperback edition.,FALSE
4854,The auditor [for the city of Providence] was not locked out of access to the citys finances.,FALSE
4858,The Obama Administration is suing a Wisconsin company for forcing employees to speak English.,FALSE
4859,"McDonalds hamburgers are only 15 percent real beef. The other 85 percent is meat filler cleansed with ammonia, which causes stomach and intestinal cancer.",FALSE
4860,"The United States has 10,000 IRS agents making sure that you dont take an improper charity deduction, but to fight terrorism, it has less than two dozen people focusing on countering violent extremism at home.",FALSE
4862,"The Obama White House is renaming Christmas trees ""holiday trees.""",FALSE
4863,A Paul Ryan-Scott Walker (or Scott Walker-Paul Ryan) ticket for the White House in 2016 would be unconstitutional because both men live in Wisconsin.,FALSE
4864,One out of every three students currently today is ready for college before they go there.,FALSE
4866,"In just one month, the Democrats have spent more than President Bush spent in seven years on the war in Iraq, the war in Afghanistan and Hurricane Katrina combined.",FALSE
4867,"Texas women make an average of $8,355 less per year than men doing the very same job.",FALSE
4869,Not a single segment of the proposed Beltline intersects the MARTA system at MARTA stations.,FALSE
4870,"Says the Patient Protection and Affordable Care Act adopted last year contains a series of slush funds, set up to stay on the books automatically, with little or no oversight.",FALSE
4874,"Says Sen. Luther Olsen, his recall opponent, supported the sale of state-owned power plants not to the highest bidder, but to the biggest donors with no oversight.",FALSE
4875,"We have 93 million people out of work. They look for jobs, they give up, and all of a sudden, statistically, theyre considered employed.",FALSE
4878,Says Romney supported a law that could have made most common forms of birth control illegal.,FALSE
4880,The most significant driver of out-migration [from Rhode Island] is the estate tax.,FALSE
4881,Congress is on vacation.,FALSE
4882,Scott Walkers school-aid cuts were so devastating that students are without chairs and a government survey found 47 kids in a classroom.,FALSE
4883,Says Attorney General Eric Holder recently revealed this idea to have government have gun owners wear special bracelets that would identify you as a gun owner.,FALSE
4887,"New York State has been horribly, horribly hurt by NAFTA",FALSE
4888,"For every single illegal immigrant family in this country, it costs $20,000 it costs us $20,000; $20,000 in infrastructural costs. They pay about $10,000 in taxes.",FALSE
4890,The @nytimes states today that DJT believes more countries should acquire nuclear weapons. How dishonest are they. I never said this!,FALSE
4891,"The CNBC debate was supposed to be three hours, and he renegotiated it down to two hours.",FALSE
4895,The cost-saving measures we put into place at Columbia/HCA drove down national health care inflation from 18% to 8% in seven years.,FALSE
4896,We have no idea what is contained in [electronic cigarette] vapor.,FALSE
4897,Says new estimates from the Congressional Budget Office conclude the final price-tag for the health care law will exceed $2 trillion more than double what was initially reported.,FALSE
4899,This is the true picture of Milwaukees Renaissance after 12 years of Mayor Tom Barretts leadership.,FALSE
4904,Says he did not vote for Nancy Pelosi for speaker of the House.,FALSE
4905,Unions did not create the eight-hour work day and the 40-hour work week. Henry Ford did.,FALSE
4909,It takes as much energy to make a solar panel as it likely generates in its entire life.,FALSE
4916,Unemployment has been on the rise throughout Wisconsin as Paul Ryan stepped up his advocacy of immigration increases.,FALSE
4919,The money the Clinton Foundation took from from foreign governments while Hillary Clinton was secretary of state is clearly illegal. The Constitution says you cant take this stuff.,FALSE
4921,Planned Parenthood raked in more than $300 million in profits over the past four years.,FALSE
4922,Mitt Romney has 15 homes.,FALSE
4931,Links jailed lobbyist Jack Abramoff to Rep. C.W. Bill Young.,FALSE
4934,Prince William County has cut violent crime in half since instituting a crackdown on illegal immigration.,FALSE
4935,Says the Ohio Consumers Council office employs 74 lawyers and that the funding them is wasteful duplication.,FALSE
4937,I dont think Ive ever hired an illegal in my life.,FALSE
4938,Says Obama sent $450 million to China to build a wind farm in Texas.,FALSE
4941,School children can earn higher grades by studying Islam under a new nationwide Muslim outreach program announced by President Barack Obama.,FALSE
4944,We went from $160 billion deficit spending in (President George W.) Bushs last year to $1.6 trillion the following year.,FALSE
4945,A proposed mine in Wisconsin is about two-thirds the size of Lake Winnebago.,FALSE
4948,A bill supported by Gov. Scott Walker makes it so that drunk drivers who kill have an easier time of it.,FALSE
4950,[State Rep. Doug McKillips] donors deserve a refund.,FALSE
4951,"SaysPresident Obama is using executive actions to impose gun control on the nation, targeting the top-selling rifle in the country ... with a ban on one of the most-used assault rifle bullets.",FALSE
4952,"Without U.S. Senate action, Texas will have more federal judicial vacancies this year than any other state.",FALSE
4953,On changing the rules for filibusters on presidential nominees,FALSE
4954,Gonzales losing campaign against me last spring was funded with more than $1 million from supporters and allies of Governor Bruce Rauner.,FALSE
4963,Say Bernie Sanders won Nevada after all.,FALSE
4966,Says Donald Trump is going to go out and carpet bomb the Middle East.,FALSE
4967,"Most Americans want traditional marriage, as defined by the Defense of Marriage Act.",FALSE
4968,"In 2012, 1 in 4 Wisconsin schools had a subpar score on the Department of Public Instructions recent report cards and are failing the children they serve.",FALSE
4969,We are bogged down in a war that John McCain now suggests might go on for another 100 years.,FALSE
4971,Dubai is the only country with huge amounts of imported workers that's actually passed legislation to give these immigrant workers a better deal in the Middle East.,FALSE
4972,"NAFTA, supported by the Secretary (Clinton), cost us 800,000 jobs nationwide.",FALSE
4975,"Democratic Reps. Cicilline, Boswell, Carnahan and Critz demanded that Congress vote to increase the nations debt limit without making any spending cuts.",FALSE
4976,"Last year, I was involved with an effort to to help prosecutors get their first pay raise in more than 10 years.",FALSE
4977,Ive either balanced every budget or we turned back a surplus.,FALSE
4978,One Texas city has a law that says that women can only have six dildos.,FALSE
4979,The Florida Legislature has not filed a lawsuit to fight Amendments 5 and 6.,FALSE
4983,Paul Ryans Medicare plan provides pretty much the same coverage that members of Congress receive.,FALSE
4985,Says Rep. Jim Renacci was trying to leave town for the holidays without extending your payroll tax cut.,FALSE
4986,"Rather than work to secure the border, (Marco Rubio) supported Obamas amnesty plan for illegal immigrants.",FALSE
4987,Says Hillary Clinton gave up 20 percent of Americas uranium supply to Russia.,FALSE
4990,In the state of Rhode Island 25 percent of our current physicians are graduates of for-profit medical schools.,FALSE
4991,Medicare will be bankrupt in nine years.,FALSE
4994,"If the Supreme Court throws out the federal health care law, it would be an unprecedented, extraordinary step of overturning a law that was passed by a strong majority of a democratically elected Congress.",FALSE
5004,Hillary Clintons international travels included no serious diplomacy.,FALSE
5009,Says Peter Kilmartin has only three years experience in his own law practice.,FALSE
5011,"As a legislator, (Marco Rubio) flipped on a key vote after making a quick $200,000 from selling the house to the mother of the bills lobbyist.",FALSE
5012,Says Daniel Webster thinks wives should submit to their husbands.,FALSE
5013,Says he fought for the repeal of a septic tank inspection program after Tallahassee pulled a fast one.,FALSE
5014,One-hundred times as many people worked their way from poverty into the American middle class during his presidency compared to Ronald Reagans presidency.,FALSE
5015,The new Hartsfield-Jackson international terminal was on time and on budget.,FALSE
5016,"Scott Walker has given a $10,000 tax deduction to millionaires who send their kids to exclusive private schools.",FALSE
5017,Sheldon Whitehouse and 18 other senators voted to censor the internet.,FALSE
5019,Jobs that involve the minimum wage are overwhelmingly jobs for young people starting out in the workforce.,FALSE
5020,"I was among the earliest to criticize the rush to war (in Iraq), and yes, even before the war ever started.",FALSE
5021,The City of Milwaukee uses the building inspection area as a revenue base.,FALSE
5023,College tuition costs have risen by 25 percent under the Democrats.,FALSE
5024,"Obama said troops ""whine about bearing the costs"" of going to war.",FALSE
5027,"Says Barack Obama said, If we keep talking about the economy, were going to lose.",FALSE
5028,Wendy Davis was just doing a fund-raiser in Chicago with the international socialists organization.,FALSE
5029,We have the highest funding in (the) K-12 system in the history of the state.,FALSE
5030,Says Ted Cruzsaid I was in favor in Libya. I never discussed that subject.,FALSE
5033,"In June, jobless ranks were higher in nearly 90 percent of U.S. cities.",FALSE
5035,Says there was a NATO base in Turkey being under attack by terrorists.,FALSE
5037,EPA wants to regulate the family BBQ.,FALSE
5038,Barack Hussein Obama will force doctors to assist homosexuals in buying surrogate babies.,FALSE
5039,"He (Obama) has done several things well. Most of those things are places where he changed his view from where he had during the campaign. So, for instance, he's left our troops in Iraq and they're being more successful there. He boosted our effort in Afghanistan, which is the right course to take. He did not close Guantanamo, thank heavens.",FALSE
5042,"Says that while President Barack Obama promised to work with your employer to lower your premiums by $2,500 per family per year, his health care law raises premiums in the individual market by $2,100 per family.",FALSE
5045,"As part of efforts to rein in protesters, Republicans in Wisconsin have bolted windows inside the Capitol shut.",FALSE
5052,Democrats failed to flip the Wisconsin state Senate because recall elections were in the deepest red districts in the state.,FALSE
5055,Ted Cruz is unknown to the vast majority of Texans.,FALSE
5057,"When news broke that Ferguson 18-year-old Michael Brown was a suspect in a robbery, MSNBC practically went off the air for a while to have behind-closed-doors meetings to figure out how to deal with this new revelation.",FALSE
5058,"People ""can't go fishing anymore because of Obama.""",FALSE
5060,Says top Clinton advisers were pressing birther movement stories very hard.,FALSE
5062,"Walmart employees receive roughly $5,800 in public assistance per year.",FALSE
5065,My position hasnt changed on using executive authority to address immigration issues.,FALSE
5066,"Protesters in La Crosse blocked an exit and surrounded a State Patrol car carrying the governor and were beating on the windows and rocking the vehicle. When the car was extricated from the crowd, a truck blocked a second exit.",FALSE
5071,Dan Gelbers employment by BPs law firm could disqualify him from representing Florida against BP as Attorney General.,FALSE
5072,The congressional district for Miami-Dade and Broward counties has a staggering drop-out rate of almost 61 percent.,FALSE
5074,Says protesters at the Wisconsin state Capitol on the night the state Senate passed collective bargaining changes damaged the windshield of his car.,FALSE
5076,"Bill Gunter would drain millions from local public schools, and give our tax dollars to private, for-profit schools run by out-of-state corporations.",FALSE
5077,"Small businesses that have $250,000 in gross sales for the business. Theyre the ones that are looking at massive tax increases.",FALSE
5079,Our children do not spend any time in school learning about our own U.S. Constitution.,FALSE
5081,"Every time weve cut taxes, revenues have gone up, the economy has grown.",FALSE
5083,Says that President Barack Obama said an attack on Syria was going to be a pinprick.,FALSE
5085,"Common welfare programs give income of $43,330 or $20.83 an hour.",FALSE
5086,Senate Bill 5 makes it harder for nurses to give the patients the quality care they need.,FALSE
5088,A public option for health care would end private insurance because the private insurance people will not be able to compete with a government option.,FALSE
5091,Says Jeb Bush appointed a guardian for the fetus of a rape survivor.,FALSE
5092,"Thanks to actions by the Milwaukee County Board on the 2013 budget, the amount of county taxes on the average home in the city of Milwaukee would be a $19 decrease.",FALSE
5095,The Pell bridge is a tourism bridge essentially and not a commuter bridge.,FALSE
5097,Says Colorado food stamp recipients can use ATMs to get cash to buy marijuana.,FALSE
5099,"When Social Security, Medicare and Medicaid were created, Republicans stood on the sidelines",FALSE
5102,"Hillary interned with Bob Treuhaft, the head of the California Communist Party.",FALSE
5103,"Across the board, violent crime in jurisdictions that recognize the Right to Carry is lower than in areas that prevent it.",FALSE
5106,Kendrick Meek was named one of the two most corrupt Democrats in Congress by Citizens for Responsibility and Ethics in Washington.,FALSE
5109,There is a growing body of evidence that radiation in excess of what the government says are the minimum amounts you should be exposed to are actually good for you and reduce cases of cancer.,FALSE
5110,Women in the United States are paid about 70 percent of what men earn for the same work.,FALSE
5111,"Wisconsin has created just under 100,000 jobs since he took office.",FALSE
5113,Were the most highly taxed nation in the world.,FALSE
5117,"Says under Oregon law, girls from 15 years of age and up are given complete control over whether to be sterilized or not.",FALSE
5119,The Justice Departments Fast and Furious gun-walking program started in the Bush administration.,FALSE
5120,Says one of Austin City Council Member Randi Shades biggest contributors is the lobbyist for the Formula 1 racetrack planned outside Austin.,FALSE
5121,"As unbelievable as it sounds, your tax dollars are funding the federal governments Zombie Apocalypse Plan. I kid you not.",FALSE
5122,Rob Portman is the one who actually sucked the jobs out of the (Mahoning) Valley and sent them to China.,FALSE
5123,Gov. Scott Walker and the Republican-controlled state legislature have added over $140 million in new special interest spending,FALSE
5128,One estimate says there may be three times as much oil in the United States as there is in Saudi Arabia.,FALSE
5130,"Says actor Dwayne The Rock Johnson wore a T-shirt stating: We Stand for the flag, we kneel for the fallen.",FALSE
5132,Tim Kaine supported higher energy costs for families.,FALSE
5133,"Ending federal funding for National Public Radio would jeopardize 9,000 jobs.",FALSE
5135,Rick Scott has said that he would do away with the Department of Community Affairs.,FALSE
5136,Oregons Umpqua Community College where the shooting occurred was a gun-free zone.,FALSE
5143,"Says Obama puts 15 unelected, unaccountable bureaucrats in charge of Medicare, who are required to cut Medicare ... that will lead to denied care for current seniors.",FALSE
5144,"President Barack Obama has now spent three years proving that he kills jobs in energy, he kills jobs in manufacturing.",FALSE
5145,Margaret Sanger wanted a black Christian leader to be like a Judas goat and lead the blacks to genocide. Remember that? And they picked Martin Luther King as their spokesman.,FALSE
5146,Virginia state employees pay nothing toward their pensions.,FALSE
5151,Vows to keep Georgias race for governor civil and focused on the positive.,FALSE
5154,Says Sen. Ted Cruz used to be in favor of birthright citizenship but is now against it.,FALSE
5161,Most of the people who have signed up through the Obamacare exchanges already had insurance.,FALSE
5164,Jeff Greene on why hewent Cuba.,FALSE
5166,"The average (public school) teacher in Wisconsins making $89,000 a year in salary and benefits.",FALSE
5172,We spent twice as much per capita for health care in this country as the next closest nation.,FALSE
5175,"On the day the House voted on the climate change bill, there was not even a copy of the bill in the well of the House, which is standard. It wasnt even written.",FALSE
5176,Says Hillary Clinton makes more per hour at a speaking gig than the average CEO does in a year.,FALSE
5177,"Says Every time the Legislature suspended the kicker, most recently the corporate kicker in 2007, Salem spent every penny and failed to stabilize the states revenues.",FALSE
5179,Says Baltimore police are trained by Mossad and Shin Bet.,FALSE
5180,"Wisconsin ranks No. 2 in economic growth, according to the Federal Reserve Bank of Philadelphia.",FALSE
5181,Says he never voted for a tax increase.,FALSE
5183,The Atlanta areas water planning district is now the national leader in conservation.,FALSE
5189,The health care law is job killing.,FALSE
5192,Q: What do these Patriotic Americans have in common? A: They are all Draft Dodgers.,FALSE
5197,"Ebola is incredibly contagious, very transmissible and easy to catch.",FALSE
5198,"In 2010, Betty Sutton voted to destroy Medicare.",FALSE
5199,Travis County residents trusted me to take on Tom DeLay and we won.,FALSE
5201,Eric Cantor voted to fully fund Obamacare in October.,FALSE
5203,The fiscal cliff agreement was the largest tax increase in history.,FALSE
5206,"Obama ""has no experience or background at all in national security affairs.""",FALSE
5207,Jim Marshall votes liberal in Washington ... and we arent fooled.,FALSE
5208,Says its not accidental that the villain in the Batman movie is named Bane.,FALSE
5209,White House spokesman Robert Gibbs lied when he said President Obamas birth certificate is posted on the Internet.,FALSE
5210,A provision in the health care reform bill for end-of-life counseling for seniors is not entirely voluntary.,FALSE
5215,The labor participation rate is at an all-time low.,FALSE
5217,"For every 33 pregnant women that walk into a Planned Parenthood clinic, 32 receive an abortion.",FALSE
5221,Says the 2014-15 state budget cut border security and funding to fight criminal gangs.,FALSE
5222,Says Democratic Party created the Ku Klux Klan.,FALSE
5228,"Says the state auditor found that 37 percent of the 428,000 students receiving free and reduced-price lunches are ineligible.",FALSE
5229,Says Barack Obama began his presidency going on a worldwide apology tour.,FALSE
5230,"[My administration is] well represented both racially, ethnically and gender-wise.",FALSE
5236,Only five Texas counties account for almost 90 percent of the (states) cattle industry.,FALSE
5240,Says Matt Bevin has repeatedly failed to pay his taxes.,FALSE
5242,Says a Justice Department memo directs that you must openly embrace gay marriage and homosexuality.,FALSE
5243,"Kasichs trade deals cost Ohio thousands of jobs - 49,000 jobs to Mexico, 91,000 to China.",FALSE
5246,Tuition-free public universities and colleges are just a pipe dream. False. They were both free up until the Vietnam War.,FALSE
5254,Says he never supported federal health care individual mandate.,FALSE
5256,"In 1940, only 7 percentof Germans were Nazis.",FALSE
5261,Says president is spending $2.2 billion to give away ObamaPhones.,FALSE
5262,Says Obama has failed to pass a budget.,FALSE
5264,"Says Joe Sestak voted to gut Medicare ... reducing benefits for 854,489 seniors and jeopardizing access to care for millions.",FALSE
5265,"Democratic tax hikes led $70 billion of wealth to leave New Jersey between 2004 and 2008, and mainly relocate to Florida, North Carolina, Virginia and Pennsylvania.",FALSE
5267,Says Florida had five sanctuary cities while Jeb Bush was governor.,FALSE
5268,"Cover Florida ""is available to any Floridian, offering basic coverage for about $150 a month, instead of the typical $600 a month.""",FALSE
5270,On timing of announcement for president.,FALSE
5275,"In Buffalos SolarCity project, Andrew Cuomo will create maybe 500 jobs if it ever happens at all, at about $1.5 million per job.",FALSE
5280,"In states where beer is unregulated, the per capita production is significantly higher.",FALSE
5284,Says Donald Trump never said that more nations should get nuclear weapons.,FALSE
5288,Says Hillary Clinton laid the groundwork for getting chemical weapons out of Syria.,FALSE
5290,The Senate immigration bill unleashes a massive increase in overall immigration. Were talking about a population increase under the Senate bill of over 70 million people in 20 years.,FALSE
5292,Says he will pursue change in federal law to protect employees from extortion from a union because the Supreme Court has ruled that federal prohibitions outlawing extortion usually do not apply to unions.,FALSE
5293,"Obama ""shunned the opportunity to talk to soldiers to thank them for their service.""",FALSE
5294,"And while (Ted) Strickland proposed cuts for services for children, he wasted over $250,000 remodeling his bathrooms at the governors mansion.",FALSE
5296,Weve had the same leadership in the Travis County DAs office for 30 years.,FALSE
5297,Do you know that we have pipes carrying natural gas in this country that are made of wood? Im not joking.,FALSE
5299,Roy Barnes voted against a bill in the state Senate that would have made it easier to convict child abusers.,FALSE
5300,Many just call him Lyin Ted. ... HisTV ad about John Kasich? Lie! Stations had to pull it off the air.,FALSE
5303,We had no domestic attacks under Bush.,FALSE
5304,"The White House has ""refused"" international help in dealing with the oil spill.",FALSE
5306,Says Ted Cruz never denied his father was photographedwith Lee Harvey Oswald.,FALSE
5308,"Our most important work has been creating and retaining almost 55,000 Ohio jobs.",FALSE
5309,"Roy Barnes is part of the team that has run up trillions of dollars in debt that Americans will spend years paying off, and theyve done it without creating one job.",FALSE
5312,Says President Barack Obamas recent New York fundraising trip cost between $25 million and $50 million.,FALSE
5317,Daniel Webster is an advocate for a group that teaches that mothers should not work outside the home.,FALSE
5319,The citys 30 percent set aside for affordable housing in urban renewal areas is calculated citywide -- not district by district,FALSE
5321,$65 million from ABC privatization will not pay for even an overpass in Tysons Corner.,FALSE
5322,This is the first time since Roe was decided in 1973 that a court has granted personhood status to the preborn.,FALSE
5323,Says Republican candidates in Oregon are advocating violence against gays.,FALSE
5326,Dave Aronbergs career legal experience is less than two years as Asst. AG/private attorney.,FALSE
5328,Gains in Atlanta Public Schools scores on a national standardized test lend credence to dramatic score increases on state tests.,FALSE
5329,On signing a no-tax pledge,FALSE
5330,Says the number-one source of illegal immigration is people legally coming to the United States on a tourist visa or a student visa and then disappearing into the population and never being heard from again.,FALSE
5333,Says al Qaeda has camps with the drug cartels in Mexico.,FALSE
5334,"Romneycare sent costs spiraling out of control in Massachusetts, hiking premiums, squeezing household budgets.",FALSE
5336,"Members of Congress passed a pay raise for themselves of $10,000 over two years even as they voted not to raise Social Security benefits for 2010 and 2011.",FALSE
5337,Says Gov. Scott Walkers proposed budget would sell off Wisconsins state parks.,FALSE
5340,"The chairman of the party of Florida, who is an avid and outward supporter of Marco Rubio, gets to appoint 30 of those delegates.",FALSE
5341,"She said, you know, 'I voted for it, but I hoped it wouldn't pass.' That was a quote on live TV.",FALSE
5344,On sharing power with Republicans,FALSE
5345,Women (are) paid 77 cents on the dollar for doing the same work as men.,FALSE
5347,Says allegations that he made unwanted sexual advances on a female sheriffs deputy were found by two separate judges to not have merit.,FALSE
5348,"The more than $800,000 raised by the Alan Grayson campaign last quarter was ""#1 among all 435 members of the U.S. House of Representatives.""",FALSE
5352,"Shows in a television ad that police took evidence fromSolantic, Rick Scotts new health care company, after allegations emerged that the company was engaging in fraud.",FALSE
5353,"Mexican government officials hand out brochures showing individuals how they can avoid our Border Patrol, how they can get into our country.",FALSE
5354,Says Gov. Rick Perry failed to involve border sheriffs in developing plans to prevent violence in their communities.,FALSE
5356,Says Rep. Michele Bachmann said President Barack Obama might be to blame for the Fort Hood shootings.,FALSE
5359,"Hillary Clinton and Barack Obama want to raise capital gains taxes, which apply to home sales.",FALSE
5363,"For the first time in history, (Thors) hammer is being held by a woman.",FALSE
5366,"From 2000 to 2008, we averaged about five mass shootings a year. Were now averaging 15. So thats a three-fold increase.",FALSE
5367,Lloyd Doggett made millions off companies like Bank of America while they took taxpayer bailout money.,FALSE
5368,"Residents could have received nearly $48M for Local Schools, Fire District, Sheriffs Dept. and Social Services.",FALSE
5371,"Says Romney wants to take away early childhood education, slash K-12 funding, and cut college aid to pay for a $250,000 tax break for multi-millionaires.",FALSE
5375,"This year President Obama canceled the 21st annual National Day of Prayer ceremony at the White House under the ruse of not wanting to offend anyone.BUT on September 25, 2009 from 4 AM until 7 PM, a National Day of Prayer FOR THE MUSLIM RELIGION was HELD on Capitol Hill, Beside the White House.",FALSE
5376,The Tax Foundation figures Rhode Island as the 10th highest state for state and local tax burden per capita in the country. Were the 6th worst in the country for the business tax index. Were the 3rd highest per capita in the country for all taxes.,FALSE
5378,"Says former Clinton budget director Alice Rivlin said the stimulus bill ""won't actually stimulate the economy.""",FALSE
5379,Says South Carolina Gov. Nikki Haley is an immigrant.,FALSE
5383,On support for the Affordable Care Act (Obamacare).,FALSE
5385,The total unemployment rate for Hispanic or Latino workers has increased from 10% to 10.3% between January 2009 and March 2012.,FALSE
5387,"Says in the governors proposed budget the use of that, what is called one-shots, is a 500 percent increase over the last Corzine budget.",FALSE
5389,"On Tim Kaine: In exchange for campaign contributions, he appointed a radical jihadi to the Virginia Immigration Commission.",FALSE
5390,We are experiencing the worst economic recovery America has ever had.,FALSE
5392,The growth in health care costs has been reined in through the Affordable Care Act.,FALSE
5398,A number of the national publications have put this race in a tossup race between Democrats and Republicans. They don't know who's going to win this race.,FALSE
5399,Says New Jerseys job growth in May represents 25 percent of all the jobs created in the country.,FALSE
5400,"President Obama's bill won't bring down the costs (of health care) for average Americans -- or really for very few Americans, if any.",FALSE
5401,"The United States has more of our people in prison than Russia, China, and North Korea combined.",FALSE
5402,"As usual, Hillary the Dems are trying to rig the debates so 2 are up against major NFL games.",FALSE
5403,Louie Gohmert of Texas blamed the mass shooting at a movie theater in Colorado on the ongoing attacks on Judeo-Christian beliefs.,FALSE
5407,A lot of the problems with forest fires ...is because of bad policy (not to clear out the forests) that was put in place by environmentalists.,FALSE
5408,Sheldon Whitehouse voted for a $525-billion tax increase on the middle class.,FALSE
5409,The Americans for Tax Reform pledge relates to new taxes that were going to be initiated by legislative action.,FALSE
5412,Women make only 78 percent of what men make for the same job.,FALSE
5414,Says he was the first local official to endorse Barack Obama,FALSE
5415,About $4.89 billion in one-time money was used to balance the current state general revenue fund budget.,FALSE
5418,We have no regulation of drones in the United States in their commercial use.,FALSE
5421,"After the debate that we had last week, PolitiFact came out and said that everything I said was true.",FALSE
5424,Theres talk in Congress now about basically confiscating your private 401(k) or IRA plan and rolling it into Social Security to strengthen Social Security.,FALSE
5428,AIG insures the pension trust of the United States Congress!,FALSE
5433,I didn't campaign on a public option.,FALSE
5436,Says Donald Trump and Marco Rubio opposed Cruzs efforts to defund Planned Parenthood.,FALSE
5443,"Welcome to Wisconsin road signs have always been made in Wisconsin,but Scott Walker is outsourcing themto an out-of-state company and paying more money for them.",FALSE
5444,Says Russ Feingold cast the deciding vote for the largest tax increase in history,FALSE
5446,Says signers of recall petitions against Wisconsin Gov. Scott Walker are at risk because of newly discovered provisions in state law.,FALSE
5447,"Says in Canada, the number of CT scan machines per 1,000 people is like one-tenth of what we have here in this country. Thats why people have to wait.",FALSE
5450,There havent been tax cuts for the rich in Rhode Island.,FALSE
5454,Says over 50 percent of U.S. job growth in June came from Wisconsin.,FALSE
5460,"We are seeing dramatic rate cuts to Medicare that will affect seniors ability to keep their doctor, hospital and prevention services.",FALSE
5461,We had a press conference here that interestingly no one in the mainstream media covered.,FALSE
5468,"In 1972, we had a 179,000 human beings in jail in this country. Today, it's 2.3-million, and 70 percent of them are black, African-American.",FALSE
5470,"Says Texas lawmakers agreed to cut states rainy day fund in half, spending $4 billion from current $8 billion.",FALSE
5478,The Obama administration manipulated deportation data to make it appear that the Border Patrol was deporting more illegal immigrants than the Bush administration.,FALSE
5479,Idaho Republican Rep. Mike Simpson is a liberal who voted with Nancy Pelosi to fund sex study programs of San Francisco prostitutes and to regulate the sale of firearms.,FALSE
5482,"I am the only U.S. Senate candidate who spoke out against bombing Syria, and who challenged Georgias governor and insurance commissioner over obstruction to the Affordable Care Act.",FALSE
5483,"The economic impact of new Atlanta Braves stadium includes 9,241 new jobs and $295 million in wages.",FALSE
5487,"Loretta Lynch, the new nominee for attorney general, was a member of Bill Clintons defense team during the 1992 Whitewater corruption probe.",FALSE
5489,"We win when voter turnout is high, we lose when it is low.",FALSE
5490,"Look, we are at war with these people and they dont wear uniforms. This is a war against people that are vicious, violent people, that we have no idea who they are, where they come from. We are allowing tens of thousands of them into our country now.",FALSE
5495,"Out of the total U.S. military budget, significantly less than 10 percent of that money is used to fight international terrorism.",FALSE
5504,"At Texas AM University, only 49 out of 3,000 faculty members brought in enough money to pay for their salaries and overhead over the past five years.",FALSE
5507,Says he didnt tell viewers that the Obama campaign hid news about the motives behind the attack in Benghazi because Obama was running for re-election.,FALSE
5509,There are more people killed with baseball bats and hammers than are killed with guns.,FALSE
5512,The debt limit deal allows President Obama to borrow unlimited amounts of money.,FALSE
5514,"Every piece of legislation, just about, that I ever introduced (in the U.S. Senate) had a Republican co-sponsor.",FALSE
5516,Says Obamacare is the largest middle-class tax increase in history.,FALSE
5517,Wendy Davis raised money for a U.S. House Democrat who is a member of a Democratic socialists group.,FALSE
5519,"The failed economic policies of President Barack Obama, the Democrats and the Federal Reserve are making gas prices higher while Americas economy is running on fumes.",FALSE
5520,"Says Mitch McConnell voted to raise Medicare costs for a current Kentucky senior by $6,000.",FALSE
5521,Says the president of the University of Texas has raised four-year student graduation rates to 75 percent.,FALSE
5522,"Im 59. In either Canada or Great Britain, if I broke my hip, I couldnt get it replaced.",FALSE
5525,The Foreign Intelligence Surveillance Court is transparent.,FALSE
5526,Says Governor-elect Scott Walkers choice as transition team leader killed the release of a damaging report on Walkers record in the days leading up to the election.,FALSE
5530,HIV/AIDS among women is skyrocketing in Austin.,FALSE
5532,More whites believe in ghosts than believe in racism.,FALSE
5533,The conviction rate is almost exactly the same for whites and blacks who commit murder.,FALSE
5534,"My plan actually gives the middle class the greatest break: $2,000 per family.",FALSE
5536,(New Jersey Network) is the only news station which covers New Jersey government.,FALSE
5538,Obamacare doesnt require members of Congress to abide by the same rules that all of the other Americans do.,FALSE
5540,Takes credit for reining in state spending when he was governor.,FALSE
5542,"In other jurisdictions where (a domestic partnership registry) has been enacted, we have seen that fewer people enter into marriage.",FALSE
5544,"Says state Sen. Steve Ogden was the driving force behind business income tax hurting small business, crafted the Robin Hood school finance scheme making property taxes skyrocket, wrote a budget that will result in a $14 billion deficit and voted against gun freedoms.",FALSE
5545,"And, you know, our first president and our first commander in chief prayed every day. He had a field manual of prayers.",FALSE
5546,"On three occasions, judges had to stop Jason Kander from manipulating elections.",FALSE
5549,Congressman Renacci is under FBI investigation.,FALSE
5552,U.S. Rep. John Barrow of Georgia has helped support the implementation of Obamacare.,FALSE
5553,A YouGov.com poll shows 71 percent of Obama voters regret voting for him.,FALSE
5554,The auto companies have now repaid taxpayers every dime and more of what my administration invested in.,FALSE
5555,Were the highest taxed nation in the world.,FALSE
5562,Says the Obama administration invited Russia into Syria.,FALSE
5570,"The reality is that we have roughly 15,000 undocumented immigrants living in the state...",FALSE
5571,"Says Hillary Clinton has taken hundreds of millions from those countries where women are stoned, where women are killed for adulteryand women cant drive.",FALSE
5575,Ron Oakleys conservative leadership protected local taxpayers over government bureaucrats as theWater Management Districts budget decreased by 58 percent in the four years he served on the board.,FALSE
5580,Say water fluoridation started in Nazi Germany ghettos and death camps to pacify the Jews.,FALSE
5581,Says his plan would cut taxes without increasing the deficit.,FALSE
5586,"An April 7, 2015 referendum would take the choice of chief justice of the Wisconsin Supreme Court away from the people.",FALSE
5588,Says Mitch McConnell voted three times for corporate tax breaks that send Kentucky jobs overseas.,FALSE
5590,Sean Duffy backed plan to privatize Social Security.,FALSE
5593,Says library district would come at no direct cost to the city budget.,FALSE
5599,Says Barack Obama put in place a board that can tell people ultimately what treatments theyre going to receive.,FALSE
5604,"The Obama-Clinton war on coal has cost Michigan over 50,000 jobs.",FALSE
5605,"For my energy plan, my economic plan, and the other proposals you'll hear tonight, I've offered spending cuts above and beyond their cost.",FALSE
5606,"There are about 350,000 people who succeed in crossing our borders illegally each year.",FALSE
5607,Six convictions are connected to an allegation by prosecutors that Gov. Scott Walker is at the center of a criminal scheme.,FALSE
5613,Employers and schools have no right to conduct surveillance of a dorm room or a workers cubicle.,FALSE
5614,Foreign Chinese prostitution money is allegedly behind the groups funding Congressman Jim Renaccis Republican majority.,FALSE
5615,"Says my advocacy questioning contracting out in Parks delayed and altered the renewal of the Brooks contract, and reduced the number of contracted employees in Parks from over 100 to fewer than 40.",FALSE
5618,The people that perpetrated that travesty in San Bernardino had never been to the Middle East.,FALSE
5628,An 11-year-old girl was investigated by the FBI and had to pay a $500 federal criminal fine because she found an injured woodpecker and put it in a cage to make sure that the bird was OK.,FALSE
5631,"In Congress Tom Barrett voted to allow abortions through the ninth month, just moments before the baby is born.",FALSE
5633,"When (Barack Obama) took office, 2.3 million people were out of work. Five-plus years later, we have 5 million-plus out of work.",FALSE
5634,"Says in January 1992, George H. W. Bush probably had a 90 percent or even higher approval rating after the first Gulf War.",FALSE
5635,"When LBJ started#WarOnPoverty, 14% of Americans lived in poverty. 50 yrs later, 14% still do. Theres a #BetterWay.",FALSE
5640,"Responding to a major snow event in Atlanta would be like Kansas City, Mo., responding to a major earthquake.",FALSE
5641,Says Russian President Vladimir Putin calls me brilliant.,FALSE
5644,"In April 1997, there was a gas out conducted nationwide in protest of gas prices. Gasoline prices dropped 30 cents a gallon overnight.",FALSE
5645,Sakineh Mohammadi Ashtiani was never sentenced to stoning.,FALSE
5647,"During the Reagan administration, ""Millions of people were thrown out of work.""",FALSE
5650,"In New England, Rhode Island has the second highest number of police officers being assaulted.",FALSE
5651,"My opponent, in 2008, had contributions investigated by the federal government.",FALSE
5653,Weve had the lowest health care inflation in history because of Obamacare.,FALSE
5654,"After not having any foreign trade offices overseas for the past decade, New Jersey opened offices in Shanghai and London in the past six months, and has seen an 18 percent increase in exports.",FALSE
5661,"Says he didnt call Dr. George Tiller a baby killer, as liberal groups charge, but was merely reporting what some prolifers branded him.",FALSE
5662,"Quotes Mark Cuban as saying,I worry that millions of millennials are voting Democrat this year because they fact-check everything.",FALSE
5665,"In preparing a rules package for the 112th Congress, the GOP had no discussions with Democrats.",FALSE
5668,The United States has the most number of deductions available to corporations for the corporate income tax.,FALSE
5669,"UPS left 15,000 employees spouses without health insurance and told them to, go on an exchange with no employer subsidy.",FALSE
5670,"Says the goal of the Affordable Care Act was to get 30 million people insured, but it only got 7 million.",FALSE
5672,We didnt have a development director for over seven months.,FALSE
5673,"There is not one of the Muslim nations that doesnt have discrimination against women, discrimination against gays, subjugation of other religious beliefs.",FALSE
5678,Says Alex Sink supported higher sales taxes.,FALSE
5680,Says Sherrod Browns campaign attacked Josh Mandels military service,FALSE
5681,The city of Pembroke Pines doesnt have a vote in a plan to build a detention center in Southwest Ranches.,FALSE
5684,The Democratic majority led the 111th Congress to spend more money in two years than the first 100 congresses before them combined.,FALSE
5686,"When Josh Mandel claims to have accepted three debates with Sen. Sherrod Brown, he is lying. He has accepted ZERO proposed debates.",FALSE
5689,The reason 29 states no longer have a death tax is that the tax damaged their economic competitiveness.,FALSE
5691,"As chair of the Senate Education Committee, I led the charge to restore most of the education cuts from last session.",FALSE
5694,SaysHillary Clinton took 13 hours to send help to Americans under fire during the terrorist attack in Benghazi.,FALSE
5696,Discretionary spending went up 84 percent in the last two years,FALSE
5697,The Mexican government ... they send the bad ones over.,FALSE
5699,Says Mike Coffman is with Trump.,FALSE
5701,"In two terms in the Missouri General Assembly, Jason Kander passed ZERO bills that were signed into law.",FALSE
5702,"Under President Barack Obama, income levels and unemployment numbers are worse now than just about ever for African-Americans.",FALSE
5704,"Due to the sequester, people are going to be unsafe. Homes are going to burn.",FALSE
5707,"Says Sheldon Whitehouse said on Senate floor: Everybody in Rhode Island who disagrees with me about Obamacare is an Aryan, is a white supremacist.",FALSE
5708,One year today since #GOP took control of the House and no new jobs.,FALSE
5711,"White House Political Director Patrick Gaspard once served as the ""right-hand man"" for Bertha Lewis, who heads up ACORN.",FALSE
5714,"Says she does the jobs of state auditor, secretary of state and lieutenant governor for less than the price of one of them in Washington state.",FALSE
5715,"Under current policies, were going to reduce the overall debt of the United States by $3 trillion over the next 10 years.",FALSE
5716,I have always been focused on reining in the deficit.,FALSE
5717,"We dont get a lot of calls from this White House I have, frankly, never had a call from them.",FALSE
5720,"Credit agency says Rep. Gibbs recklessly caused downgrade, higher interest rates.",FALSE
5721,"We're building a nearly $40-billion natural gas pipeline, which is North America's largest and most expensive infrastructure project ever.",FALSE
5722,Stimulus money went to office upgrades for politicians.,FALSE
5726,Jeb Bushs plan for Social Security is disastrous for seniors and raises the retirement age to 70.,FALSE
5727,I have little doubt that we've moved into recession at this point.,FALSE
5729,"Says that Lee Fisher once said, I never met a gun control bill I didnt like.",FALSE
5732,Says George Soros and Bill Gates are funding a bioweapons lab in Sierra Leone that caused the Ebola outbreak.,FALSE
5733,Nevada Republicans didnt do one single thing to cut spending in 2015.,FALSE
5735,"Says Democratic challenger for his N.C. House seat raised taxes on clothing, school supplies even baby diapers!",FALSE
5737,I released all my emails.,FALSE
5739,''I have received more contributions than any other candidate in the race Republican or Democrat.'',FALSE
5744,SaysGov. John Kasich incorrectly claimed Ohios economy was 38th in the nation when he took office. We were sixth in the nation in terms of economic job growth.,FALSE
5745,"(Birmingham, Ala.) is the cradle of the civil rights movement.",FALSE
5749,I was banned from talking about Bill Ayers during the 2008 presidential campaign.,FALSE
5751,Says Wisconsin Gov. Scott Walker literally invented a $3.6 billion deficit.,FALSE
5753,Virginia is home to more veterans per capita than any state in America.,FALSE
5758,Says Gov. Jim Doyle and the DNR have not put hunters first and mismanaged the deer herd; as a result the deer population has dwindled.,FALSE
5761,"Today, you cant rely on (the retirement fund for public employees), its not funded.",FALSE
5766,Floridas regulations on the payday lending industry are stronger than almost any other state.,FALSE
5767,Congressman Bill Young voted to cut taxes for millionaires and end your Medicare.,FALSE
5768,"On my last trip to New Hampshire, I think I met the guy who founded the first and only bank since Dodd-Frank passed, since the financial crisis. One bank in the country.",FALSE
5770,Says Alaska Sen. Mark Begich supported President Barack Obamas economic policies 97 percent of the time.,FALSE
5773,Less than 10 percent of President Barack Obamas Cabinet members have private-sector experience.,FALSE
5786,Says Tom Steyer is aCalifornia billionaire who stands to profit by blocking Keystone and is spending big to help Bruce Braley.,FALSE
5788,On adoption by gay couples,FALSE
5790,Matt Patten kicked off his dirty campaign with thousands in dirty cash from guess who? (Frank) Russo and (Jimmy) Dimora.,FALSE
5791,"43,000 people are going to be kicked out of nursing homes or denied nursing home entrance if the Texas House version of the state budget passes into law.",FALSE
5794,"Of hospitals in Rick Scotts Columbia/HCA health care company, ""A top executive said they even turned away a poor man and left him to die outside their door.""",FALSE
5796,Fox News airs Stuart Scott R.I.P. tribute with picture of Stephen A. Smith.,FALSE
5797,Seventy percent of the people living in abject poverty are women.,FALSE
5799,"Says after Hurricane Sandy, New York Mayor Michael Bloomberg refused to allow the National Guard into the city to restore civil order because Guardsmen carry guns!",FALSE
5801,Heres something that people never talk about with coach Schiano: Rutgers had the best graduation rate of any Division I football program in America.,FALSE
5802,When youre white ... you dont know what its like to be poor.,FALSE
5806,Nobodys addicted to marijuana.,FALSE
5808,Says Gov. Scott Walker took away $1.6 billion from schools and handed it off as over $2 billion in tax breaks to the rich.,FALSE
5811,On bipartisan redistricting.,FALSE
5813,"Says Reps. Rush Holt, Frank Pallone and Bill Pascrell are willing to jeopardize seniors access to coverage by gutting $741 billion from Medicare to pay for a big-government healthcare takeover.",FALSE
5817,"Horse racing could boost Georgias economy by $1 billion a year and create 10,000 to 20,000 jobs.",FALSE
5818,Russ Feingold voted against the law that protected our lakes and was the only Great Lakes senator to vote no.,FALSE
5819,Says the new Dodd-Frank financial law requires a 20 percent down payment to buy a house.,FALSE
5820,"I have a perfect voting record from organizations like the Veterans of Foreign Wars, the American Legion and all the other veterans service organizations.",FALSE
5821,Barack Obama has consistently voted against tougher penalties for criminals.,FALSE
5822,"For the amount of money Hillary Clinton would like to spend on refugees, we could rebuild every inner city in America.",FALSE
5827,"After hiring a campaign manager in 2006, I got this $100 and something fee ... for hazardous materials.",FALSE
5828,"In 2009, pre-Hillary, ISIS was not even on the map.",FALSE
5830,"Nobody has been talking about it (Medicaid fraud), focused on it, or paying attention to it.",FALSE
5831,"Rick Scott has destroyed over 100,000 jobs.",FALSE
5837,"Says Texas gained 21,000 doctors due to tort reform.",FALSE
5838,"Technically, (Ted Cruz is) not even an American.",FALSE
5840,"Rubio's ""got more experience than Obama had.""",FALSE
5848,"Says no, youre wrong, responding to the assertion that stop-and-frisk was ruled unconstitutional in New York.",FALSE
5849,The majority of revenue generated by a proposed Kenosha casino would be sent to the Seminole tribe in Florida.,FALSE
5851,Says Gov. Rick Scott cut more government jobs than were created in the private sector in Florida in 2012.,FALSE
5854,"Studies suggest the 2017 College Football Playoff Championship game will bring about 1,700 to 1,800 full-time jobs.",FALSE
5855,Says that he did not exactly say that communities have the right to ban mosques.,FALSE
5856,"Faced with $1 million in campaign debt, Scott Walker is unloading his campaign security costs onto the backs of Wisconsin taxpayers.",FALSE
5857,"George Allen had 40,000 earmarks while he was a senator.",FALSE
5863,The Clean Power Plan is something that Sen. Sanders has said he would delay implementing.,FALSE
5867,"Says Barack Obama is a hypocrite for criticizing President George W. Bushs drone attack program, then using it aggressively as president.",FALSE
5869,"Says 160,000 kids stay home every day because they are afraid to go to school because of bullying.",FALSE
5870,We reduced abortion. We increased adoptions by 135 percent.,FALSE
5874,Theres no plan from Senate Democrats or the White House to replace the sequester.,FALSE
5877,"I differed with my party on business legislation, on consumer protection, and on free trade agreements.",FALSE
5878,We will have the highest general revenue in state history next year. Conservative pro-growth policies work in our state.,FALSE
5880,"In 2013, Dan Patrick voted against funding to test the backlog of rape kits, allowing rapists to walk free.",FALSE
5884,One-third of the gasoline is purchased by out-of-state people in Virginia,FALSE
5888,Says Kurt Schrader supports Obamas sequester but wont cut $1.6 million to fund new video games.,FALSE
5889,"In the last year, Wisconsin ranked third in Midwest job growth.",FALSE
5892,Leticia Van de Putte voted to stop schools from removing teachers convicted of a felony.,FALSE
5895,Recently Rick Scott closed 30 womens health care centers across the state.,FALSE
5897,Says federal health care overhaul will cost Texas state government upwards of $30 billion over the next 10 years.,FALSE
5898,"Says President Barack Obama has put (up) a stop sign against oil drilling, against any kind of exploration offshore or in Alaska.",FALSE
5899,"Ive created over 40,000 jobs.",FALSE
5901,The debt-ceiling bill doesnt cut the debt. It will add about $7 trillion in new debt over the next 10 years.,FALSE
5902,"Says Hillary Clinton has been a champion of globalist trade agreements. ... Worst of all, they are now pushing the disastrous 5,000-page Obamatrade the Trans-Pacific Partnership agreement.",FALSE
5904,"Ganley said that if elected, he wants to cut the dickens out of Social Security, Medicare and Veterans benefits.",FALSE
5911,Defends his vote to push retirement age to 70 by saying he is for a process that would not be fully implemented until around the turn of the century.,FALSE
5912,President Obama . . . wants to mandate circumcision.,FALSE
5913,"The president has given 1,100 special waivers to his friends for Obamacare.",FALSE
5914,"Says that three of these five Republicans -- Ben Westlund, Rob Patridge, Max Williams, Lane Shetterly, Lynn Lundquist -- later became Democrats.",FALSE
5915,The crime decline in the United States would be fairly small if it wasn't for the crime decline in New York City.,FALSE
5918,Rick Scott doesnt have any ties to a lobbyist.,FALSE
5919,At my first Lets Get to Work Day we sold out; more than 240 dozen doughnuts by 8:30 a.m.,FALSE
5920,Glen Sturtevant is against smaller class sizes.,FALSE
5921,"Congressional lawmakers earn their salaries FOR LIFE, which for House Minority Leader Nancy Pelosi would add up to $803,700 Dollars a year for LIFE including FREE medical.",FALSE
5923,"I have never asked for a single earmark, pork barrel project for my state of Arizona.",FALSE
5924,"Starting in 2011, ""you will be required to pay taxes"" on ""the value of whatever health insurance you are given by the company.""",FALSE
5925,Planned Parenthood is nothing more than a referral service. They dont do anything except profit from killing babies and then selling body parts of those aborted babies.,FALSE
5926,Says Democratic recall opponent Tom Barrett is campaigning on lifting property tax limits.,FALSE
5932,Milwaukee County has a parks capital budget thats bigger than its been in the last 10 years.,FALSE
5933,"Says Charlie Crist wants felons who commit a heinous crime such as intentional permanent disfigurement of a child, you walk out of jail, you immediately get to vote.",FALSE
5934,700 jobs (were) lost because Allen Boyd voted for the health care bill.,FALSE
5935,"Because of (the 1994 crime bill), we had a 25-year low in crime, a 33-year low in the murder rate, and listen to this, because of that and the background check law, a 46-year low in the deaths of people of gun violence.",FALSE
5936,"In 2009, we cut state spending in real terms for the first time in 150 years.",FALSE
5937,"In every poll, John Cornyn always loses to any conservative the voters have heard about.",FALSE
5940,"Twitter, Google and Facebook are burying the FBI criminal investigation of Clinton. Very dishonest media!",FALSE
5944,"Education Week says Obama 'hasn't made a significant mark on education,' is 'elusive' on accountability, and a 'staunch defender of the existing public school monopoly.'",FALSE
5946,"Weve had about 3,000 murders in connection with lax border security.",FALSE
5951,Florida's new fingerprint identification system is improving our rate of solving cold cases by 300 percent.,FALSE
5952,The 2009 stimulus bill failed to get people back to work.,FALSE
5954,Muslims tried to use Sharia law to influence court decisions in New Jersey and Oklahoma,FALSE
5956,We can save $125 billion in simply not giving out money to Medicare recipients that dont exist for procedures that didnt happen.,FALSE
5957,The University of Wisconsin System will be much more affordable than just about any other campus in America because going forward we have a cap on it tied to inflation.,FALSE
5958,Gov. Rick Perry used $3.2 billion in stimulus dollars for schools to plug other holes in his budget.,FALSE
5965,Says Barack Obama is the only American president who has not visited the D-Day Monument in Normandy on D-Day.,FALSE
5966,Says Oregon is one of only three states that allow the use of gillnets on inland waters.,FALSE
5967,"Obamacare is the biggest job-killer in this country -- millions of Americans have lost their jobs, have been forced into part-time work.",FALSE
5968,"Says Donald Trump made a lot of money from outsourcing jobs thanks to NAFTA but never, ever raised his voice against it when Congress was considering it.",FALSE
5970,Says he was a Marine during Vietnam.,FALSE
5971,AARP is endorsing the health care reform bill.,FALSE
5972,Says Mitt Romneys investments created zero jobs.,FALSE
5974,"These steps (a middle-class tax cut, national health care plan, foreclosure prevention fund, Social Security fix and more) are all paid for.",FALSE
5975,Barack Obama and Hillary Clinton are negotiating with the United Nations about doing a treaty that will ban the use of firearms.,FALSE
5976,"The nearly six-year delay in approving Keystone is costing Americans more than 100,000 jobs.",FALSE
5977,Says iPads and iPhones are built in the United States of America.,FALSE
5978,"Dubious taxpayer-funded stimulus projects in Rhode Island include $250,000 to provide digital television to the states inmate population.",FALSE
5979,The Pentagon itself says that we could eliminate 20 percent of U.S. bases.,FALSE
5981,"In the history department at the University of Texas, out of 50 registered voters, only one is a Republican.",FALSE
5987,New Jerseys citizens are working at the highest rate in three years.,FALSE
5988,The money supply has doubled in the last year.,FALSE
5989,"Says Oregons high minimum wage is the reason why by 2011, Oregons restaurants employed an average of only 13.8 workers, or 2.6 fewer employees than they did before the states minimum wage began rising above the federal level in 1997.",FALSE
5992,The Climatic Research Unit e-mails show that the science behind climate change has been pretty well debunked.,FALSE
5994,"Rick Perry ended full-day Pre-K for 100,000 Texas children.",FALSE
5997,Says Alex Sinks plans for governor include $12.5 billion in new spending.,FALSE
5998,"Any child born prematurely, according to the president, in his own words, can be killed.",FALSE
6000,Recent data showed Nevada ranks 50th in the money received from the stimulus bill.,FALSE
6002,Nearly half of all persons under 30 did not go to work today.,FALSE
6003,Ted Cruz tried to ban contraception five times.,FALSE
6007,Obama keeps talking about getting rid of all nuclear weapons. Hes already significantly reduced our capabilities there.,FALSE
6009,The numbers of people that support Obamacare and like it have been steadily dropping.,FALSE
6011,"Obama's wife wrote a paper in college that said America was a nation founded on ""crime and hatred"" and that whites in America are ""ineradicably racist.""",FALSE
6013,"Says Gov. Rick Scott lost Florida 331,247 jobs.",FALSE
6014,Says North Carolina Republican Senate candidate Thom Tillis supports a plan that would end Medicare as we know it.,FALSE
6016,"Says Freddie Mac, electric co-ops and credit unions are all government sponsored enterprises.",FALSE
6018,"When Obama was interviewed by American reporters in Asia, ""Not one of them asked me about Asia. Not one of them asked me about the economy.""",FALSE
6020,A majority of Wisconsinites opposed the government takeover of health care. But Russ Feingold voted for it anyway.,FALSE
6022,Obama has chosen to deny the vicious anti-Semitic motivation of the attack on a kosher Jewish grocery in Paris.,FALSE
6024,"Gas prices have never been higher, and Exxon Mobil's profits have never been higher.",FALSE
6026,"Says As Mayor of Wilsonville, I drove TriMet out of town and replaced their bloated transit system with our own local bus line that offers better service and has saved our businesses millions of dollars.",FALSE
6028,Did not vote for tax increases as a member of the West Miami City Commission.,FALSE
6029,Were going to be looking at $8 billion a day that were going to be pouring into foreign countries in order to import that make-up fuel that were going to need to take the place of what we could have gotten out of the gulf.,FALSE
6030,Birth control pioneer Margaret Sanger believed that people like me should be eliminated.,FALSE
6031,Says a trash mound on U.S. 290 is 800 feet tall.,FALSE
6033,"One of the first states in the union to pass a voter ID bill was Rhode Island, 85 percent Democratic legislature.",FALSE
6034,"In the past 27 months, President Barack Obama has created more private-sector jobs than in the Reagan recovery.",FALSE
6038,"Says Tom Barrett voted to ban 15 different kinds of guns, even a lot of common deer rifles.",FALSE
6040,Says he won the popular vote if you deduct the millions of people who voted illegally.,FALSE
6042,"E-mail quotes Maureen Dowd column that Obama has received suspicious contributions from Saudi Arabia, Iran and China.",FALSE
6045,"Says Connie Mack takes two homestead exemptions, directly contrary to Floridas Constitution.",FALSE
6047,"Says 220,000New Yorkers would have immediately benefitted had President Obamas executive action been affirmed.So almost a quarter million of our fellow New Yorkers who are hurting right now whose rights and opportunities were taken away by the Supreme Court.",FALSE
6048,"The bill reported out of committee sets up a $50 billion slush fund that, while intended for resolving failing firms, is available for virtually any purpose that the treasury secretary sees fit.",FALSE
6050,"The priorities of more than three-quarters of Americans are to increase the minimum wage, create a path to citizenship for illegal immigrants, and require background checks for gun buyers.",FALSE
6057,"Says that all those who do not answer directly to the president, theyve said (repealing Dont Ask, Dont Tell) is a terrible idea.",FALSE
6063,Says shes tried over 100 jury cases in Travis County courts.,FALSE
6066,Says Panasonic stayed in New Jersey because of the Business Retention and Relocation Assistance Grant (BRRAG) program.,FALSE
6071,"When Obama went to Pakistan in 1981, he could not have been traveling as a U.S. citizen.",FALSE
6077,"You have to be a citizen to vote, but with same-day voter registration, you have places where people just walk in and vote.",FALSE
6082,Obama has jumped the shark and ordered the ocean closed!,FALSE
6083,An image in a ChrisAbele TV ad depicts wealthy citizens who would benefit from a lake created by the controversial Estabrook Dam.,FALSE
6085,"In 2007, Ed Gillespie was paid $300,000 to be the frontman for a coalition that made the individual mandate the centerpiece of its health reform plan.",FALSE
6087,"Says Hillary Clinton presided over $6 billion lost at the State Department, sold uranium to the Russians through (her) faux charity, illegally deleted public records, and murdered an ambassador.",FALSE
6088,"Studies show that if we opened one reserve in Alaska now, in five years, gas prices could be at $2 a gallon.",FALSE
6091,"Says that while his plan would narrow the time for early voting, it still will be one of the most aggressive early voting time frames in America.",FALSE
6092,The director of the FBI said that we cannot properly vet people coming from the Middle East.,FALSE
6094,Says Barack Obama has added $16 trillion to the national debt.,FALSE
6096,Hillary Clinton is for open borders.,FALSE
6097,"Says the California flag was supposed to be apear, not a bear.",FALSE
6098,Texas Governor Rick Perrys voter ID law is a blatant effort to defeat Wendy Davis by disenfranchising tens of thousands of women voters.,FALSE
6102,Says Rep. Paul Ryans budget proposal would effectively double the interest paid out on existing and future student loans.,FALSE
6103,On the president unilaterally authorizing a military attack that does not involve stopping an actual or imminent threat to the nation.,FALSE
6104,"In some of the states in the U.S., homosexuality remains a felony.",FALSE
6106,Says U.S. Rep. Stephen Fincher breaks earmark pledge.,FALSE
6109,Says tax revenue was lower than expected in May and thats basically a clear indication the governors counselors are probably right -- that we are still not out of the woods yet.,FALSE
6110,"Congressional Republicans have introduced dozens of bills on social issues and other topics, but zero on job creation.",FALSE
6115,Health care mandate will require imprisonment and fines for Americans who cant afford to purchase insurance or pay hefty government penalties.,FALSE
6117,Says his tax plan wouldnt leave the federal government with a $1.1 trillion hole.,FALSE
6118,"The presidents come out with rules that say, No new coal-fired power plants.",FALSE
6119,"If the U.S. didnt borrow $1.2 trillion every year to fund government operations, that money would be available for entrepreneurs and business people to put to work creating jobs and building and expanding their businesses.",FALSE
6121,I actually started criticizing the war in Iraq before (Obama) did.,FALSE
6124,U.S. Rep. John Barrows plan puts the IRS in charge of your health care.,FALSE
6125,"In 2006, Arizona had four ballot issues that were ""very tough on illegal immigration... Forty-seven percent of the Hispanics in Arizona voted for them.""",FALSE
6129,The Books Sarah Palin tried to have banned.,FALSE
6140,Says Donald Trumps Make America Great Again caps are made in China.,FALSE
6142,"Says Sidney Blumenthal wrote that the Benghazi attack was almost certainly preventable. Clinton was in charge of the State Department, and it failed to protect U.S. personnel and an American consulate in Libya.",FALSE
6144,I saw my father march with Martin Luther King.,FALSE
6151,Were bankrupt.,FALSE
6152,"The polling shows over and over again that, unlike Donald Trump, that with me as the nominee, we beat Hillary Clinton.",FALSE
6154,Russ Feingold got a memo in 2009 that outlined veteran harm at a Wisconsin VA facility and nothing was done.,FALSE
6155,Says she is saving ratepayers $6 million/year.,FALSE
6156,Says recall organizers started their website last November and began work on their effort before he even took office.,FALSE
6162,We dont have any chess grandmasters in the United States.,FALSE
6166,As long as I have served . . . This is the first time every single solitary decision has required 60 senators.,FALSE
6175,"Barack Obama's health care plan is ""to mandate health care coverage and have a universal government-run program.""",FALSE
6177,50 percentof murders in Texas have been linked to illegal aliens.,FALSE
6179,"Among Syrian refugees and migrants coming into Europe, there look like very few women. Very few children.",FALSE
6181,Senator Robert Hurt voted for a bill thats raised your electric rates seven times.,FALSE
6182,"Since 2004, there have been some 1,300 attacks (on rail targets). Four thousand people have died. Thousands of injuries.",FALSE
6185,Says legislative debate of airport pat-down procedures initiated federal changes in security procedures.,FALSE
6186,Says Hillary Clinton aide Huma Abedin has ties to the Muslim Brotherhood.,FALSE
6188,"If you make more than $250,000 a year you only really take home about $125,000.",FALSE
6190,We have the highest rate of childhood poverty of any major country on Earth.,FALSE
6191,"The Doherty Campaign, unlike the Cicilline Campaign, is funded mostly by individual donors -- not the big PACs that Cicilline relies on.",FALSE
6194,789.json	true	I want to give every American a $5,000 refundable tax credit.""",FALSE
6197,The president and vice president cant be from the same state.,FALSE
6198,"There are actual cities like Birmingham, England, that are totally Muslim where non-Muslims just simply dont go in.",FALSE
6200,I campaigned on (the proposals in the budget repair bill for Wisconsin) all throughout the election. Anybody who says they are shocked on this has been asleep for the past two years.,FALSE
6202,"If you took every penny of the 1 percent, including their dog, you wouldnt even begin to balance the budget.",FALSE
6205,Statistics show 2 to 3 Texas women per week have major complications and 10 women per week seek help at an ER after an abortion.,FALSE
6206,"Under the new health care law, all real estate transactions will be subject to a 3.8% Sales Tax",FALSE
6209,"If we use (Tax Increment Financing) funding, thats going to take funds from the general fund for Pinellas County, as it will take funds from the general fund for the city of St. Pete.",FALSE
6210,Illegal counterfeiting and piracy costs the U.S. economy $100 billion... every year.,FALSE
6212,Says Texas public school funding grew three times the rate of enrollment from 2002 to 2012.,FALSE
6216,"When Jim Doyle was governor and Mary Burke was commerce secretary, Wisconsin saw billions in middle-class tax hikes on nursing home beds, gas, phones and garbage.",FALSE
6218,"Says Russ Feingold got paid $8,000 a lecture at Stanford University.",FALSE
6221,The first round of stimulus ... it created zero jobs.,FALSE
6222,The Senate Finance Committee approved a reform proposal that has both Democratic and Republican support.,FALSE
6223,Say Apples Tim Cook will not do business with Indiana.,FALSE
6224,Lindsay Parkhurst wants to take away programs like Social Security and Medicare that seniors have earned throughout their lifetimes.,FALSE
6228,Says he voted no on the Wall Street bailouts.,FALSE
6229,Seniors enrolled in Medicare Advantage are going to see an average premium increase between $50 and $90 per month.,FALSE
6233,Assault rifles already are banned.,FALSE
6237,GDP was zero essentially for the last two quarters.,FALSE
6238,Says a quote at the top of the redesigned website for the Department of Justice comes from a socialist who wanted to impose global common law.,FALSE
6242,"When Congressman Langevin took office, gas was around $1.70 per gallon, and now it is near $4 per gallon.",FALSE
6245,The Obama Administration's own White House Council of Economic Advisers has estimated 4.7 million Americans will lose their jobs if the (health care) bill passes.,FALSE
6246,"Says Wisconsin state Sen. Randy Hopper, R-Fond du Lac, has already been recalled.",FALSE
6247,Georgia lawmakers are now considering passing the most extreme gun bill in America.,FALSE
6250,A simple review of the Backrooms health code records will reveal that the restaurant already has a long-standing problem with rodent infestations.,FALSE
6251,Says $38 billion in spending cuts in federal budget compromise is less than $1 billion in real cuts.,FALSE
6253,The EPA has tried to define a puddle or a drainage ditch on your farm to be navigable waters and thus subject to massive environmental regulations.,FALSE
6259,"I am the only candidate who ran in either primary who said, I will not raise taxes on the middle class.",FALSE
6262,"A clause hidden in the Obamacare bill, which is now law, gives Obama the right to form a private army.",FALSE
6264,The Republicans have never done anything really to balance the budget.,FALSE
6265,On privatization of Social Security.,FALSE
6266,Romney signed government-mandated health care with taxpayer-funded abortions.,FALSE
6268,The Obama administration even proposed banning farm kids from doing basic chores!,FALSE
6269,Says U.S. Senate candidate Tommy Thompson supports a plan for privatizing Social Security.,FALSE
6271,Make no mistake -- Sherrod Brown is one of the main D.C. politicians responsible for Ohio jobs moving to China.,FALSE
6272,The Iranians continue in the view of every objective observer continue to pursue the acquisition of nuclear weapons.,FALSE
6276,Says 67 percent of marriages now wind up in divorce.,FALSE
6279,Russ Feingold has not worked anywhere outside of politics.,FALSE
6281,"As the number of vaccines administered to children has increased in the United States, so has the autism rate.",FALSE
6282,"Scott Walker has even removed the 250,000 jobs promise from his website.",FALSE
6283,"The Obama Administration wants to have soldiers and officers pledge a loyalty oath directly to the office of the President, and no longer to the Constitution.",FALSE
6284,"After Texas defunded Planned Parenthood, both the unintended pregnancy and abortion rates dropped.",FALSE
6285,Only one out of five of the so-called Syrian refugees who went into Europe were actually Syrian.,FALSE
6287,The New York Times had to retract its story that Hillary Clintons email handling had broken certain laws.,FALSE
6288,"Says Judge Gonzalo Curiel is a member of a club or society, very strongly pro-Mexican.",FALSE
6292,Women own just 1 percent of the worlds land.,FALSE
6294,Obama ad contends that John McCain endorses Rush Limbaugh's comments about immigration.,FALSE
6295,Obamacare will question your sex life.,FALSE
6299,Says Hillary Clintons health care plan from the 1990s had a broader provision in favor of corporate right to back out of providing contraceptive coverage than the one created by the Hobby Lobby Supreme Court decision.,FALSE
6300,The fact is voter fraud is rampant.,FALSE
6309,"Since Rep. John Boccieris election, Ohio has lost 600,000 jobs and his districts unemployment has doubled.",FALSE
6312,"Obama plans ""a tax increase for everyone earning more than $42,000 a year.""",FALSE
6315,The payday loan industry does not exist in a state like Minnesota.,FALSE
6316,Heres the simple and undeniable fact: The overwhelming majority of violent criminals are Democrats.,FALSE
6318,"Says Bruce Springsteen only had 8,000 tickets sold for a Greensboro show and canceled after they didnt get the ticket sales they wanted.",FALSE
6319,"In January, I outlined a plan to help revive our faltering economy, which formed the basis for a bipartisan stimulus package that passed the Congress.",FALSE
6321,"TheCBO saysthe cost of health care reform will rise to $1.8 trillion, increasing the price to far greater than the $900 billion originallyprojected.",FALSE
6323,Says the national heath care reform is a government takeover of health care.,FALSE
6325,There was serious voter fraud in Virginia.,FALSE
6329,"The 9/11 terroristsfriends, family, girlfriends in the United Stateswere sent back for the most part to Saudi Arabia. They knew what was going on. They went home, and they wanted to watch their boyfriends on television.",FALSE
6330,The Koch brothers alone gave twice as much money to Scott Walker as the total amount of money raised by Tom Barrett.,FALSE
6331,Mitt Romneys platform ...wont protect the mortgage interest (tax) deduction for middle-class families.,FALSE
6333,New energy standards will take away our freedom of choice and selection in the light bulbs we have in our homes.,FALSE
6342,"Governor Christie, his idea of jumpstarting the economy is to propose a trickle-down income tax cut last year and in his budget address this year, he stated his support for it again.",FALSE
6348,On job creation numbers in the latest Start-Up NY report: This is a significant number of overcounts in the compilation that Ive looked at.,FALSE
6350,"In his very first budget, (Milwaukee) Mayor Tom Barrett broke his pledge to keep a lid on property taxes and has continued increasing taxes and fees ever since.",FALSE
6351,SayPresident George W. Bush borrowed $1.37 trillion of Social Security surplus revenue to pay for his tax cuts for the rich and his war in Iraq and never paid it back.,FALSE
6352,The Benghazi victims were left helpless to die as Hillary Clinton soundly slept in her bed.,FALSE
6358,Says President Franklin Delano Roosevelt sent his advisers to study socialism with Soviet dictator Josef Stalin so the president could replicate it in the United States.,FALSE
6360,"Says I never billed a single hour of my time to the City of Portland in the last 10 years -- so, no revolving door.",FALSE
6361,This is the first time since the Depression that unemployment has stayed above 9 percent for two consecutive years.,FALSE
6362,Red light camera installed to promote public safety.,FALSE
6363,"Minimum wage = $16,000/year CEO-Goldman Sachs (Lloyd Blankfein) $16,000/Hour.",FALSE
6364,"Obamas stimulus, passed in his first month in office, will cost more than the entire Iraq War.",FALSE
6365,"Janice Hahn hired hard-core gang members with taxpayer money to be gang-intervention specialists. She even helped them get out of jail, so they could rape and kill again.",FALSE
6367,Michelle Nunns foundation directed grants to an Islamic group tied to radical terrorists.,FALSE
6368,"As first lady, Clinton would travel to places that were ""too small, too poor or too dangerous"" for the president.",FALSE
6372,Pam Bondi refuses to take a position on the gay-adoption ban.,FALSE
6373,"Under Obamacare, people who have a doctor theyve been seeing for the last 15 or 20 years, they wont be able to keep going to that doctor.",FALSE
6381,"The Iraq war has been ""our longest war.""",FALSE
6383,[Federal] law says that you cant give in-state tuition to an illegal alien unless you first offer it to any other student regardless of their state of residence.,FALSE
6384,"The most realistic estimates for jobs created by Keystone XL are maybe 2,000 jobs during the construction of the pipeline.",FALSE
6385,"When [Mitt Romney] was the governor of Massachusetts, he performed 100 and Im not sure this number is right, but my mind says its about 180 gay marriages.",FALSE
6387,Says Sen. Mark Pryor voted for special subsidies for lawmakers and staff in Congress so theyre protected from Obamacare.,FALSE
6388,Tom Barrett voted for the largest tax increase in history ... raising taxes on gas and Social Security.,FALSE
6392,Giving money to politicians has paid off for Paul Workman. Workman gave thousands to politicians and got millions in government construction projects.,FALSE
6396,Repealing the health care law would save $95 billion in 2016.,FALSE
6398,Fifty percent of Americans will go hungry at some time in their lives.,FALSE
6400,Poverty levels (are) at an all-time high.,FALSE
6401,"On ISIS, (Michael Bennet) chose the (Washington) insiders over our generals.",FALSE
6404,"Says high-speed rail would have created 60,000 jobs.",FALSE
6407,"Supported in-state tuition in Arkansas for illegal immigrants ""if you'd sat in our schools from the time you're 5 or 6 years old and you had become an A-plus student,"" among other things.",FALSE
6412,"Senate Bill 1070, simply, just mirrors federal law.",FALSE
6413,I helped write the Affordable Care Act.,FALSE
6414,Dolphins are rapists. Look it up.,FALSE
6416,Republicans are trying to impeach our president.,FALSE
6421,"In the late 1980s, the U.S. was nearly the lowest-taxed nation in the world, and a quarter century later were nearly the highest.",FALSE
6430,Morgan Griffith fought for a plan that would have taken money away from our schools and given it to Northern Virginia schools instead.,FALSE
6431,Says that as Wisconsin governor he never raised taxes.,FALSE
6437,Says Charlie Crist voted against minimum wage when he was in the Senate.,FALSE
6438,Soldiers Donating to Tea Party Now Face Punishment Under the Uniform Code of Military Justice.,FALSE
6439,"[Renewable energy] projects . . . get us off foreign oil and away, step by step, from these foreign entanglements that we have to get into to defend our oil supply.",FALSE
6442,Dave Brat said the best way to fix Social Security would be to give seniors back what they paid in and no more.,FALSE
6443,The Wisconsin Department of Corrections is considering implementing mandatory physical fitness testing for security staff.,FALSE
6449,Says John Boehner changed his position on extending Bush tax cuts.,FALSE
6451,Obamas Clean Power Plan ... eliminates coal-fired power plants.,FALSE
6452,Estimates for adopting Obamacares Medicaid expansion show it will cost Virginia taxpayers $902 million through 2022.,FALSE
6453,Obamacare already has caused millions of hardworking Virginians to lose their health insurance.,FALSE
6454,More Tennesseans have hunting and fishing licenses than vote.,FALSE
6456,American troops have never been under the formal control of another nation.,FALSE
6457,"We have a guy who is going to be speaker of the House in four years, and his name has been on the ballot one time.",FALSE
6458,"We continue to see these isolated incidents of people trying to vote five, six times a day.",FALSE
6460,I sponsored and was the co-sponsor of the only legislation that ever passed that had E-Verify provisions in it back in 2010 when I served in the Legislature.,FALSE
6463,Operating a health care exchange would be illegal in Georgia and some states because of legislation passed in those states.,FALSE
6470,On opposing any and all efforts to increase taxes.,FALSE
6471,Regulations on developers have thwarted construction on county-owned land in Milwaukees downtown Park East corridor.,FALSE
6472,Pediatricians have cut down on the number and proximity of vaccines because they recognize there have been too many in too short a period of time.,FALSE
6475,Says U.S. Rep. Patrick Murphy has sided with the GOP on key votes twice as often as he sided with Democrats.,FALSE
6476,Homosexual behavior cuts your lifeby about 20 years.,FALSE
6477,The proposed Gogebic iron ore mine is just up the hill from the Apostle Islands National Lakeshore caves along Lake Superior.,FALSE
6478,"If youre from Syria and youre a Christian, you cannot come into this country as a refugee.",FALSE
6481,Millionaires working side by side with George Soros are bankrolling (John Kasichs) super PAC.,FALSE
6482,Georgia could get money for schools by scraping the gold off the gold dome of the state Capitol.,FALSE
6484,The 2011 Legislature did not cut Texas public school funding.,FALSE
6489,"In the weekend after the terrorist attacks in Paris, the White House said this couldnt happen in the United States. ISIS couldnt reach us here.",FALSE
6491,"In 2001 and 02 . . . we had the pension system funded at (the)100% level in that year, and we did for two years at that point.",FALSE
6494,Mitt Romney ... gave you government health care that is now bankrupting the state of Massachusetts.,FALSE
6495,"Says, regarding the presence of classified information in her email, FBI Director James Comey said my answers were truthful, and what Ive said is consistent with what I have told the American people.",FALSE
6498,"Statistics show one male cat can father 420,000 kittens in five years.",FALSE
6501,I left the city with $43 million in the bank.,FALSE
6502,"Marijuana is a Schedule I drug, which you understand means that you cant do any research about it.",FALSE
6503,Ive been reducing the number of Democratic Texas Senate committee chairs since I came in as lieutenant governor.,FALSE
6504,The only time government employment has gone down during a recession has been under me.,FALSE
6508,"Dan Webster supports privatization of Social Security, deep cuts in Social Security.",FALSE
6511,Says the government wants to require farm tractor drivers to hold commercial drivers licenses even if theyre just crossing a single public road.,FALSE
6512,"In Minnesota, well over 6,200 election-day registrations from 2008 proved fraudulent.",FALSE
6515,"Clinton ""refused repeated requests to meet with the Gold Star Mothers.""",FALSE
6517,"Under Obamas plan (for welfare), you wouldnt have to work and wouldnt have to train for a job. They just send you your welfare check.",FALSE
6518,On a balanced budget amendment.,FALSE
6519,McGinty previously told a local community newspaper in her native Philadelphia that she has found an alarming undercurrent of misinformed people in the T part of the state outside of Philadelphia and Pittsburgh.,FALSE
6520,"The economy, by every metric, is better than when I came into office.",FALSE
6523,The goal of Common Core is to instill federally determined attitudes and mindsets in students including political and religious beliefs.,FALSE
6524,There have been 30 published polls in this election cycle and Harry Reids been trailing in every single one.,FALSE
6527,Says state Senate candidate Aaron Bean voted to give health care subsidies to illegal immigrants.,FALSE
6529,The 2009-11 state budget that Democrats approved left Wisconsin taxpayers $3.6 billion in debt.,FALSE
6537,Job creation has gotten worse each year that Scott Walker has been governor.,FALSE
6539,"Obamacare is so flat-out unpopular, that even the Obama administration chose to reject part of Obamacare last Friday, when they tried to throw out the CLASS Act, which is the long-term care function.",FALSE
6543,"Says Obama called Israel ""a constant sore"" that infects U.S. foreign policy.",FALSE
6544,Says Nevada lawmakers voted to allow teenaged boys to shower with your teenaged girls in public school locker rooms.,FALSE
6545,"Gov. Rick Scott tried to kick 180,000 people off the voter rolls.",FALSE
6546,The crime rate in some Atlanta neighborhoods has dropped by 35 to 51 percent.,FALSE
6547,Bioweapon! Zika virus is being spread by GMO mosquitos (sic),FALSE
6548,On abortion.,FALSE
6554,The government will go out and buy my breast pump for my babies.,FALSE
6555,There is a very identifiable Somali community back home in Delaware.,FALSE
6556,"Says Republican gubernatorial candidate Scott Walker increased his own pay by $50,000.",FALSE
6557,"Palin said stimulus money for weatherization required ""universal energy building codes for Alaska, kind of a one-size-fits-all building code that isn't going to work up there in Alaska.""",FALSE
6558,My opponent has no child care plan.,FALSE
6560,"Says the Clinton Foundation accepted millions and millions of dollars from governments like Algeria, Saudi Arabia, Oman and the United Arab Emirates, which violated a ban on all contributions to the Foundation from foreign nations.",FALSE
6561,Says Debbie Wasserman Schultz has these offshore accounts like Mitt Romney.,FALSE
6563,A bill to aid state and local governments is fully paid-for by closing costly corporate tax loopholes.,FALSE
6564,"Says the stimulus bill sent tax credits overseas, such as tens of millions of dollars to build traffic lights in China.",FALSE
6565,Says Democratic recall opponent Shelly Moore opposes any limit on taxes.,FALSE
6568,Says President Barack Obama has not proposed one thing that would change the fact that Warren Buffett pays a lower tax rate than his secretary.,FALSE
6569,"300,000 Floridians have lost their health insurance as a result of Obamacare.",FALSE
6574,"President Obama has worked to change Medicare for the worse by creating an unelected, unaccountable panel with the power to deny coverage of certain treatments.",FALSE
6577,The DREAM Act the would give amnesty to over two million illegal aliens.,FALSE
6578,"For four years, we balanced the budget and paid off $405 billion in debt.",FALSE
6579,"Donald Trumps education plan to dramatically slash funding for public education would fire 49,000 Texas teachers.",FALSE
6586,Kip Kinkel and Clackamas Town Center shootings both where citizen with gun stopped the crime,FALSE
6587,Not a single unarmed white person has been shot by the police in New York in about 45 years.,FALSE
6588,"If I had not asked for my emails all to be made public, none of this would have been in the public arena.",FALSE
6592,Oregon leads the nation in number of jobs per capita in manufacturing.,FALSE
6593,Californias Proposition 63 would CRIMINALIZE the sharing of ammunition between friends who may be hunting or shooting together.,FALSE
6594,"The Obama administration ""has been constrained by the Oil Pollution Act of 1990, which basically gives the responsible party the lead role in trying to not only fix the problem, but contain the problem.""",FALSE
6598,The Libertarian Party is the third-largest political party in the U.S.,FALSE
6600,Says the unemployment rate for African-American youths is 59 percent.,FALSE
6604,The U.S. military is at risk of losing its military superiority because our Navy is smaller than its been since 1917. Our Air Force is smaller and older than any time since 1947.,FALSE
6605,"All legislative mail, from the content to the timing, is approved by the speakers office.",FALSE
6606,"Were above 800 million Muslims radicalized, more than half the Muslims on Earth Thats not a minority. Thats now a majority.",FALSE
6610,Seth Magaziner plans to spend billions more of your money.,FALSE
6611,"President Barack Obama wants to take in 250,000 (people) from Syria.",FALSE
6612,"Under the cap-and-trade bill, homes would have to be retrofitted to meet energy and water efficiency standards before they could be sold.",FALSE
6614,Says the Donald J.Trump Foundations money is his money.,FALSE
6616,On allowing Shelby Countys schools merger commission to finish work before allowing any new merger legislation.,FALSE
6618,[Hillary Clinton]s not trusted -- virtually at all.,FALSE
6619,The Republicans just voted last year to end Medicare.,FALSE
6620,A proposed U.S. Labor Department rule for children working on farms would even ban youth from operating a battery-powered screwdriver or a pressurized garden hose.,FALSE
6622,You know our current president is (Muslim). You know hes not even an American.,FALSE
6624,Says the headlines tell the story of how Walker has mismanaged Milwaukee County,FALSE
6626,8 Syrians caught at Texas border in Laredo.,FALSE
6628,"Every other democracy in the world has a health care system that covers everybody, and we don't.",FALSE
6629,"Says Tom Nelson backed higher taxes on Social Security, costing Wisconsin seniors $95 million.",FALSE
6632,Says Nathan Deal killed pro-gun bills in 2013.,FALSE
6633,I do provide universal health care.,FALSE
6634,"On the last night of the General Assembly, by 11 oclock 95 to 98 percent of the business was done. So we really didnt have that late-night session. We were just holding on one bill.",FALSE
6635,Says she was misquoted and didnt say that the Israeli ambassador said what the Republicans are doing is dangerous for Israel.,FALSE
6637,Says Donald Trump always pays his bills promptly.,FALSE
6641,Says Barack Obama said that ordinary men and women are too small-minded to govern their own affairs and that individuals should surrender their rights to an all-powerful sovereign.,FALSE
6642,"Promotes a chart saying that Barack Obama has increased the debt by 16 percent, compared to George W. Bush, who increased it by 115 percent.",FALSE
6643,"Says a man in Ferguson, Mo., was photographed holding a sign that said, No mother should have to fear for her sons life every time he robs a store.",FALSE
6646,"Says Rick Perry and the Republican-controlled Texas Legislature managed to slash the budget of the volunteer fire departments in our state by 75 percent in the last legislative session, reducing their abilities to fight recent wildfires.",FALSE
6658,The spillover violence (from Mexico) in Texas is real and it is escalating.,FALSE
6659,"Says of Mitch McConnell,What can happen in 30 years? A senator can become a multi-millionaire in public office.",FALSE
6661,Paula Deen supported and campaigned for Barack Obama.,FALSE
6663,Creflo Dollar has endorsed Republican Donald Trump for president.,FALSE
6666,"If Austin voters reject Proposition 1, a completely new City-run criminal background check process will cost millions in processing fees, additional staff, and bureaucracy with taxpayers getting the bill.",FALSE
6670,"Many of (Hillary Clintons) friends took bigger deductions (than me). Warren Buffett took a massive deduction. (George) Soros, who is a friend of hers, took a massive deduction.",FALSE
6671,"Says, Carl proposed a windfall tax on real estate development when he was a Metro Councilor.",FALSE
6674,Bill Nelson voted for higher taxes 150 times.,FALSE
6675,Charges on the Republican Party of Florida credit card were made with my money.,FALSE
6677,A Scott Rothstein victim says that he was swindled by Charlie Crist.,FALSE
6681,Says Debo Adegbile was nominated to serve as a judge on the U.S. Circuit Court of Appeals and was abruptly withdrawn by the administration.,FALSE
6682,"Pls refer to Jan.1 tax changes appropriately: theyre OBAMA TAX HIKES theyll slam every Americans savings, investments job opportunity",FALSE
6683,"Rep. Paul Hodes, D-N.H., voted for the pork-filled stimulus bill -- $1.9 million to study ants in Africa, $39 million for office upgrades for politicians.",FALSE
6686,Says Congressman Eric Cantor wants to eliminate Social Security.,FALSE
6689,Says the Obama administration plans to ban all weapons for U.S. citizens through international treaties.,FALSE
6694,Says Ted Cruzs father was with Lee Harvey Oswald before the assassination of President John F. Kennedy.,FALSE
6695,"Because of Democratic tax hikes, New Jersey ended a decade with fewer private sector jobs for the first time in recorded history.",FALSE
6696,Says Mitt Romney would deny gay people the right to adopt children.,FALSE
6699,"In Rhode Island, a recent study showed that among a group of people who had been homeless for a year or more, Medicaid costs averaged about $60,000 per person.",FALSE
6700,On protecting Social Security benefits and changing the retirement age.,FALSE
6702,Says his tax and fee cuts will save households $540 over two years.,FALSE
6704,Baseball and insurance are the only industries exempt from antitrust laws.,FALSE
6705,The health care law includes tort reform.,FALSE
6711,"If the U.S. stops adding to the Strategic Petroleum Reserve, it ""will lessen worldwide demand for oil"" and reduce prices.",FALSE
6714,"Says President Barack Obama added $6.5 trillion to the national debt in his first term, more than the $6.3 trillion added by the previous 43 presidents combined.",FALSE
6715,China is trying to develop nuclear capability.,FALSE
6716,"I cast the deciding vote extending Medicaid health care coverage to 50,000 of our fellow citizens,",FALSE
6717,"McCain ""voted to cut education funding, against accountability standards. He even proposed abolishing the Department of Education.""",FALSE
6718,"New Jersey alone, my home state, is facing a ten-and-a-half billion dollar shortfall in its 2012 fiscal budget. This means more cuts in state and local spending for education, which means our kids are hurt.",FALSE
6719,"Says that as president, Barack Obama has not gone to the Texas-Mexico border",FALSE
6721,Says approximately 70 percent of jobs created in the United States in November 2007-2008 were in Texas.,FALSE
6722,"Next year, you will be mandated by federal law to get rid of your existing light bulbs.",FALSE
6723,Were not allowed to read it (the Trans-Pacific Partnership) before representatives vote on it.,FALSE
6726,A recent report from the presidents deficit commission was completely empty on controlling health care costs.,FALSE
6727,"New financial regulation ""actually guarantees future bailouts of Wall Street banks.""",FALSE
6728,Bill Nelsons vote for the Affordable Care Act cuts $500 billion from Medicare to pay for new government programs.,FALSE
6729,Congress is on a five-week vacation.,FALSE
6730,The American people dont want us to raise taxes.,FALSE
6736,The voting public had no say in the Atlanta regions proposed transportation project list.,FALSE
6738,Experts say the property tax is the most harmful to economic growth and . . . the sales tax is least harmful.,FALSE
6740,A 2011 measure passed into law with Wendy Davis support removes from the attorney general the ability to settle lawsuits just like the school funding case.,FALSE
6743,"Cancer and matters to do with kidney failure kill more people in Kenya today than malaria, tuberculosis and AIDS combined.",FALSE
6745,Rhode Islands teen binge drinking rate is double the national average.,FALSE
6746,"As President George W. Bushs trade representative, Portman failed to address Chinas currency manipulation, which was inflated to as much as 40 percent in 2006.",FALSE
6747,Medicaid patients were 97 percent more likely to die than those with private insurance.,FALSE
6748,Rick Scotts company is partners with Playboy in a social networking website that has community pages specifically geared towards gay dating.,FALSE
6749,Demand for public transportation is reaching record levels in Wisconsin.,FALSE
6750,Says Many people Ive talked to are angry that because of City Hall inaction we may have to spend a needless $500 million to cover and treat our pure drinking water.,FALSE
6751,"The Katy Freeway, or Interstate 10 west of Houston, is the widest freeway in the world, with up to 26 lanes, including frontage road lanes.",FALSE
6752,Today gasoline hit $6 a gallon in Florida.,FALSE
6758,Even Richard Nixon released his tax returns to the public when he was running for president ...,FALSE
6759,"Weve seen in this last year tremendous things happening, including our unemployment rate come down 2 percentage points.",FALSE
6762,There was a loss of eight million jobs during the Bush eight years.,FALSE
6763,"Hes been in office nearly four years now, but 40% of Wisconsinites dont know who (U.S. Sen.) Ron Johnson is.",FALSE
6765,Says a question about his financial skills at the CNBC debate included discredited attacks from Democrats and my political opponents.,FALSE
6766,Today there are more men and women out of work in America than there are people working in Canada.,FALSE
6768,"Our jobless rate, our unemployment rate, is the lowest of all of the big cities in New Jersey.",FALSE
6770,Says there are $500 billion in Medicare cuts required to pay for this flawed [health care law].,FALSE
6773,Supreme Court nominee Merrick Garland voted to uphold D.C.s ban on handguns.,FALSE
6774,"Between 1990 and 2013, the maternal mortality rate for women in the U.S. has increased by 136%.",FALSE
6777,"If there were not derivatives, there would be no bank loans at all today.",FALSE
6778,Rep. Robert Hurt voted again today to end Medicare and raise health care costs for Virginia seniors.,FALSE
6781,Ted Strickland destroyed Ohio jobs when he busted the budget.,FALSE
6782,"Democrats plan to keep student loan interest rates low by raising taxes on small businesses, very small businesses the kinds of small businesses that give jobs to graduates.",FALSE
6783,U.S. Senate candidate Jack Kingston spent our tax dollars on thousands of wasteful earmarks.,FALSE
6785,"A Congressional Budget Office report says President Barack Obamas executive order to raise the minimum wage for new federal contract workers will cost the economy 500,000 jobs.",FALSE
6786,"The federal government is sending refugees to states with governors who are Republicans, not to the Democrats.",FALSE
6787,"The Democrats are responsible for the swift, mindless drawdown of a military that was generations in the making.",FALSE
6789,The national unemployment rate has been above 8 percent for a record 36 months.,FALSE
6790,Says Marco Rubio didnt show up for a vote on his own bill on sanctions against Hezbollah.,FALSE
6791,"Under a public health care option, 120 million Americans will lose what they now get from private companies and be forced onto the government-run rolls as businesses decide it is more cost-effective for them to drop coverage.",FALSE
6792,"A cashier earning $20,000 per year pays the same (Virginia) income tax rate as a hedge fund manager earning $20 million per year.",FALSE
6793,"With a bill bringing $100 million in property tax relief, the typical Wisconsin homeowner will save approximately $680 over four years.",FALSE
6796,"In the Republican presidential debate in New Hampshire, none of the candidates mentioned the middle class or education.",FALSE
6797,Says Romney invested in a firm that made goods in China that could have been made here in America.,FALSE
6798,The health care reform bill -- on Page 16 -- outlaws private insurance.,FALSE
6799,"When Rachel Zenzinger was on the Arvada City Council, she voted to spend taxpayer funds for a junket to China.",FALSE
6800,Hydrogen sulfide . . . [was] used in the genocide of Jews in Germany.,FALSE
6805,On support for the Export-Import Bank,FALSE
6806,92 percent of President Barack Obamas administration has never worked outside government.,FALSE
6807,"The stimulus bill ""didnt create one new job.""",FALSE
6812,"Says the stimulus bill sent tax credits overseas, such as $1.2 billion to a solar company thats building a plant in Mexico.",FALSE
6820,Only the State of New York spends more money on Medicaid than the State of New Jersey.,FALSE
6823,We cut property taxes by one-third.,FALSE
6824,An independent payment advisory board created by the health care reform law can ration care and deny certain Medicare treatments.,FALSE
6825,Says her accomplishments include a fiscally responsible budget agreement that controls state spending.,FALSE
6828,"Some of the colleges, including AM, have already guaranteed that they will not increase their tuition.",FALSE
6829,Austin was the site of the first mass shooting in the country.,FALSE
6833,"Van Jones is an avowed, self-avowed radical revolutionary communist.",FALSE
6835,Says he balanced the budget without raising taxes.,FALSE
6836,"(Sen. Robert) Gordon cost us money, exempting the Newark sports arena from paying property taxes and sticking us with the bill.",FALSE
6839,Says Bruce Braley threatened to sue a neighbor over chickens that came onto (his) property.,FALSE
6840,Says Wisconsin Gov. Scott Walker in his budget repair bill is showing that no stone goes unturned as he asks everyone to tighten their belts.,FALSE
6844,"President Obama and Democrats spending addiction has driven our national debt to historic proportions, maxed out our national credit card and has now led to the Democrat Downgrade of our countrys AAA credit rating.",FALSE
6848,Says Romney and Bain Capital drove KB Toys into bankruptcy by loading it up with debt.,FALSE
6852,Were practically not allowed to use coal any more. What do we do with our coal? We ship it to China and they spew it in the air.,FALSE
6855,There is a 34 percent increase in violent crime in the state of California. And thats just within the last year.,FALSE
6856,Marco Rubio says Solo Ingles (English only).,FALSE
6858,"Say this biennium, liquor sales account for nearly $1 billion in the state budget.",FALSE
6862,Says he voted for even stronger protections (in the Violence Against Women Act)than Obamas agenda will allow.,FALSE
6864,Early census returns are showing that conservatives have been measurably less likely than liberals to return their census forms.,FALSE
6865,The church Barack Obama belongs to only admits black people.,FALSE
6866,Ben Bernanke has been the most inflationary chairman in the history of the Federal Reserve.,FALSE
6872,"After actions by Gov. Scott Walker and Republicans, Wisconsin is dead broke.",FALSE
6876,"Human error, such as skipping a community in the Wisconsin Supreme Court race, is common in (the vote-tabulation) process.",FALSE
6883,Donald Trump has described Hillary Clinton as one of the best secretaries of state in history.,FALSE
6884,A scheduled speech by President Barack Obama will be the first time an American president has spoken directly to the nation's school children about persisting and succeeding in school.,FALSE
6890,"Rev. Wright said ""that al-Qaida and the American flag were the same flags.""",FALSE
6899,Each vegan spares more than 100 animals every year.,FALSE
6901,The deal to raise the nations debt ceiling will directly link a debt ceiling increase to spending cuts for the first time ever.,FALSE
6902,Sixteen thousand new Internal Revenue Service agents will be empowered to enforce the new health care legislation.,FALSE
6903,The Chinese government provides their people no access to the Internet.,FALSE
6904,"Sen. Clinton said ""the surge of troops in Iraq was 'working.' Now.... Sen. Clinton says the surge 'has failed' and that we should 'begin the immediate withdrawal of U.S. troops.'""",FALSE
6910,On campaign contributions from electric utilities.,FALSE
6915,Says Bernie Sanders is going to tax you people at 90 percent.,FALSE
6916,Pam Bonditold a group of lobbyists shell side with corporate special interests as attorney general.,FALSE
6918,U.S. Rep. Phil Gingrey wants public schools to teach women to stay in their place.,FALSE
6919,"As the election tracker FiveThirtyEight has reported, whoever wins Pennsylvania will be our next President.",FALSE
6920,Says U.S. House opponent Michael Williams does not live in and has never voted in the congressional district hes seeking to represent.,FALSE
6921,No one in American history has moved from a June 16 announcement to a May 26 winning of a majority. Trumps achievement is remarkable.,FALSE
6924,Ann McLane Kuster is for a government takeover of health care more radical than Obamacare. And she supports a $700 billion cut to Medicare for current retirees.,FALSE
6931,Hundreds of thousands of (illegal immigrants are) going to state and federal penitentiaries.,FALSE
6932,Slim Jims just recently cost 99 cents but now cost $2.69.,FALSE
6933,President Barack Obama and Secretary of State John Kerry agreed to lift Irans economic and arms sanctions without any proof of change in conduct.,FALSE
6939,"Every billion dollars we spend on highway construction results in 47,500 jobs. But the fact is the average American is sitting in traffic 38 hours a year.",FALSE
6940,Says Jeanne Shaheen got behind the idea of using the IRS to target American citizens for their political views.,FALSE
6946,OShaughnessy even voted for her own personal stimulus package -- a taxpayer-funded pay raise for herself.,FALSE
6947,"When Washington liberals wanted to take away our guns, Chet said no.",FALSE
6948,"Because of Obamacare, over the last two years, health care premiums have gone up -- its true -- but theyve gone up slower than any time in the last 50 years.",FALSE
6949,Says Marco Rubio endorsed Obamacare for his own family.,FALSE
6950,"Then, the Republican leader theatrically introduced new bills with stopgap budget language, declaring that we could stay until midnight and pass this compromise. Except under our constitution, a bill has to be read on 3 different days, so thats not possible.",FALSE
6951,There are many health insurance plans that will cover Viagra but won't cover birth-control medication.,FALSE
6952,Says Ken Cuccinelli attacked churches for helping the poor.,FALSE
6954,"Says Michele Bachmann said, The Chinese built a Great Wall 5,000 years ago. You dont see any illegal Mexicans in China.",FALSE
6956,"Says Hillary Clinton was let off the hook for her email scandal while Gen. David Petraeus had his life destroyed for doing far, far less.",FALSE
6958,Transporting drugs is the price of admission for people crossing the border illegally.,FALSE
6961,A filibuster has never really been successfully used against a Supreme Court justice.,FALSE
6963,"Says Russ Feingold supported a stimulus plan that allowed a company to create 3,000 jobs in China.",FALSE
6964,Scientists are questioning the original idea that man-made global warming is what is causing the climate to change. (It is) more and more being put into question.,FALSE
6967,Obamacare is going to increase the divorce rate.,FALSE
6972,Says we allow more people into America legally than all other countries on the planet combined.,FALSE
6976,Says Chris Christie instituted an Internet sales tax.,FALSE
6977,No federal official at any level is currently allowed to say Merry Christmas.,FALSE
6978,"Obama ""refused to not only put his hand on his heart during the Pledge of Allegiance, but refused to say the pledge.""",FALSE
6979,I started the whole year as a senior on the University of Illinois football team and led the team in interceptions and tackles from defensive back.,FALSE
6983,"In Wisconsin, 98 percent of all small businesses will qualify for income-tax relief under my plan, freeing them to expand and create jobs.",FALSE
6984,The Democratic Party is getting smaller and smaller and smaller.,FALSE
6985,Says Hillary Clintons been very clear where she stands on trade.,FALSE
6986,"Says to Hillary Clinton, You heard what I said about (the Trans-Pacific Partnership trade deal), and all of a sudden you were against it.",FALSE
6987,On the status of illegal immigrants,FALSE
6992,(Jack Kingston) had more earmarks at one time than every member of the Georgia delegation put together.,FALSE
6994,"One of the most troubling aspects of the Rubio-Schumer Gang of Eight bill was that it gave President Obama blanket authority to admit refugees, including Syrian refugees, without mandating any background checks whatsoever.",FALSE
6997,Says Donald Trump bans disabled veterans from his high rise.,FALSE
6999,"Once again, a police officer has been killed with an illegal gun from Georgia a state that last year did the NRAs bidding and weakened its already lax gun laws.",FALSE
7001,On whether the federal government should set a minimum wage,FALSE
7004,"Of the states that have a lieutenant governor, many are currently discussing the need for such an obsolete office.",FALSE
7007,"Says Bill Nelson sold agricultural land for home development, pocketing at least $1.4 million.",FALSE
7009,U.S. troops are getting only 4 hours of Ebola training before deployment to Liberia.,FALSE
7010,Says eight Americans died in a knife attack at a Minnesota mall.,FALSE
7012,Says he has engaged in the political process only in the past decade.,FALSE
7014,"Says carpet bombing means bombing not a city, but the location of the troops, with embedded special forces to direct the air power.",FALSE
7017,"A little-known unit of the Department of Justice, the Community Relations Service, was deployed to Sanford, FL, following the Trayvon Martin shooting to help organize and manage rallies and protests against George Zimmerman.",FALSE
7020,Says Marco Rubios proposed college affordability overhaul would specifically benefit for-profit colleges.,FALSE
7021,"On Obama, ""The press warns the 'Taxman Cometh.'""",FALSE
7028,You lie! (in response to President Obama saying health reform would not insure illegal immigrants.),FALSE
7029,"Pope Francis uses a modest compact car to get around, while Creflo Dollar drives an expensive sports car.",FALSE
7033,President Barack Obama has weakened the respect for America abroad.,FALSE
7036,I was able to go and buy an automatic weapon Most people can go out and buy an automatic weapon.,FALSE
7040,The Democrats plan to raise your tax rates to 70 or 80 percent.,FALSE
7041,"A lot of the move to free the slaves ... did not come from the federal government. It came from a growing movement among the people, particularly people of faith.",FALSE
7042,Says many public-employee unions falsely told their Wisconsin members his budget-repair bill sought 12 percent to 13 percent of their incomes for health insurance premiums.,FALSE
7043,$3 billion over the next five years will be taken out of our public schools and be put into vouchers.,FALSE
7044,Says Hillary Clintons energy agenda will cost the U.S. economy over $5 trillion,FALSE
7046,Says the D.C.citycouncilpasseda lawbanninglethalrat trapping.,FALSE
7050,"The Obama-GOP compromise raises taxes, it raises the death tax.",FALSE
7052,Says Jeb Bush once held $1 million in family planning grants hostage until the programs receiving the money agreed not to discuss birth control at all.,FALSE
7054,"Over the last two years since President Obama has taken office, the federal government has added 200,000 new federal jobs.",FALSE
7055,On unemployment rates: We have counties in Southwest Virginia that are well into double digits and some that are pushing 20 percent.,FALSE
7057,Says that President Obama said that Small Businesses Succeed Because of Government.,FALSE
7061,Says Ron Johnson supported a plan to cut benefits and raise the retirement age for Social Security.,FALSE
7066,"In K-12 education, our kids are scoring at the bottom of science and mathematics right now in the industrialized world -- at the bottom.",FALSE
7068,"Royalties foroil and other energy sources are the ""second-largest revenue source to the federal government after the IRS.""",FALSE
7069,"The No. 2 owner of Fox News is Prince Alwaleed bin Talal, who said, A strong American Government is not good for us.",FALSE
7070,Says the Congressional Budget Office said unemployment could top 9 percent in 2013,FALSE
7074,"Says Bernie Sanders once said, Instead of removing the conditions that make people depressed, modern society gives them antidepressant drugs.",FALSE
7076,"The non-partisan Congressional Budget Office concluded ObamaCare will cost the U.S. more than 800,000 jobs.",FALSE
7077,"There are prototype cars that get between 100 and 150 miles per gallon and ""we could have those cars in your garages in a couple of years.""",FALSE
7082,I represent the fourth-poorest (congressional) district in the nation.,FALSE
7085,Says Patrick Murphy wrongly conveyed Rubios stance on abortion for women infected by Zika.,FALSE
7087,A recent drop in the unemployment rate is questionable because it was calculated over two days of the Thanksgiving week.,FALSE
7090,I have never voted for a tax increase.,FALSE
7091,"Says U.S. Reps. Phil Gingrey and Jack Kingston have even changed votes to what I voted, multiple times.",FALSE
7092,"Hillary Clinton and Barack Obama want to raise taxes on dividends, a move that would crash the stock market.",FALSE
7093,"(Environmentalists) said Were only going to stop coal mining above 2,000 feet. ... Well guess where all the coal in the state of Tennessee is? Above 2,000 feet.",FALSE
7094,Proof of citizenship isnt necessary before you register to vote in Florida.,FALSE
7096,"Says that with President Obamas re-election, state and federal income tax rates for some taxpayers will rise to roughly 65 percent.",FALSE
7098,Why was there no news coverage of this raid on the Arizona border? Seizure was just five days ago. Right on the Arizona border!,FALSE
7100,Says Mitt Romney has changed his position on supporting the TARP program.,FALSE
7102,The St. Norbert College/Wisconsin Public Radio poll has been wrong in almost every election.,FALSE
7103,"President Obama has no plan to reduce the deficit, let alone pay down the debt.",FALSE
7105,Wisconsins Government Accountability Board wanted to consider Mickey Mouse and Adolf Hitler as valid signatures on recall petitions.,FALSE
7108,They (Clinton and Obama) have never to my knowledge been involved in legislation nor hearings nor engagement on this issue (climate change).,FALSE
7111,"McCain ""said no to higher fuel-efficiency standards for cars.""",FALSE
7113,One third of all federal prisoners today are illegal immigrants.,FALSE
7115,"Each Georgia taxpayer would have to send $5,000 to the treasury to cover the states debt.",FALSE
7116,"Says Mitt Romney wrote that if Social Security was done in the private sector, it would be called criminal.",FALSE
7120,A state bill would end a longstanding requirement that local governments repair highways and sidewalks -- and block injured citizens from suing over neglected maintenance.,FALSE
7123,"An Iowa policy ""provides for a state round up of Iowa citizens who might be exposed to the swine flu virus.""",FALSE
7132,Abortionists have reduced our black population by more than 25 percent since 1973.,FALSE
7134,Democrat Russ Feingold announced his Wisconsin Senate run today fromCalifornia.,FALSE
7135,Inspections of abortion centers around Virginia have found multiple violations of parental consent laws but Gov. Terry McAuliffe and his administration have done nothing.,FALSE
7136,Says gubernatorial recall candidate Tom Barrett supported passage of Gov. Scott Walkers bill stripping collective bargaining of state employees.,FALSE
7138,Says he opposed the presidents decision to go into Iraq in 2003.,FALSE
7139,The Federal Reserve system has presided over about a 95... percent decline in the U.S. dollar.,FALSE
7141,Says Gov. Scott Walker hasnt done a public event this entire year.,FALSE
7145,President Obama gave Egypts Muslim Brotherhood one and a half billion dollars.,FALSE
7146,Says Donald Trump promised to take care of everybody (through government-run healthcare and) the governments going to pay for it.,FALSE
7147,"Says professional football coach Rex Ryan won championships in New York.The AFC, I think, twice.",FALSE
7154,"Our law enforcement agencies have found bodies in the desert, either buried or just lying out there, that have been beheaded.",FALSE
7155,Says he took down the mob in Northeast Ohio,FALSE
7156,The state of New York is the worst in the nation in economic recovery.,FALSE
7158,"Says Rep. Bruce Braley, D-Iowa, skipped an important VA reform hearing to attend three fundraisers.",FALSE
7159,"Says CIA Director George Tenet told the Bush administration that the Sept. 11, 2001, terrorist attack was coming. So they did have advanced notice.",FALSE
7160,Says Hillary Clinton doesnt believe in your right to keep a gun at home for self-defense.,FALSE
7163,Scott Fisher tried to expand Obamacare in Texas and even voted for an official resolution to force 1 million Texans into Obamacare.,FALSE
7167,Says that hes responsible for Austinincluding Anderson Mill Road in the citys proposed transportation bond package.,FALSE
7168,Says the Department of Defense changed its definitions of al-Qaeda and the Taliban making it so almost anybody can be loosely associated with the groups.,FALSE
7171,"Unlike Benghazi, there were no investigations of the 1983 Beirut barracks bombing, none about key aspects of the 9/11 attacks and the Iraq War, and none about embassy attacks under George W. Bush.",FALSE
7173,"On whether he supports 'Don't Ask, Don't Tell.'",FALSE
7174,A Census Bureau worker says he was told to skew information to bring the unemployment rate down as we headed into an election season.,FALSE
7178,Says Gov. Chris Christies decision to close the Elizabeth MVC saved no money.,FALSE
7184,President Obama came to Ohio 12 times to try to defeat me and guess what? He didnt win.,FALSE
7187,If you look up the dictionary definition of happiness at the time of our founders happiness was not doing what you want to do but doing what you ought to do.,FALSE
7194,No doctors who went to an American medical school will be accepting Obamacare.,FALSE
7195,The $290 million structural surplus in the 2011-13 Wisconsin budget is not real because it is based on the assumption that Congress will reinstate the estate tax.,FALSE
7196,Dan Patrick changed his name from Danny Goeb to hide from his debts.,FALSE
7198,The per-pupil cost in the [Blackstone Valley Prep] Mayoral Academy far outweighs the per-pupil cost in Cumberland public schools.,FALSE
7200,The federal Hate Crimes Prevention Act bill would create special protection for pedophiles.,FALSE
7201,Says Wisconsin Supreme Court candidate JoAnne Kloppenburg put an 80-year-old farmer in jail for refusing to plant native vegetation on his farm.,FALSE
7205,"In his book, (Ken) Cuccinelli questions whether Medicare and Social Security should exist.",FALSE
7209,More Americans receive food aid than work in (the) private sector.,FALSE
7211,Some of our states educational administrators joined the feds in seeking to mandate Arabic classes for Texas children.,FALSE
7212,Says Land Commissioner Jerry Patterson threatened to shoot him.,FALSE
7215,"Inside the stimulus package is anti-Christian legislation that will stop churches from using public schools for meeting on Sundays, as well as Boy Scouts and student Bible study groups.",FALSE
7218,The newly proposed House Republican budget abolishes Medicare within 10 years.,FALSE
7221,Health insurance costs for Floridians are up 30 percent or more.,FALSE
7222,Says Lamar Smith sponsored the bill that funded Obamacare.,FALSE
7226,Says Mitt Romneys carried interest income was a tax trick.,FALSE
7227,"Since ObamaCare and the stimulus passed, the unemployment rate in the U.S. has increased.",FALSE
7230,Sen. Jim Webb persists on negating Sen. Mark Warners votes,FALSE
7236,Back door gun control is in full effect in the United States due to Obamas Environmental Protection Agency.,FALSE
7238,ICE just endorsed me.,FALSE
7239,Tax increases under Michigan Gov. Jennifer Granholm led to state unemployment going from 6.8 percent to 15.3 percent.,FALSE
7240,Ronald Reagans signature on the 1986 amnesty act gave Barack Obama about 15 million additional Hispanic votes in 2012.,FALSE
7241,Nevada lawmakers permanently cut taxes for over 95 percent of Nevadas businesses.,FALSE
7242,Says Texas U.S. Rep. Pete Sessions said the GOPs goal is to go back to the same exact policies that were in place before this president took office... policies that crashed the economy.,FALSE
7243,Says Donald Trump said the government is going to pay for everybody to have health care.,FALSE
7244,Says 11 states have more people on welfare than employed.,FALSE
7245,"Says former Federal Reserve Chairman Alan Greenspan said that if the workers are more insecure, thats very healthy for the society because theyll serve the masters gladly and passively.",FALSE
7247,Neighborhoods have become more violentunder President Barack Obamas watch.,FALSE
7248,Obama admin gutted @ProjChildSafe budget to provide trigger locks and safety kits.,FALSE
7251,"Say Ohio Reps. Marcia Fudge, Marcy Kaptur and Dennis Kucinich are socialists who are openly serving in the U.S. Congress.",FALSE
7253,"Says the Defense Department shrink-wrapped $10.8 billion in American money, loaded it on 175 pallets and put it on a transport plane to Iraq where they passed out $100 bills and no one has any receipts.",FALSE
7254,Says he stood up to his own party by voting against the budget to stop runaway government spending.,FALSE
7255,Democrats very much are in the pocket of the NRA.,FALSE
7257,Some doctors say Ebola can be transmitted through the air by a sneeze or some cough.,FALSE
7259,On support for Ronald Reagans policies,FALSE
7260,"Says Supreme Court nominee Merrick Garlandvoted, so the folks know, in Washington, D.C., to keep guns away from private citizens.",FALSE
7261,"Forty years ago, hardly anybody in the country had health insurance.",FALSE
7265,"For every Kentuckian that has enrolled in Obamacare, 40 have been dropped from their coverage.",FALSE
7266,More Americans have lost their jobs under Barack Obama than any president in modern history.,FALSE
7267,"Says the money is in the budget to give a tax break to everyone, including people making more than $1 million.",FALSE
7272,Harry Reid voted to use taxpayer dollars to pay for Viagra for convicted child molesters and sex offenders.,FALSE
7276,25% of human trafficking victims are located in Texas.,FALSE
7278,Says Chris Christie was behind in the polls against Jon Corzine during the 2009 governors race.,FALSE
7282,Says his plan to raise car registration to $56 would still leave Virginia with a fee thats equal to or lower than most states.,FALSE
7283,We spend half a trillion dollars a year in tax preparation.,FALSE
7284,"For [GM] to pay back everything it owes, it would have to sell its shares at $143 a share . . . where the highest value of a General Motors share ever was $43, $44, $46, whatever the dollars were . . .",FALSE
7286,"Says Mitt Romney said at a January 2012 debate that under Paul Ryans tax plan, Id have paid no taxes in the last two years.",FALSE
7290,"In Texas, we teach both creationism and evolution in our public schools.",FALSE
7291,A telecom bill could keep the State Corporation Commission from getting rate-of-return information from electric utilities.,FALSE
7292,"Portland Public Schools invites well-paid, well-fed school bureaucrats, administrators, teachers, other staff, non-needy students, affluent parents of students, and other adults, including on the other extreme the adult homeless, illegal aliens, fanatical Muslim terrorists, or drug addicted street people, to enjoy cheap breakfasts in taxpayer-paid school facilities amidst school children.",FALSE
7294,We have been confronted with an unexpected storm that has hit the metropolitan area.,FALSE
7297,U.S. Rep. Scott Rigell wants gun owners in a federal registration system.,FALSE
7298,"Says pension contributions under Gov. Chris Christie would represent 75 percent of the total contribution made between the years 1995 and 2010. Thats right, in 15 years, total state contribution was only $2.1 billion.",FALSE
7300,"I balanced the budget for four straight years, paid off $405 billion in debt.",FALSE
7302,Greg Abbott did nothing to pursue reports of the sexual abuse of boys at a West Texas state-run school.,FALSE
7303,The governor must inform the Senate president about his or her absence from the state.,FALSE
7304,We have my opponent Sam Olens to thank for [the Arizona immigration ruling] since he was on the team that got Clinton elected.,FALSE
7305,"A majority of Americans since Harry Truman days support single-payer health insurance, or full Medicare for all.",FALSE
7307,The Benghazi probe is the longest-running congressional investigation ever.,FALSE
7308,Says Jeb Bush extended early voting after seeing long lines.,FALSE
7309,Says President Barack Obama thinks Americans are lazy.,FALSE
7311,A measure to repeal the states prevailing wage law would make it easier for state contractors to hire illegal workers for Wisconsin construction jobs through an illegal worker loophole in the state budget.,FALSE
7315,We have asked public employees to pay 10 percent of the costs of their guaranteed pension and 15 percent of the cost of their health care. ... The leadership of those public employees unions dont want to pay anything.,FALSE
7318,"A law was passed, apparently in the Clinton administration, about whether, in recruiting offices Marines or other military should be able to have guns. Apparently it is prohibited.",FALSE
7320,"Stimulus money funded a government board that made recommendations that would cost 378,000 jobs and $28.3 billion in sales.",FALSE
7321,"In the last 10 years, only one piece of legislation has been cosponsored and passed by John Duncan Jr.",FALSE
7323,I never was in favor of shutting down the government. (I) voted to fund the government fully.,FALSE
7326,United States students are achieving at number 25 out of 29 developing countries when it comes to science and math.,FALSE
7327,"Says Mitt Romney backed a bill that outlaws all abortions, even in cases of rape and incest.",FALSE
7329,"In the last three years alone, 13 times, the Supreme Court, unanimously, 9-0, including all of the presidents liberal picks, have struck down the presidents executive orders.",FALSE
7331,20 percent of the time (smart guns) wont work.,FALSE
7336,Rep. Adam Putnam was silent when Rush Limbaugh called Sonia Sotomayor a racist.,FALSE
7337,George Allens flat tax plan would actually shrink revenues further thanthe Perry (flat tax) plan.,FALSE
7344,"If your plan is the result of collective bargaining, no subsequent changes by anybody -- insurance companies, Obamacare -- can force your grandfathered policy to change.",FALSE
7345,Oregon has the sixth highest combined death tax rate in the country.,FALSE
7346,The man who killed a motorist who fatally struck a 2-year-old was back on the street because he had received a 13-year sentence for bank robbery but only served two years.,FALSE
7352,Says President Barack Obama is not paying women equally by his own measures in his own White House.,FALSE
7353,"Says that as a U.S. senator, Scott Brown delivered for Wall Street, saving big banks $19 billion in taxes.",FALSE
7356,"If African-Americans vote their percentage of the population in 2008, ""Mississippi is suddenly a Democratic state.""",FALSE
7357,"Hillary Clinton surged the trade deficit with China 40% as Secretary of State, costing Americans millions of jobs.",FALSE
7358,Says Ann Kuster said the debate over Americas debt limit is not an important issue of the day.,FALSE
7361,Unemployment and the housing and auto industry crises can be fixed by giving a million dollars to every worker over age 50 to retire.,FALSE
7363,The federal government right now does not deport criminals.,FALSE
7368,Says Patrick Murphy is trying to hide his drunken assault of a police officer.,FALSE
7369,We had (a bill) in Florida where we now are prohibiting doctors to talk -- particularly pediatricians -- to talk to their patients about gun safety in the home.,FALSE
7371,"Most of Ted Cruzs money comes from Washington, from outside the state of Texas.",FALSE
7373,Florida has experienced positive job growth for 39 consecutive months.,FALSE
7375,"AIG executives ... (took) a junket for over $400,000. Twice.",FALSE
7376,Harry Reids plan is basically giving the president a blank check.,FALSE
7378,Over 300K home owner suicides attributed to foreclosures.,FALSE
7381,"Obama ... gave almost a million dollars to the (Kenya) opposition campaign who just happened to be his cousin, Raila Odinga.",FALSE
7382,Says he saw videotape of the people taking the money off the plane to pay ransom to Iran for hostages.,FALSE
7384,Sixty-one percent of our bridges are in trouble.,FALSE
7387,"Jeff Merkley was the deciding vote on Obamacare, which in Oregon has been an unmitigated disaster.",FALSE
7389,Says an unchecked Democratic Majority in Trenton is responsible for years of diversions from the states unemployment insurance trust fund.,FALSE
7392,"The estate tax, which came into being by Republicans like Teddy Roosevelt and others ... is there for a real simple reason: In America, we've never liked the idea of massive inherited wealth.",FALSE
7394,"Every time the price of gasoline rises 1 cent, its abillion dollarsout of our economy that goes to Saudi Arabia.",FALSE
7395,"I had to lay off 48 people last year, which has exacerbated the lack of law enforcement officers in the county that respond quickly to crime calls.",FALSE
7402,Says Donald Trump hasnt broken his promise to release his tax returns.,FALSE
7404,The United States has a record number of abortions year after year after year.,FALSE
7406,Says the first word spoken from the moon was Houston.,FALSE
7407,"McCain is ""selectively editing Joe Biden's words...Biden actually said about Barack Obama: 'They're gonna find out this guy's got steel in his spine.'""",FALSE
7417,Connie Macks only real job in the real world was as events coordinator for Hooters!,FALSE
7418,"Denies that he said the Obama campaign ""played the race card.""",FALSE
7421,The United States is the only major country that taxes its own exports.,FALSE
7422,"As Secretary of State, Hillary Clinton laundered money to Bill Clinton through Laureate Education, while Bill Clinton was an honorary chairman of the group.",FALSE
7430,"After Hurricane Katrina, Dallas and San Antonio took in 5,000 to 10,000 refugees each, but (Bill) White brought in 250,000 and put them up in his buddies empty apartment buildings and let the federal government pay their rents for over two years. They did not return to New Orleans, most of them are on welfare.",FALSE
7432,Says salaries and benefits for Wisconsin state employee comprised 8.5 percent of the 2009-2011 state budget.,FALSE
7433,Mary Burke wasted 12.5 million dollars on a vacant lot in a move that could cost taxpayers nearly $25 million.,FALSE
7438,"If Gov. Rick Scott activates the National Guard in anticipation of a federal disaster, the states costs, including the costs to recall any furloughed guardsmen, will be fully reimbursable by FEMA.",FALSE
7441,The state government workforce grew when Tim Kaine was governor.,FALSE
7446,Seventy percent of the people in the state of New Jersey want marriage equality.,FALSE
7449,Governors proposed budget raids K-12 school funds to grow DHS again.,FALSE
7451,Says Milwaukee County elected officials drive around in luxury cars on your dime.,FALSE
7453,"Ive been a cop in Lake County, Michigan, since 1982 thereabout. I conduct federal raids with the DEA and ATF and U.S. Marshals and the FBI and Texas Rangers.",FALSE
7455,The bill also provides full federal funding for abortions,FALSE
7463,Says HillaryClintons immigration platform would create totally open borders.,FALSE
7465,"Wisconsin is broke, and state government is $3 billion in debt.",FALSE
7468,"Religious groups like Knights of Columbus have been forced to allow same-sex marriage ceremonies in their facilities, against their beliefs.",FALSE
7469,"Says U.S. Senate opponent Tommy Thompson personally made over $3 million from a federal contract granted to his healthcare company, but left 9/11 first responders without the care they were promised.",FALSE
7470,The Senate voted this week to allow illegal aliens access to Social Security benefits.,FALSE
7479,Jay-Z and Beyonce Attempt to Buy Rights to Confederate Flag to Prevent Further Use.,FALSE
7480,Say Texas U.S. Reps. Eddie Bernice Johnson and Sheila Jackson Lee are among open Socialists in Congress.,FALSE
7481,State legislators quietly shifted $2 billion from education to road building in 2013.,FALSE
7482,"If women seeking an abortion see their ultrasound, the odds are pretty high theyre going to keep the baby.",FALSE
7483,"The average rate of fraud in the Earned Income Tax Credit, Medicare, Medicaid and food stamps programs is 20 to 25 percent.",FALSE
7484,"Gov. McAuliffes budget would raid school, other $$ 4 Obamacare in VA.",FALSE
7491,Says the national health care law puts federal bureaucrats between an American citizen and her doctor.,FALSE
7493,Rhode Island Treasurer Gina Raimondo raised the mortality rate from 65 to 87 and used a 1994 annuity chart to create the pension crisis.,FALSE
7495,Report: 3 million votes in presidential election cast by illegal aliens.,FALSE
7496,"The IRS is going to be in charge of a huge national database on health care that will include Americans personal, intimate, most close-to-the-vest-secrets.",FALSE
7498,The stories from women saying he groped or forced himself on them largely have been debunked.,FALSE
7499,Says Chris Christie vetoed equal pay for women 3 times. He only let the bill pass once it became a damaging campaign issue.,FALSE
7503,I negotiated open borders to let fleeing refugees into safety from Kosovo.,FALSE
7506,The decision to cancel the trademark of the Washington Redskins is not the Patent and Trademark Office. This is Barack Obama.,FALSE
7509,Obamacare is one big fat VA system.,FALSE
7515,"I fought hard for that (state Senate) seat. I only lost by four points. I raised over $700,000.",FALSE
7517,"Under the Iran nuclear deal, we give them $150 billion, we get nothing.",FALSE
7520,"Dont believe those phony numbers when you hear 4.9 and 5 percent unemployment. The numbers probably 28, 29, as high as 35. In fact, I even heard recently 42 percent.",FALSE
7521,Says in March New Jersey was one of only eight states in the nation to lose jobs and the state with the highest loss of jobs in the nation.,FALSE
7522,Its estimated that 40 percent of all the guns that are sold in the United States occur with no background records check.,FALSE
7523,The last Christians are about to leave Iraq.,FALSE
7527,I have never asked for nor received a single earmark or pork barrel project for my state.,FALSE
7529,Says Hillary Clinton wants to bring in thousands of refugees to America from all around the world without any kind of security screening.,FALSE
7536,"Thanks to (Rick) Perrys bad budgeting, the (Texas) highway department has to convert some modern paved state roads back to gravel.",FALSE
7538,Undocumented students who qualify for in-state Oregon tuition are actively working toward U.S. citizenship.,FALSE
7540,"Says according to recent polls,no Republican candidate is doing better against Hillary Clinton than myself.",FALSE
7541,I recently had the opportunity to vote to give the president limited authority to begin strikes against terrorists in Iraq and Syria.,FALSE
7545,"﻿﻿Since Mayor Kennedy OBrien took office Sayreville has issued 22,081 building permits! Now OBrien is holding secret meetings with big developers.",FALSE
7547,Ben Franklin once quipped that only two things in life were certain: death and taxes. I think even he didnt envision that the tax man would visit on the day of your death.,FALSE
7549,Federal government reneging on Medicaid payments to Wisconsin caused about $240 million in extra costs in the 2013-15 state budget.,FALSE
7556,The presidents first major foreign policy speech in Cairo was to apologize for our country.,FALSE
7558,The Milwaukee Bucks are actually younger than the Marquette team.,FALSE
7559,Says Connie Mack failed to pay his child support.,FALSE
7565,"Of course, there is large scale voter fraud happening on and before election day.",FALSE
7567,Paul Ryan is one of only six House Republicans who voted for Teddy Kennedys bill to force Christian employers to hire LGBT employees.,FALSE
7569,"During his first year, President Obama said he was going to visit Kim Jong-ll and Ahmadinejad and Assad and Chavez the worst actors in the world.",FALSE
7570,"Says Republican state leaders are using ""Soviet-style"" budget management.",FALSE
7579,945.json	true	The stimulus bill includes $8 billion for high-speed rail projects, such as a 'magnetic levitation' line from Las Vegas to Disneyland.""",FALSE
7583,SaysJosh Mandels campaign is under FBI investigation,FALSE
7585,Says the majority of candidates in Texas 25th Congressional District live outside the district.,FALSE
7586,I have tremendous support from women.,FALSE
7587,Says theres not much evidence to suggest that people have (contributed to global warming) or can do very much to change anything.,FALSE
7588,Floridas revenue is growing at a faster rate than almost any state in the country.,FALSE
7590,"Obama said he would ""stand with the Muslims should the political winds shift in an ugly direction.""",FALSE
7592,We know that President Obama stole over $500 billion out of Medicare to switch it over to Obamacare.,FALSE
7593,"A cap-and-trade bill would destroy over 50,000 jobs in Virginia.",FALSE
7594,"Nearly 40,000 new jobs have been created in the last year due to the new wells . . . right here in Ohio.",FALSE
7596,"Says I worked with our Mayor and other commissioners to help save the school year when a budget crisis in Salem threatened to cut four weeks of the school year, including negotiating with teachers to work for free.",FALSE
7598,This is the year Florida becomes a majority minority state.,FALSE
7599,"We work longer hours than any people in the industrialized world, including the Japanese.",FALSE
7600,Says Greg Abbott converted over $1 million in federal grant money intended for use to prosecute online sexual predators and other cyber crimes and instead used it to harass and prosecute senior citizens who were assisting other senior citizens in applying for mail-in ballots.,FALSE
7602,Says President Barack Obamas health care law is expected to destroy 2.3 million jobs.,FALSE
7603,"John McCain ""is one of the few senators of either party who oppose this bill (to expand education aid for veterans) because he thinks it's too generous.""",FALSE
7606,I fought 38 Studios from the beginning.,FALSE
7607,Says Wisconsin Gov. Scott Walker turned a $1 billion surplus into a $2.2 billion budget deficit.,FALSE
7609,"After Reagan took office, ""we didn't raise taxes and we didn't cut entitlements. What we did was we cut taxes.""",FALSE
7611,Newt Gingrich co-sponsored a bill with Nancy Pelosi that would have given $60 million a year to a U.N. program supporting Chinas brutal one-child policy.,FALSE
7613,Martin Luther King was a Republican.,FALSE
7614,EPA officials have commended (Koch Industries) for our commitment to a cleaner environment and called us a model for other companies.,FALSE
7616,"West has raised $2 million from those that would leave our beaches in ruins, end Social Security and Medicare, and give corporations free reign.",FALSE
7617,After Ronald Reagan cut taxes in 1981 the U.S. enjoyed exponential growth.,FALSE
7618,The party in the White House is responsible for a massive tax increase on the middle class.,FALSE
7624,"Says millions of dollars in tax breaks were paid for by busting unions, cutting BadgerCare, and raising taxes on the poor and the middle class, thanks to Elizabeth Coggs help.",FALSE
7627,Fewer than 10 percent of those in the House are what anyone would classify as wealthy.,FALSE
7630,Fiorinas plan would mean slashing Social Security and Medicare.,FALSE
7633,"Members of Congress specifically exempted themselves from many of the laws they have passed, such as being exempt from any fear of prosecution for sexual harassment ... (and) from the healthcare reform.",FALSE
7636,A law that mandates fingerprinting for gun purchasers is a requirement thats reduced gun crimes in the five states where its the law.,FALSE
7640,The incandescent light bulb has no effect whatever on the planet.,FALSE
7642,"The president's plan, even after the end of its withdrawal timeline is reached, will leave in place up to 50,000 U.S. troops.",FALSE
7649,Donald Trump is appealing as much to Democrats as he is to Republicans.,FALSE
7653,"The sales tax increase, if approved, will cost taxpayers up to $300 million per year, in perpetuity, to finance a rail system for the City of Tampa.",FALSE
7655,"Bill Nelson voted for a ban on millions of commonly owned firearms, which included many popular hunting and target rifles.",FALSE
7657,"More lives have been lost because of the war with the drug cartels in Juarez alone, just a few blocks from the United States of America, than have been lost in the war in Afghanistan.",FALSE
7659,Marco Rubio thinks that government shouldn't be in the health care business at all.,FALSE
7667,On sequestration,FALSE
7673,"Says President Barack Obama neversaid, No boots on the ground in Syria.",FALSE
7674,Wisconsins Supreme Court justices are deciding fewer opinions in civil and criminal cases than they used to.,FALSE
7675,President Obamas health care law says when you sell your house now you have to pay a 3.8 percent tax.,FALSE
7678,Says President Obamas grandmother in Kenya said he was born in Kenya and she was there and witnessed the birth.,FALSE
7679,We have more people working in the state of New Jersey today than weve ever had in our history.,FALSE
7681,Judithanne McLauchlan was part of a group that supports imposing a state income tax on Floridians.,FALSE
7682,The Earth is not warming.,FALSE
7685,"The man who was in charge of the investigation of Hillary Clinton accepted essentially from Hillary Clinton $675,000 that went to his wife.",FALSE
7688,Nevada is still a state that is 80 percent white voters.,FALSE
7693,"Says an estimate that Texas will face an $18 billion budget gap is a number that somebody just reached up in the air and grabbed.""",FALSE
7694,The health care law imposes a federal mandate requiring middle-class Americans to buy health insurance whether they can afford it or not.,FALSE
7696,On whether he would run for U.S. Senate in 2012.,FALSE
7698,Says he never said he wanted to move Social Security back to the states.,FALSE
7702,"Thirty-seven percent of Central Falls retired police officers and firefighters are out on disability pensions; in most municipalities, about 5 percent of retirees collect disability pensions.",FALSE
7709,"Obamacare-caused paperwork will annually absorb 190 million hours or more--and Mount Rushmore could be built 1,547 times over with the paperwork.",FALSE
7710,Fifty percent of our students who enter higher education need to take remedial courses because they are not prepared for college-level work.,FALSE
7712,Both Cruz andRubio are missing the vast majority of their votes.,FALSE
7714,Says Israel Prime Minister Benjamin Netanyahu didnt change his position on a two-state solution.,FALSE
7716,Theres still about $400 billion or $500 billion of the stimulus plan that has not been spent. Why dont we stop it.,FALSE
7717,Says Alex Sink supported a $5.2 billion increase in Floridas debt.,FALSE
7719,"Frank Guinta voted to make middle class taxpayers pay over a $1,000 more a year in taxes.",FALSE
7721,Senate Democrats who left the state for weeks to delay a vote on union bargaining power exercised a Wisconsin filibuster provided by the states constitution.,FALSE
7725,North Korea is telling its people that their mens national team is in the World Cup final.,FALSE
7730,"Cuccinelli wants to make all abortion illegal, even in cases of rape and incest, even to protect a womans health.",FALSE
7731,"Says Rand Paul thinks drug-dealing, theft, burglary and prostitution should be decriminalized.",FALSE
7734,"When Sarah Palin was in government, Barack Obama was a community organizer.",FALSE
7735,Says his 9-9-9 tax reform plan is not regressive.,FALSE
7737,"Until the new Iran deal, China and Russia have never voted with us at the U.N. on any sanctions on Iran in the past.",FALSE
7738,"Insurers delayed an Illinois man's treatment, and he died because of it.",FALSE
7742,"Since being elected, (Tom Barrett) has dumped 8.2 billion gallons of raw sewage into Lake Michigan.",FALSE
7745,This administration is slashing the Navy to pay for more Obamacare.,FALSE
7747,McCain will give more tax breaks to big oil.,FALSE
7753,"Says Maggie Hassan pays zero property taxes on her $500,000 home.",FALSE
7754,Under the Obama plan . . . all the health care in this country is eventually going to be run by the government.,FALSE
7757,"Ryan Sittons company accepted over $650,000 in Obama stimulus dollars.",FALSE
7758,"For four days in Denver, the Democrats were afraid to use the words 'Islamic terrorism.'",FALSE
7761,Cities like Seattle have decided to ban food carts.,FALSE
7764,"Some of the things that (Megyn Kelly) said, I didnt say.",FALSE
7767,"Monica Wehby and Jason Conger are causing devastating consequences for nearly 23,000 Oregonians looking for work.",FALSE
7768,"After the U.S.-led military alliance ejected Saddam Husseins forces from Kuwait in 1991, the Kuwaitis never paid us.",FALSE
7770,Says the estate tax is a threat to family farms.,FALSE
7771,We can fix our roads without raising taxes.,FALSE
7772,Says Michelle Obama waved red communist flags on her trip to China.,FALSE
7774,Says Donald Trump is against minimum wage.,FALSE
7775,Less than 1 percent of 1 percent of the American population has given an amount over $200 to a federal political campaign.,FALSE
7776,Obama couldn't have afforded his home without Rezko's help.,FALSE
7780,Only three in 10 Texas doctors are currently accepting new Medicaid patients.,FALSE
7782,"The Clintons now charge the Secret Service $10,000 monthly rent for the use of (a) Secret Service residence and that rent is just about equal to their mortgage payment.",FALSE
7783,Says an appointed board created under Obamacare will have the ability to come between you and your doctor in determining the best treatment options for you!,FALSE
7784,"Says that over the past 20 years, Texas public school spending rose 142 percent and per-pupil spending more than tripled when adjusted for inflation.",FALSE
7785,David Cicilline is the 5th most liberal person in the House of Representatives.,FALSE
7787,"Saysthe State Department has had half a year to respond to a Benghazi document request, yet I have not gotten a single, solitary scrap of paper.",FALSE
7788,"Republican leaders said ""no"" to ""tax cuts for 95% of working Americans.""",FALSE
7789,We confer more PhDs each year than any other university in America except Berkeley.,FALSE
7793,Taking all the money of the top 1 percent wouldnt keep Medicare going for three years.,FALSE
7800,Iranian mullahs took American hostages and they held the American hostages for 444 days. ...The one hour in which they released them was the one hour in which Ronald Reagan was taking the Oath of Office ,FALSE
7801,Mayor White has major stake in Barnett Shale production company.,FALSE
7802,"Rep. Jim Renaccis plan to end Medicare also puts nursing home care for 3,000 seniors in the district in immediate jeopardy.",FALSE
7807,"On Syria, alot of the allies signed on. At the last minute, Obama backed off.",FALSE
7811,"In an interview with the Chicago TribunesEditorial Board, Comptroller Leslie Munger says that in order to balance a budget, the state would have to cut social services completely.",FALSE
7812,"Iowa, for good reason, for constitutional reasons, for reasons related to the Lord, should be the first caucus and primary.",FALSE
7814,Obamacare could cause 20 million people to lose their current coverage.,FALSE
7815,"Children are crossing the border because President Barack Obama said if you come, youre going to be able to stay, because were not going to enforce the law.",FALSE
7816,Says U.S. Rep. Tammy Baldwin is backing President Barack Obamas plan to pass a $1.5 trillion tax increase.,FALSE
7822,"A proposed revenue smart cap gives Floridians a voice, requiring a 60 percent vote by citizens in order to impose a new tax, fee, license, fine, charge or assessment.",FALSE
7823,"Eighty-five percent of every dollar donated to the Clinton Foundation ended up either with the Clintons or with their staff to pay for travel, salaries, and benefits. Fifteen cents of every dollar actually went to some charitable beneficiary.",FALSE
7830,A United Nations working group has adopted a proposed agenda to enable member nations to disarm civilians within their borders.,FALSE
7831,Says she balanced a $10 billion budget shortfall without raising taxes.,FALSE
7832,"If 20 million illegals vote, you can kiss the Second Amendment goodbye.",FALSE
7833,Planned Parenthood has now (been) found to also illegally sell baby parts.,FALSE
7837,"This year, the Austin City Council granted a small homestead property tax exemption of $5,000... applied equally to everyone. And we also granted an exemption for the elderly and the disabled members of the community.",FALSE
7838,Perry pushed for a law that lets insurance companies raise homeowners rates without having to justify the increase.,FALSE
7840,"Says President Obama was wrong about Muslims historical contributions to mankind, such as algebra (actually that was the ancient Babylonians), the compass (that was the Chinese), pens (the Chinese again) and medical discoveries.",FALSE
7844,The projected revenue from the Mayweather/Pacquiao fight is larger than the annual GDP of 29 different countries.,FALSE
7845,Says sixty-two percent of small businesses over the last five years went under because they couldnt pay their health care bills.,FALSE
7847,"Theres a tax credit of $2,400 to bond [former inmates] that an employer would get for hiring a convicted felon. Theres a federal bonding program -- you can get $5,000 to $25,000 in federal money to hire a convicted felon. And theres federal grants for felons to set up their own small businesses.",FALSE
7848,Jesus was an undocumented immigrant.,FALSE
7849,On gay marriage,FALSE
7850,"Ann Kuster supports the government takeover of healthcare, which robs Medicare of over $700 billion.",FALSE
7853,This (Ebola) is not as bad as SARSwas in 2003.,FALSE
7854,"A couple of debates ago, (Donald Trump) said if you dont support socialized health care, youre heartless.",FALSE
7855,Its four or five states where the number of insurance options have narrowed under the Affordable Care Act.,FALSE
7856,"Ethanol reduced gas prices by 89 cents per gallon in 2010, and if ethanol disappeared, gas prices could rise by as much as 92 percent.",FALSE
7858,Final election 2016 numbers: Trump won the popular vote.,FALSE
7860,Says campaign contributions to her rival for a state House seat was money intended for schoolchildren.,FALSE
7862,Says U.S. House candidate Carlos Curbelo supported ending the Medicare guarantee.,FALSE
7863,"The Obama administration ""was successful in rushing a massive spending bill through Congress in just two days after which it sat on the president's desk for three days, while he was away on vacation.""",FALSE
7864,"In 1992, Barack Obama directed ""Project Vote - an arm of ACORN that also encouraged voter registration.""",FALSE
7867,A report by the US General Accountability Office (GAO) in 2008 found that the disposal of Katrina wastes by AshBritt in the south resulted in the creation of contaminated sites along the Gulf Coast and two new Superfund sites in New Orleans.,FALSE
7871,Says his Patient OPTION Act is the only Republican plan that completely repeals Obamacare and it takes the federal bureaucrat out of decisions for you.,FALSE
7880,Says abortion is the most common surgery in our country.,FALSE
7882,The stimulus bill promised to keep unemployment under 8%.,FALSE
7884,"None of the polls being conducted right now have us on the top line. None of them. Its always Trump and Clinton and then second question, third question. ... If we were included in the top line, as Johnson/Trump/Clinton, wed be at 20 percent.",FALSE
7886,"The Clinton Foundation gives less than 10(percent in direct aid). In 2013, they raised 140 million bucks, gave $9 million to people in direct aid.",FALSE
7887,Sen. Barbara Boxer passed only three bills in 18 years into law.,FALSE
7893,"Under President Barack Obama, 8.3 (million) fewer Americans are working today than there were four years ago.",FALSE
7897,Today roughly half of born-again Christians arent voting. Theyre staying home.,FALSE
7900,Hedge fund managers and others in private equity pay much lower (tax) rates on their income than do truck drivers and teachers and nurses.,FALSE
7901,It still had not gotten terrible on the roads by 2 to 3 p.m. Tuesday.,FALSE
7902,We came out against Deepwater and everybody is now paying for [the project] in their electric bills.,FALSE
7903,Americans admire Glenn Beck more than they admire the pope.,FALSE
7906,"I am the only person in this field who is against amnesty. Every other person in this field wants to allow people who are here illegally to be able to stay here, in one form or another.",FALSE
7909,Says Gov. Rick Scotts approval ratings are up.,FALSE
7911,Says all my grandparents immigrated to America.,FALSE
7912,Said his mother had to fight with health insurance companies for treatment because of a pre-existing condition.,FALSE
7917,Mickey Mouse was registered to vote (in Florida).,FALSE
7918,"Very, very, very few people get a pat-down when they go through airport security.",FALSE
7919,"In September, the Department of Business and Consumer Services enacted a sudden 39% workers compensation premium assessment by rule with little notice to the public.",FALSE
7921,Says Hillary Clinton and Ralph Northam label police as racists.,FALSE
7926,Says Dwight Holton has never set foot in an Oregon courtroom.,FALSE
7928,"The U.S. unemployment rate has been massaged, its been doctored.",FALSE
7931,"Under Scott Walker, the Wisconsin middle class is shrinking at a faster rate than any other state in the country.",FALSE
7935,The economic impact of Atlantas 2000 Super Bowl was $292 million.,FALSE
7939,A New York imam wants tohave a mosque at Ground Zero.,FALSE
7940,One of the other inaccuracies ...is that we have raised taxes multiple times and run up the budget. Absolutely not true. One tax increase since Ive been in office. It was a quarter mill tax in the unincorporated area only.,FALSE
7941,Some billionaires have a tax rate as low as 1 percent.,FALSE
7942,"The profit [from automated traffic enforcement cameras] is going to the private corporations, not to the city or state.",FALSE
7944,"It is estimated that every $100 million spent on construction generates 3,000 new jobs.",FALSE
7947,Says Scott Walker tried to pass a law to allow pharmacists to block womens access to birth control.,FALSE
7949,Were broke. We dont have any more money.,FALSE
7951,Says direct shipment of wine makes underage drinking as simple as a mouse click.,FALSE
7952,"Under Barack Obama the last two years, the number of federal limousines for bureaucrats has increased 73 percent.",FALSE
7953,"Obama has been sending taxpayer dollars, at least $350,000 to fund anti-Likud, anti-Netanyahu groups in Israelfor (the) election.",FALSE
7954,When I was U.S. Attorney we wound up putting 10 percent of the state Legislature in jail during my seven years.,FALSE
7961,"When they passed Obamacare, they put a bailout fund in Obamacare. We led the effort and wiped out that bailout fund.",FALSE
7962,David Dewhurst has never once cut one penny from the state budget.,FALSE
7963,Wisconsin Gov. Scott Walkers move to limit collective bargaining rights has led to riots at the Capitol -- Its like Cairo has moved to Madison these days.,FALSE
7972,A defense bill includes language that would require military hospitals to provide abortions on demand.,FALSE
7973,Says Gov. Scott Walkers repeal of a 2009 law has left Wisconsin as one of five states without an equal pay law protecting women from gender discrimination in their paycheck.,FALSE
7977,"On HealthCare.Gov, Texan Mark Sullivan found a good health insurance plan that includes dental, for less than $80 a month.",FALSE
7982,Says a Canadian provincial prime minister came to Ohio for his medical treatment because of the delay in Canadian health care which would have endangered his life.,FALSE
7985,Theres a mosque inside of the Pentagon.,FALSE
7986,"I would love to see us have in this country what I helped lead in Arkansas...Amendment 65 (which) says that we believe life begins at conception, and that we ought to do everything in the world possible to protect it until its natural conclusion.",FALSE
7987,"If we went back to the obesity rates that existed back in the 1980s, the Medicare system over several years could save as much as a trillion dollars.",FALSE
7989,Says Austin is the largest city in the U.S. without nonstop flights to Europe.,FALSE
7992,"Says (t)his 12 year council Seat-warmer has never chaired, vice chaired, or led a single Council committee meeting.",FALSE
7995,Candidate for governor Roy Barnes has been fighting hard to let illegal immigrants vote.,FALSE
7996,"Workers in the United States are making less than they were almost 20 years ago, and yet they are working harder.",FALSE
8002,Says Mexico can afford to build a wall because the countrys trade deficit with America is billions of dollars.,FALSE
8008,Says his campaign has released his past tax returns.,FALSE
8009,"As a result of Chris Sununus vote against a Planned Parenthood contract, nearly 3,000 fewer women and families statewide accessed health care for birth control, cancer screenings and annual exams.",FALSE
8011,The media widely overlooked comments made by former President Bill Clinton that Hillary Clinton had a terrible concussion that took six months to recover from.,FALSE
8012,Says she voted against the Medicare Part D prescription drug program because it was unfunded.,FALSE
8013,"I just talked about guns. I told you what my position was, and what I did as governor, the fact that I received the endorsement of the NRA.",FALSE
8014,U.S. Sen. Bill Nelson was the deciding vote for the health care law.,FALSE
8015,"Says Morgan Carroll opposed requiring convicted sex offenders to register their online profiles, making it harder to track online sex offenders and child predators.",FALSE
8016,"Says Adam Hasner said he will never accept a pay increase, but he voted to raise his pay four times.",FALSE
8017,One of the reasons that Social Security is in so much trouble is that the only funding stream comes from people who get a wage. The people who get wages is declining dramatically.,FALSE
8018,"For the votes that we got, I think we spent, on average, two bucks a pop. Compared to 42 bucks for incumbent Milwaukee County Executive Chris Abele.",FALSE
8027,Some Republican leaders in Congress are pushing to make privatizing Social Security a key part of their legislative agenda if they win a majority in Congress this fall.,FALSE
8029,"The 2011 Rebuild America Jobs Act would have cost the average American family $1,000 a year while making no significant impact to fix our infrastructure and roads.",FALSE
8033,"More than 400 car crashes occur each year on the current, congested Columbia River Bridge.",FALSE
8034,Says President Ronald Reagan had a month of job creation of 1 million.,FALSE
8035,"Weve had examples like in Yuma County, where weve been able to stop 97 percent of the illegal (immigration) flow, and those programs, they abolish.",FALSE
8038,"Says its a statistical reality that most single moms are very poor, under-educated, cant get a job, and if it werent for government assistance, their kids would be starving to death.",FALSE
8041,"In the last couple of days, notices were sent (by officials in Ukraine) to Jews in one city indicating that they had to identify themselves as Jews.",FALSE
8044,"You cant read a speech by George Washington . . . without hearing him reference God, the Almighty.",FALSE
8045,"Says Jeff Wentworth, bending the rules, has used $211,743.96 in campaign contributions to lease luxury cars.",FALSE
8046,"Says If Oregons Legislature simply authorizes $450 million for the CRC, it will leave Oregon holding the bag for a great deal more cost responsibility.",FALSE
8048,There were $2 billion in earmarks in fiscal year 2012.,FALSE
8049,Eight million Americans have dropped out of the work force since (Barack) Obama became president. ... The real unemployment rate is 19 percent.,FALSE
8050,"Under David Dewhursts leadership, the Texas Senate passed an expansion of in-state tuition and free health care to illegal immigrants.",FALSE
8051,Photos prove the Denver light rail system has low ridership.,FALSE
8054,Says U.S. Senate candidate Eric Hovde has no problem with raising taxes.,FALSE
8055,"Rick Santorum says Rick Perry requested 1,200 earmarks as governor of Texas.",FALSE
8056,Nancy Pelosi wants a Windfall Tax on Retirement Income.,FALSE
8057,We get practically nothing compared to the cost of keeping U.S. military forces in South Korea.,FALSE
8060,U.S. Rep. Stephen Fincher is the only working farmer currently serving in the House.,FALSE
8062,Milwaukee police and firefighters are routinely getting 4 percent raises annually while everybody else is either getting zero or one percent raises.,FALSE
8064,"When Disney was looking to build Disney World, they came to Miami and we told Disney to take a hike.",FALSE
8066,Gov. Scott Walkers plan to freeze pay for state employees includes a 5.4 percent raise for himself.,FALSE
8067,"As district attorney, Susan Happ took $180,000 in a shady land deal from a man charged with multiple felony counts of sexual assault before she offered him a deferred prosecution.",FALSE
8068,"In Wisconsin, 300,000 voters were turned away by the states strict voter ID law in the 2016 presidential election.",FALSE
8073,Sheriffs Call For Obamas Lynching While Leader Meets With GOP Senators,FALSE
8074,Proposed immigration legislation would give new immigrants a taxpayer-funded cellular phone.,FALSE
8075,"Youre paying for...(state Sen. Diane Allens) health care, and she took yours away.",FALSE
8076,Illegal immigrants mow the grass around the (Texas) Capitol.,FALSE
8078,"Under Obama, the national debt has been reduced every year for the last five years.",FALSE
8081,"A DWI costs $17,000.",FALSE
8082,"In 2010, Clinton said Iran could enrich uranium. In 2014 she said shes always argued against it.",FALSE
8083,Says Rep. Ken Legler voted against installing fire sprinklers and emergency power generators in nursing homes.,FALSE
8086,The Wisconsin Legislature raised taxes more than $5 billion in 2009.,FALSE
8088,"In a few months, this deal would give Iran $150 billion for its $300 billion to $400 billion economy, which is like $8 trillion flowing into the United States treasury.",FALSE
8090,The tax policies of George W. Bush created a dynamic effect of high growth.,FALSE
8092,The unemployment rate for young people is down from a 10.6 percent high in 2009 to 2.6 percent today.,FALSE
8093,Public-employee unions spent $30 million in Wisconsin unsuccessfully trying to flip the state Senate to Democratic control.,FALSE
8094,Says President Barack Obamas homeland security budget had $16 million to fight climate change but didnt have a line item to fight violent extremism.,FALSE
8095,"There are over 2,000 crimes recorded per 100,000 population in the U.K., compared to 466 violent crimes per 100,000 in the United States.",FALSE
8096,This president ... could have gotten crippling sanctions against Iran. He did not.,FALSE
8098,Most Americans are now getting their news from Facebook.,FALSE
8101,"Texas House Speaker Joe Straus said, I do not care if Wallace Hall swings from a tree.",FALSE
8102,Not one of the 17 GOP candidates has discussed how theyd address the rising cost of college.,FALSE
8105,If it werent for me (illegal immigration) wouldnt even be a big subject.,FALSE
8106,A $300 million stimulus allocation to Wisconsin has led to the creation of tens of thousands of jobs in every corner of this state.,FALSE
8107,Langevin has been the most reliable vote for Speaker Pelosi.,FALSE
8109,"Says Mitt Romney was clear that he would not provide government assistance to the U.S. auto companies, even if they went through bankruptcy.",FALSE
8111,"Obama ""supports hate-crimes expansion ... potentially putting churches at risk if they preach the truth about homosexuality.""",FALSE
8115,"Democrats' budget resolution would raise America's tax bill by ""$500-billion.""",FALSE
8117,"Barack Obama wants to ""restore"" the estate tax that George W. Bush ""repealed.""",FALSE
8119,There are more young black males involved in the criminal justice system than there are in higher education.,FALSE
8121,The Greenlight Pinellas transportation plan involves a 300% tax increase.,FALSE
8125,"100 percent of the crime is committed, in estimate, by about 15 percent of the population.",FALSE
8135,Youre supposed to throw away your shoes ifmercury from a broken CFL light bulb gets on them.,FALSE
8136,"John McCain has ""a consistent pattern of ducking important environmental votes.""",FALSE
8137,"Iowa has the fourth fastest-growing personal income in the United States, while nationally, the real wage has decreased over the past eight years that Congressman (Bruce) Braley has been there by 2.7 percent.",FALSE
8139,SaysTed Cruz distributed the ad showing a nude Melania Trump on a rug.,FALSE
8143,"Scott Walker was elected governor on a promise not to take campaign contributions from the date of his inauguration until the signing of the state budget, but broke it by taking nearly $5.6 million.",FALSE
8150,Says Washingtons reach extends to even telling us what kind of light bulb we can use.,FALSE
8151,Health care premiums up 90 percent in New Hampshire.,FALSE
8154,"There are billions of barrels of oil beneath our oceans and in Alaska, and there is ample oil shale in the Rocky Mountain West, but Democrats ""say all this American energy is off limits.""",FALSE
8155,"When Mitt Romney chose Paul Ryan as his vice-presidential running mate, that was the end of Romneys chances to win.",FALSE
8157,Congressman Scott DesJarlais is spending his one year anniversary on vacation -- only working 6 days in all of January.,FALSE
8158,"The Democratic health care plan is a ""government takeover of nearly 20 percent of our economy.""",FALSE
8160,Tim Kaine wants to thwart right-to-work reform measures in Midwest battleground states.,FALSE
8161,New Virginia regulations on abortion clinics provide the same sanitary environment we expect of dental offices.,FALSE
8163,Says Charlie Crist signed the nations harshest marijuana laws.,FALSE
8165,"I used my line-item veto authority to veto $360 million dollars in special interest spending, so that our budget this year ... is still smaller than the fiscal year 2008 and 2009 budgets signed by my predecessor.",FALSE
8170,Says combined inflation and unemployment rates in October 2011 were the highest since Ronald Reagan succeeded Jimmy Carter.,FALSE
8172,Says Texas schools have had massive increases in class sizes with Rick Perry as governor.,FALSE
8173,Paul Workman wants to raise the sales tax.,FALSE
8174,Says Sen. Sherrod Brown cast the deciding vote on the government takeover of health care.,FALSE
8176,"I wanted to keep it private, because I dont think its anybodys business if I want to send money to the vets.",FALSE
8177,Prop 56 cheats schools out of at least $600 million.,FALSE
8178,78702 is the second-most gentrified ZIP code in the entire country.,FALSE
8185,A million Democrats deserted (Howard Deans) party and joined my party because of Donald Trump in Ohio this year.,FALSE
8186,I have sent over $400 million to the border of Mexico in the form of Texas Ranger recon teams.,FALSE
8194,Says Mitt Romney flip-flopped on supporting the presidents Recovery Act.,FALSE
8202,"I signed the largest single tax cut in the history of Florida, a $25 billion tax cut over five years, directed at property tax cuts.",FALSE
8206,We (Trump University)have an A from the Better Business Bureau.,FALSE
8209,"Social Security, like I told you, is out of money. This year it is borrowing from the general treasury.",FALSE
8210,Says Obama called Sarah Palin a pig.,FALSE
8214,The Koch Brothers are spending more money than either the Democratic or Republican parties in the 2016 elections.,FALSE
8216,Natalyn Archibong skipped (Atlanta) City Council meetings or was late 90% of the time. Then she voted herself a pay raise.,FALSE
8217,"Under Republican-backed state budget, the state education agency estimates expansion of Wisconsins school voucher program could cost nearly $2 billion annually",FALSE
8219,U.S. military uniforms are manufactured in China.,FALSE
8221,We have invested record funding in protecting our environment.,FALSE
8223,"Says Sen. Sherrod Brown voted to keep an extreme, job-killing Internal Revenue Service paperwork mandate.",FALSE
8225,"Girl Scouts USAs curriculum promotes Margaret Sanger, founder of Planned Parenthood, Betty Friedan, founder of NARAL Prochoice, and other pro-abortion women as icons for our children to emulate.",FALSE
8226,"Since 1988, Congress has raised its own salary 15 times to reflect rising costs. But raised the minimum wage only three times.",FALSE
8228,AIDS was transmitted to humans because one guy had sex with a monkey and then started having sex with men.,FALSE
8230,Blocking travel from countries with Ebola should be possible because President Barack Obama has sealed off Israel in the past.,FALSE
8234,94 percent of those that are employed by the Department of Education at the federal level were deemed by the department as nonessential employees.,FALSE
8235,With recent growth it is very clear that private-sector jobs have been doing fine.,FALSE
8236,North Dakotas economy is reeling.,FALSE
8238,Says Hillary Clinton is wrong to say he mocked a disabled reporter.,FALSE
8239,"Says many local governments in Wisconsin already require employees to pay 20 percent, 30 percent or even 40 percent of their health insurance premiums.",FALSE
8244,"Casey Weinstein: No faith in our military ... When some of our cadets wanted to watch a religious film, Casey Weinstein sued the U.S. military. Sued our soldiers?",FALSE
8245,"Today, the Social Security system is broke.",FALSE
8246,Says she has quadrupled agents to secure our border.,FALSE
8247,"Says Julie Parrish wants to add a sales tax to everything we need to buy including food, clothing, medicine and school supplies.",FALSE
8248,Says gubernatorial candidate Clay Pell hasnt spent a dime on advertising.,FALSE
8253,More than 50 percent of those people getting minimum wage in this state are high school students.,FALSE
8254,"If you survey, most (North Carolina) Democrats also agree with our (election) laws and voter ID.",FALSE
8255,Says Tom Perriello voted to give tax breaks to foreign companies creating jobs in China.,FALSE
8256,Ted Cruz is in negotiations to be Donald Trumps running mate.,FALSE
8261,Peter DeFazio will sneak in a 1 percent tax on all banking transactions.,FALSE
8262,"If you threw a barbecue yesterday for the Memorial weekend, it was 29 percent more expensive than last year because Barack Obamas policies have led to groceries going up 29 percent.",FALSE
8264,Says President Barack Obama did not invite a Republican senator to dine at the White House until his fifth year in office.,FALSE
8265,Says Obama was in New York City the same day as Israeli Prime Minister Benjamin Netanyahu but went on a TV show instead of meeting with him.,FALSE
8266,A Dallas proof-of-insurance ordinance resulted in area tow lots mostly filling with the cars of illegal residents.,FALSE
8268,America used to be the third easiest country to get established in a business. Its now number 17.,FALSE
8269,"Public support for abortion is actually going down a little bit, polls show.",FALSE
8270,"Students In Fla. High School Forced To Recite Islamic Prayer, Make Prayer Rugs.",FALSE
8271,SaysSenate Republicans are following a longstanding tradition of not filling vacancies on the Supreme Court in the middle of a presidential election year.,FALSE
8272,"When I took office in 2003, we had very little reserves.",FALSE
8276,"There are more atheists in the country right now than Jews, Muslims, Hindus and Buddhists combined and doubled.",FALSE
8277,We have doubled the distance our cars will go on a gallon of gas.,FALSE
8278,"When was the last time you saw a Chevrolet in Japan? It doesnt exist, folks.",FALSE
8279,Documents released from the Soviet Union show the Soviet Union started treating President Ronald Reagan more seriously after Reagan fired the air traffic controllers.,FALSE
8280,Says tanking Rick Perrys federal tax plan has huge tax cuts for rich people and big tax hikes for everyone else.,FALSE
8281,Powerful Houston Democrats Sylvia Garcia (Democrat county commissioner in Harris County) and Elyse Lanie(r) (wife of the former liberal Democrat mayor Bob Lanier) sponsored a Democrat fundraiser for Speaker (Joe) Straus with numerous Democrat officials and high-ranking union officials.,FALSE
8286,Weve caught Iran cheating on the interim (nuclear) deal.,FALSE
8290,By the year 2015 (Medicaid will) take up half our budget.,FALSE
8292,Says Scott Brown co-sponsored legislationto let employers deny women coverage formammograms.,FALSE
8294,Nazi imagery [was used] by the Block for Governor campaign to describe supporters of Allan Fung for Governor.,FALSE
8296,"Says the Congressional Budget Office said if youre going to buy your own policy with these (health care) exchanges youll be paying 10 percent more ... about $2,100 more for a family.",FALSE
8298,"Says a man opted out of Obamacare after the marketplace launched on Oct. 1, 2013, and was informed he owed a $4,000 fine.",FALSE
8299,Multnomah Countys food action plan clearly plans to disrupt the free market system in terms of food choices making it harder and more expensive for many residents to eat their food of choice.,FALSE
8300,"Says that according to a study, under Obamas health care initiative, nearly 90 percent of people in Wisconsin with health insurance will have their costs go up by more than 30 percent.",FALSE
8302,"Four times, I said, he (John McCain)is a hero, but you know ... people choose selective pieces.",FALSE
8303,PolitiFact Wisconsin concluded that the charge that Justice Prosser prejudges matters that come before the court is True.,FALSE
8304,Says unemployment in Ohio is significantly higher than the unemployment rate in states which are not forced union states and its always been that way.,FALSE
8306,Austin mayoral candidate Mike Martinez takes corporate money.,FALSE
8309,Says Wisconsin Assembly Republicans voted to repeal a law that ensures that women cannot get paid less than a man for doing the same job.,FALSE
8312,On Common Core.,FALSE
8314,"Eighty-five percent . . . of Rhode Island tax returns that were filed for the year 2010 . . . were from individuals who earned $30,000 or less.",FALSE
8316,The Denver Post has actually hired an editor to promote pot.,FALSE
8317,"Says the Southwest Florida Water Management District has $850 million in reserves, enough money in savings to run without levying taxes for more than two years.",FALSE
8319,Eliminating the state tax on health savings accounts will make it easier for small business owners to provide health insurance to their employees.,FALSE
8322,"Says President Barack Obama promised he would cut the deficit in half, but instead will at least double it.",FALSE
8324,"Says Rob Portman voted for the bipartisan bill to affirm climate change is real, humans significantly contribute to it and it needs to be addressed.",FALSE
8333,Says Joe Kyrillos voted to raid the states pension funds by $2.8 billion that is costing New Jersey taxpayers still today to the tune of nearly $15 billion dollars to repay that money.,FALSE
8334,"John McCain said ""he wouldn't even sit down with the government of Spain, a NATO ally that has troops in Afghanistan with us now.""",FALSE
8336,"Under Greg Abbott, Texas four-year-olds would be forced to undergo standardized tests.",FALSE
8338,"Since Mr. Fosters been mayor, we have less small businesses in the city of St. Petersburg.",FALSE
8340,Newly Elected Republican Senators Sign Pledge to Eliminate Food Stamp Program in 2015.,FALSE
8343,"I was totally against the war in Iraq, saying for many years that it would destabilize the Middle East.",FALSE
8344,Claims that Rep. Sanford Bishop votes similar to House Speaker Nancy Pelosi are inaccurate.,FALSE
8347,President Barack Obama has virtually no one in his cabinet with private-sector experience.,FALSE
8349,Florida was the only state during my eight years to go from AA to AAA in its bond rating.,FALSE
8351,Obamacare isnt helping anyone.,FALSE
8358,Why do we have automatic citizenship upon birth? Were the only country in the world that has it.,FALSE
8360,The Hollywood celebrities endorsing Hillary Clinton are in many cases celebrities that arent very hot anymore.,FALSE
8361,"Before Congress, (Tom) Cotton got paid handsomely working for insurance companies and corporate interests.",FALSE
8362,"It will cost $50,000 per enrollee in Obamacare over the next 10 years.",FALSE
8363,"According to HUD, it is patently unfair and socially unjust that wealthy people can live in an exclusive neighborhood.",FALSE
8365,Members of Congress can retire with the same pay after only one term in office,FALSE
8366,The next state budget will begin with a surplus of over half a billion dollars -- $535 million to be exact.,FALSE
8371,"Under Governor Crist, 3,000 teachers laid off.",FALSE
8373,President Obama funneled $716 billion out of Medicare at the expense of the elderly.,FALSE
8375,"SaysMichele Bachmann said on Fox News, This country could use a president like Benjamin Franklin again.",FALSE
8377,The president came in and campaigned against me 12 times.,FALSE
8378,"I was appointed U.S. attorney by President Bush on Sept. 10, 2001.",FALSE
8383,"The most popular name is no longer John or Steven. Its Jose, Camilo and Maria.",FALSE
8385,"English ""is our national language...if it becomes official, that means in a place like New York City you can't print ballots in any other language.""",FALSE
8388,"Under Randi Shade, Austin has had the highest cost of living of any large Texas city.",FALSE
8391,"By allowing brewpubs to sell beer, Georgia could become like Mexico with only a couple of manufacturers controlling all aspects of market.",FALSE
8392,Says Did you know that if you accepted the Districts proposal today you would have NO pay increase for 4 years? Seven years of frozen wages = Disrespect.,FALSE
8393,"Says a car driving former University of Missouri System President Tim Wolfe ran through the students, hit one of them at the MU Homecoming Parade.",FALSE
8399,Bill McCollum diverted a state plane to his home 53 times. A state auditor called it: likely a misuse of state resources.,FALSE
8401,Poll after poll after poll shows me beating Hillary.,FALSE
8403,"Says 23 percent of ninth graders in Newark will graduate with a high school diploma in four years and we spend $100,000 on their education in those four years, more than is spent on any other set of students in the United States.",FALSE
8404,Says President Barack Obama is trying to pack the D.C. Circuit Court of Appeals.,FALSE
8406,Says less than half of 1 percent of all the Texas legislators who ever served draw a benefit from pensions tied to the salaries of state district judges.,FALSE
8407,"Bob Menendez just voted to increase the governments debt ceiling to $1.9 TRILLION! In his 19 years in Congress, Menendez has helped overspend America over $15 TRILLION into debt.",FALSE
8408,I havent really proposed (phasing out aid to Israel) in the past.,FALSE
8409,"Says Rep. Tammy Duckworth has been a staunch supporter of expanding the spending, size and reach of the IRS.",FALSE
8410,One of George Soros companies has provided some of the (voting) machines for some states.,FALSE
8412,And the revenue generated by drilling off Virginias coast? $40 million over 10 years.,FALSE
8416,Says Cathy Jordan was arrested and dragged out of her home by a SWAT team of hooligans for using medical marijuana.,FALSE
8417,"Under energy efficiency legislation sponsored by U.S. Sen. Jeanne Shaheen, federal bureaucrats could take over the local building code enforcement in your city if so-called green mandates are not complied with quickly enough.",FALSE
8419,The claim that 97 percent of scientists believe humans are causingclimate change has been debunked by the head of the United Nations Intergovernmental Panel on Climate Change. That number was pulled out of thin air.,FALSE
8421,The significant drop in Floridas unemployment rate is a good economic sign.,FALSE
8427,War for the soul of the TxDems: 57% of Dem incumbents for Tx House LOST their primary.,FALSE
8431,"Says judges are using Shariah law in Dearborn, Mich.",FALSE
8432,John doesn't have a record in the Senate. John's only passed four bills. They're all about post offices.,FALSE
8437,Two years ago we had the largest structural deficit ever in Wisconsin.,FALSE
8439,Says Gov. Rick Scott allowed Republican legislators to cut his teacher pay raise proposal by 60 percent.,FALSE
8440,Says the New York Times can write a story that they know is false yet they cant basically be sued.,FALSE
8444,Says U.S. Senate candidate Joni Ernst signed a pledge that protects tax breaks for companies that ship jobs overseas.,FALSE
8446,Says he could be the first president in modern history to be outspent.,FALSE
8448,Florida students take an array of standardized high stakes tests which eat up as much as 45 school days per year.,FALSE
8449,"From 2014 to 2015, Austins murder rate is up a whopping 83 percent.",FALSE
8456,(U.S. Rep. Jack Kingston) voted to fund (Obamacare).,FALSE
8457,The United States Senate Democrats and Republicans (voted) to keep our government open.,FALSE
8464,"Amniocentesis, does, in fact, result more often than not in this country in abortion.",FALSE
8466,Mr. Warren compared same-sex couples to incest.,FALSE
8468,Says we got a chance to pass what I think is Oregons first human trafficking bill which has increased by 66 percent the calls to the human trafficking hotline.,FALSE
8469,"Iran ""might not be a superpower, but the threat the government of Iran poses is anything but 'tiny,'"" as Obama says.",FALSE
8473,"John Boehner has called for repealing the rest of the stimulus, which would raise taxes on 110 million middle class people.",FALSE
8478,The average age of first marijuana use is 12.,FALSE
8480,Ive never supported a payroll tax.,FALSE
8483,On serving out his gubernatorial term,FALSE
8484,More people in this country have seen UFOs than I think approve of George Bush's presidency.,FALSE
8485,President Obama is a Muslim.,FALSE
8486,"Says potential Democratic opponent Mary Burke implemented the policies of Jim Doyle. Those are the policies that, in his last term, saw the state lose more than 133,000 jobs.",FALSE
8489,More than 43 percent of all food stamps are given to illegals.,FALSE
8493,Says Ohio Treasurer Josh Mandel first claimed bank fraud in June 2010 but did nothing for more than a year while raising money for his (Republican) Senate campaign.,FALSE
8494,The studies have shown us that [drug testing for welfare recipients] will be saving us money,FALSE
8497,This president spends 30 times as much money on global warming research as he does on weather forecasting and warning.,FALSE
8499,Dr. Paul never votes for legislation unless the proposed measure is expressly authorized by the Constitution.,FALSE
8504,A company with 20 employees could go out of business because of health care law requirements to buy insurance.,FALSE
8506,"3,000 teachers lost their jobs when (Crist) was governor.",FALSE
8507,Barack Obama hasn't passed any (bills).,FALSE
8510,On switching parties.,FALSE
8513,Says Texas school districts are the fifth largest employers in the world.,FALSE
8514,"Says Rick Scott cut education by over a billion dollars, meaning thousands of teachers lost their jobs and class sizes went up.",FALSE
8516,Protesters attacked the groups headquarters with graffiti on the sidewalk and stenciled images smeared on the building and statue.,FALSE
8519,Amendment 4 will reduce Floridas economic output by $34 billion annually.,FALSE
8522,Its just crazy that the government will ... make it illegal to use the old [incandescent] bulbs.,FALSE
8523,Mequon and Milwaukee have the highest disparity of income in the country.,FALSE
8524,Says Barack Obama robbed Medicare (of) $716 billion to pay for ... Obamacare.,FALSE
8525,The largest low-wage employer is not McDonalds or Walmart but the U.S. government.,FALSE
8526,"Joe Sestak ... even wants to bring back the death tax, letting the IRS take half of your savings when you die.",FALSE
8533,"In Rick Perry's Texas, the governor threatens to leave, to secede from the greatest country in the world.",FALSE
8534,"In Florida, Sen. Bill Nelson ... got a $25 billion to $30 billion carve-out for Medicare Advantage patients in their state.",FALSE
8535,Says taxpayer resources are being used to facilitate private political agendas through automatic payroll deduction of union dues.,FALSE
8536,"RNC version of a Hillary Clinton valentine: ""Roses are red, violets are blue, I'll raise your taxes and there is nothing you can do.""",FALSE
8544,"Says Travis County, home to Austin, is the most liberal county in the United States.",FALSE
8545,"Did you know under President Obama family health care premiums have increased $4,154 on the average?",FALSE
8551,Says Alex Sink supported higher property taxes.,FALSE
8553,Says John Kitzhaber wants a sales tax so people without jobs pay taxes.,FALSE
8556,Says his patents in ultrasound have revolutionized modern medicine.,FALSE
8557,"Says Houston is home to more doctors, more nurses, more researchers than any other place in the world.",FALSE
8559,Three of five detainees swapped (for Bowe Bergdahl) are now ISIS leaders.,FALSE
8561,The first tweet was sent from Austin.,FALSE
8564,"Says Bill White didnt pay taxes while earning $133,600 annual salary as deputy secretary of energy.",FALSE
8567,"Our tax code is . . . 80,000 pages.",FALSE
8568,"Blue Cross headquarters has ""a $30,000 granite table.""",FALSE
8569,President Barack Obama is ending Medicare as we know it.,FALSE
8572,"Hillary Clinton wants to shut down family farms using radical regulation, by raising business tax rates as high as nearly 50 percent and by taxing family farms again at death by as much as 45 percent.",FALSE
8574,"Says the Obama administration is handing out a pamphlet titled, What To Do When The Veteran In Your Classroom Attempts A Mass Shooting",FALSE
8576,Barack Hussein Obama will ... force local authorities to allow Occupy protesters to live in parks.,FALSE
8577,Ive been involved in prosecuting a terrorist member of ISIS.,FALSE
8579,The amount of interest paid on the federal debt exceeds total tax revenue.,FALSE
8580,I did not say that I would not have them [Muslims] in my Cabinet.,FALSE
8583,"If I have affordable coverage in my workplace, Im not eligible to go into the marketplace. ... Its illegal.",FALSE
8585,"Says, The Democrats proposed budget is also balanced by using more in new tax revenue than in total PERS reform or savings.",FALSE
8586,"Says a lip-reading instructor at the River School, a Washington, D.C., school for the deaf has determined that during 9/11 ceremonies, Michelle Obama said, All this for a damn flag.",FALSE
8593,Allowing all Bush income tax cuts to expire on Dec. 31 will amount to the largest tax increase in the history of America.,FALSE
8594,"Says Hillary Clintons State Department approved the transfer of 20 percent of Americas uranium holdings to Russia, while nine investors in the deal funneled $145 million to the Clinton Foundation.",FALSE
8596,"In the past four or five presidential elections, people who poll high at the beginning are not the people who end up being the nominees.",FALSE
8597,"Under President Barack Obama, the United States has doubled our exports.",FALSE
8599,Says President Barack Obamas debt commission recommended converting Medicare to a system where Medicare participants are given a voucher to purchase insurance in the private market.,FALSE
8600,The last time there was a sustained surge of confidence in governments competence was under Ronald Reagan.,FALSE
8603,The birther movement was started by Hillary Clinton in 2008. She was all in!,FALSE
8604,The Kochs stand to make around $100 billion if the government approves the Keystone XL pipeline.,FALSE
8608,"In Washington, Congressman Joe Heck supports privatizing (Social Security), turning our savings over to Wall Street and risking it on the stock market.",FALSE
8609,The InterLink at T.F. Green Airport is the closest air-rail link in the country.,FALSE
8610,Says Texas proved in court that more than 200 dead people voted in the latest Texas election.,FALSE
8611,Says Sal Esquivel wants a 5 percent state sales tax on groceries.,FALSE
8613,"In the United States alone we lose more than 3,000 people a day to cancer.",FALSE
8617,"Unemployment numbers are artificial numbers. These are numbers that are massaged to make the existing economy look good, to make this administration look good when, in fact, its a total disaster.",FALSE
8619,Says over 25 percent of the Texas budget funds services to non-U.S. citizens.,FALSE
8622,"According to the state of Florida, you are almost twice as likely to be attacked by an alligator than by someone who happens to carry a conceal-and-carry permit.",FALSE
8623,"The five states that outlaw collective bargaining for teachers all rank below 44th in the nation in test scores, while Wisconsin ranks 2nd.",FALSE
8627,Says state Sen. Alberta Darling is allowing mercury to harm our children because she voted against an electronics recycling bill.,FALSE
8629,The Colorado caucus system for selecting Republican delegates is rigged.,FALSE
8633,Every 28 hours an unarmed black person is shot by a cop.,FALSE
8634,Here's a man who brags about how he made the city safe. It was the Biden crime bill that became the Clinton crime bill that allowed him to do that.,FALSE
8635,Says the Constitution only requires her to tell the census how many people are in our home.,FALSE
8636,You might be surprised to know that 137 billion gallons flows (into Lake Erie) every day. You might be surprised to know that only 86.3 billion gallons flow out. ... Leaving us a net surplus of approximately 50 billion gallons a day.,FALSE
8637,"From 2010-2014, median household income in Wisconsin has actually gone up 7.4 percent.",FALSE
8639,This incident of supposed feces depicting a swastika on the wall of a bathrooms in one of the halls ... has been supported by zero fact.,FALSE
8640,"San Antonio has seen 67% growth in water customers in the last 25 years, 0% more water used.",FALSE
8642,Says Obamaexempted Congress and their staff from the full effect of the (health care) law.,FALSE
8645,Abortion services are well over 90 percent of what Planned Parenthood does.,FALSE
8646,North Carolina spent almost as much as it spends on government rape crisis programs in a year to convene a special session for HB2.,FALSE
8647,"[U]nlike every other major transit system in the nation, MARTA has never received any significant, dedicated funding from the state of Georgia.",FALSE
8653,Two elections in a row (Waukesha County Clerk Kathy Nickolaus) has screwed up counting the vote,FALSE
8655,For the last decade the climate has been cooling.,FALSE
8657,"Says Obama opposes innovation, the electric car and ""clean, safe, nuclear energy.""",FALSE
8658,"Says $57,000 is the mean [income] in our state for a family.",FALSE
8659,"Says the one person (Donald Trump)has suggested that would make a good justice is his sister, who is a court of appeals judge appointed by Bill Clinton. She is a hardcore pro-abortion liberal judge.",FALSE
8661,The Muslim Brotherhood has openly stated they want to declare war on Israel.,FALSE
8663,"Elena Kagan ""violated the law of the United States at various points"" with her opposition to military recruiters.",FALSE
8665,Already we've identified $2 trillion in deficit reductions over the next decade.,FALSE
8666,Says the Medicaid fraud rate in Virginia was fact-checked and found to be 0.47 percent.,FALSE
8667,The presence of gorillas calls into question the concept of evolution.,FALSE
8672,Today President Obama said there will NOT be a National Day of Prayer in May.,FALSE
8673,We were promised. The president said we would keep unemployment under 8.5 percent (if the stimulus passed).,FALSE
8675,Elizabeth Townsend runs the elections office that omitted a school board race on a ballot and gave a School Board candidate faulty advice.,FALSE
8678,"The Foundation for Government Accountability, which supported a Florida law requiring drug testing of welfare recipients, is a Koch brothers affiliated group.",FALSE
8684,Says Barack Obama is a socialist.,FALSE
8686,Assertions that it makes no difference whether children are raised by heterosexual or homosexual parents have been shattered by the latest and best social science and research.,FALSE
8693,Wendy Davis is threatening to raise taxes up to $35 billion.,FALSE
8695,Roy Blunt voted to raise his own pay 12 times while in Congress.,FALSE
8696,"Mitt Romney wants ""to set a date for withdrawal"" from Iraq.",FALSE
8699,"In fighting collective bargaining changes, Democrats are trying to protect a system that pays unionized government workers 42 percent more than non-union workers.",FALSE
8700,Under Gov. Romneys definition ... Donald Trump is a small business.,FALSE
8702,"In Liberia, a girl is more likely to be married by 18 than to know how to read.",FALSE
8705,SaidPresident Barack Obama said he was going to stop (signature strikes).,FALSE
8711,One of the biggest polluters in our country is the Milwaukee Metropolitan Sewerage District.,FALSE
8712,"Says the United States has treaties with apparently 69 countries where we are obligated to defend their borders. And these were treaties that were executive treaties, not authorized by Congress.",FALSE
8717,"We have a fire marshal that said, Oh we cant allow more people ... And the reason they wont let them in is because they dont know what the hell theyre doing.",FALSE
8718,We have been teaching these (Common Core) standards in Florida schools since 2010.,FALSE
8720,Says crime statistics show blacks kill 81 percent of white homicide victims.,FALSE
8721,"If youre from Guatemala and you are found illegally in Mexico, you are automatically jailed.",FALSE
8722,On oil drilling off Virginias coast.,FALSE
8724,"When Congress voted to condemn Iran for sentencing a Christian pastor to death, (U.S. Rep. Lois) Capps was the only member who voted no.",FALSE
8727,Six institutions in our country now control two thirds of the capital.,FALSE
8729,State pension fund staffers lost billions. Then Sink gave them bonuses.,FALSE
8730,The Austin school district calendar lists 64 different dates for either a state-mandated test or make-up test.,FALSE
8734,Says President Barack Obama wants to raise the lowest (income) tax rate from 10 to 15 percent.,FALSE
8736,Says Schaufler was the only Democrat who voted to stop the states health care reform plan.,FALSE
8737,Typical minimum wage earners in America are teenagers living with their parents in middle class families.,FALSE
8741,"Earlier this year, the head of the Congressional Budget Office testified before Congress that implementation of Obamacare would cost 800,000 jobs.",FALSE
8750,Says President Barack Obamas parents were communists.,FALSE
8752,None of $400 million the City of Austin proposes to spend on road projects will be used to add new lanes to congested roadways.,FALSE
8753,(Rep. Bob Goodlattes) balanced budgetamendment does not require a balanced budget.,FALSE
8757,"John McCain accused Barack Obama ""of letting infants die.""",FALSE
8758,Sherrod Brown voted six times to raise his own pay.,FALSE
8759,The size of our federal government has more than doubled since the year 2000.,FALSE
8760,"The latest unemployment numbers have shown that nearly 315,000 Americans have simply given up hope when it comes to finding a job.",FALSE
8762,"Says Obama wants to redesign the American flag ""to better offer our enemies hope and love.""",FALSE
8763,Gun homicide is down 49 percent in the past 12 years.,FALSE
8766,Theres no money in Social Security.,FALSE
8767,"Says it cost Massachusetts taxpayers $100,000 when Mitt Romney and his staff purchased computer hard drives.",FALSE
8768,On support for gay marriage,FALSE
8770,Says Julie Parrish voted to divert $160 million from public schools to private for-profit schools.,FALSE
8772,The study that states that more than 70 percent of the traffic on the Sellwood Bridge is to/from Clackamas County has been thoroughly debunked by The Oregonian.,FALSE
8775,"If all of the [Bush-era] tax cuts expire on schedule, the budget will be close to being balanced in four years.",FALSE
8778,There is majority support for the Democrats' health care plans.,FALSE
8779,We know from the social science that children do best with a mom and a dad.,FALSE
8784,"Under Scott Walker, Wisconsin moved from 16th to third in percentage of people with student loan debt.",FALSE
8789,I sponsored the new Buy American law,FALSE
8790,Says Bernie Sanders has been largely a very reliable supporter of the NRA.,FALSE
8791,Funding the federal health care law without a tax hike will require the state to cut nearly a quarter of its annual budget.,FALSE
8792,"Hillary Clinton says she wants to, raise taxes on the middle class.",FALSE
8793,"When one person sneezes, it goes all the way through the aircraft.",FALSE
8795,"Republicans actually doctored emails between administration officials about Benghazi. Then, they released them to the press, trying to pass them off as real.",FALSE
8796,Says new GOP Wisconsin Assembly members voted to take funding away from their public schools in their districts to give it to private Milwaukee voucher schools.,FALSE
8798,"If [Atlanta Mayor Kasim Reed] wants to be like Bull Connor, then so be it.",FALSE
8801,Says Gov. Scott Walker has made Wisconsin 2nd in the nation in losing jobs.,FALSE
8804,This is the worst jobs recovery since the Great Depression.,FALSE
8805,"If the Sellwood Bridge is not replaced, it will have to be shut down within eight years.",FALSE
8807,On whether the governor of Massachusetts should be able to appoint an interim U.S. senator,FALSE
8808,"In 1950, corporations paid $3 in taxes for every $1 by a worker. Today, they pay 22 cents for every $1 by a worker.",FALSE
8809,"In the last four years, our economy has grown on average 0.9 percent a year.",FALSE
8811,Harry Reid has voted to give illegals Social Security benefits even for the time they were here illegally.,FALSE
8812,"Says that President Obama said, Nobody made these guys go to war. ... Now they whine about bearing the costs of their choice?",FALSE
8815,Theres nothing in the voting instructions that weve been getting in the last several elections that lets you know about the limitations of the master lever.,FALSE
8816,On raising taxes.,FALSE
8817,"An Obamacare slush fund paid to spay and neuter dogs and cats, then counted it as an anti-obesity campaign.",FALSE
8819,"There is currently no ability to vet these people, referring to Syrian refugees.",FALSE
8820,A bill to save teacher jobs is completely paid for by closing corporate tax loopholes.,FALSE
8821,"Says during George W. Bushs administration we were losing millions of jobs per month, while under Barack Obama we have three years of gaining hundreds of thousands of jobs per month.",FALSE
8822,A U.S. Government Accountability Office report says Planned Parenthood Federation of America cannot find some $1.3 billion given to it by the federal government from 2002 through 2008.,FALSE
8823,"Under the administration of Gov. Scott Walker, northern Wisconsins mining economy is moving forward and more people are getting good, high-paying jobs.",FALSE
8824,Obamacare prevents (Florida) from regulating insurance.,FALSE
8826,Super Bowl Sunday has the highest rate of domestic violence.,FALSE
8830,On mandating health care coverage.,FALSE
8832,Says Ron Johnson voted five times for tax breaks that help companies ship Wisconsin jobs overseas.,FALSE
8833,Says he led the effort to build a new (University of Wisconsin-Milwaukee) engineering campus in Wauwatosa.,FALSE
8839,"Sherrod Brown opposed blocking a new EPA emissions rule, despite acknowledging that the EPAs cap-and-trade regulations are burdensome and could harm economic growth in Ohio.",FALSE
8840,"(President Barack Obama gave) half a billion in taxpayer money to help his friends at Solyndra, a business the White House knew was on the path to bankruptcy.",FALSE
8841,"If we went back to the obesity rates that existed in 1980, that would save the Medicare system a trillion dollars.",FALSE
8842,"Im the only candidate in the Democratic primary, or actually on either side, who Wall Street financiers and hedge fund managers are actually running ads against.",FALSE
8844,"The average student will be spending $1,700 to $1,800 more during the life of their loan because of this surcharge.",FALSE
8845,"In Afghanistan, it is very, very rare that someone who is killed in action is not killed by an improvised explosive device, or IED.",FALSE
8846,Says a federal plan to expand Medicaid would cost Florida taxpayers $26 billion over 10 years.,FALSE
8848,"The Obama administration is proposing to mine another 10 billion tons of Wyoming coal, which would unleash three times more carbon pollution than Obamas Clean Power Plan would even save through 2030.",FALSE
8849,Says Wendys founder Dave Thomas left the state literally on his deathbed to avoid the estate tax.,FALSE
8857,Says Kurt Schrader cast the deciding vote that failed to extend tax cuts for Oregons middle-class families and small businesses.,FALSE
8859,"Under a new federal regulation, it will cost Pinellas County $31 million to fix a single ditch.",FALSE
8860,Says Gov. Scott Walker is openly backing a move to abolish the state retirement system and convert it to a 401(k)-style plan that will reduce pensions by at least a third for current and retired public employees,FALSE
8863,"The latest evidence of Republican success is that since the beginning of the current legislative term, state unemployment has gone down almost 20% to 5% adjusted.",FALSE
8864,Republican Mark Kirk is outsourcing his campaign to a Super PAC funded almost exclusively by a bunch of hedge fund billionaires. ...I dont have a Super PAC.,FALSE
8865,Wisconsin education agency urged white students to wear white wristbands as a reminder about your (white) privilege.,FALSE
8866,Under the Nuclear Nonproliferation Treaty enrichment has been limited to basically the weapons states.,FALSE
8867,Surface temperatures on Earth have stabilized.,FALSE
8868,Sen. Jeff Merkley voted six times for more debt.,FALSE
8870,"Congress has cut funding, has slashed funding, for veterans benefits over these last years.",FALSE
8873,Siemens has been unable to fill approximately 200 skilled trade positions in metro Atlanta.,FALSE
8874,Fifty-three percent of graduates from liberal arts colleges these days cant find jobs.,FALSE
8876,Says he has never received any contributions from the Koch brothers.,FALSE
8877,"John McCain's health care plan ""leaves you on your own to pay McCains health insurance tax.""",FALSE
8879,Says President AbrahamLincoln tried to arm the slaves.,FALSE
8881,"Part of his ride was to warn the British that were already there that, Hey, youre not going to succeed.",FALSE
8883,"Governing magazine has estimated that in the states that dont expand Medicaid, a minimum, they said of 40 percent of rural hospitals will close in those states...",FALSE
8884,"In a sweetheart deal members of Congress, thanks to the Obama administration, are going to be the only people in America to get subsidies in the Obamacare exchanges.",FALSE
8885,"Sen. Robert Bennett, R-Utah, cast votes for TARP, the stimulus, and an individual mandate for health care.",FALSE
8891,"During eight years under Ronald Reagan, African-American median income rose by about $5,000.",FALSE
8895,Says Jeb Bush has released 10 percent of his emails.,FALSE
8898,"Karen Handel would have felt like it was OK to go in and abort Sarah Palins son Trig, who has Down syndrome.",FALSE
8899,The U.S. Census believes that by 2030 the majority of Americans will use Spanish as their first language.,FALSE
8901,Politicians and their corporate lobbyists are trying to take away my right to spend my paycheck how I want.,FALSE
8903,I remember landing under sniper fire.,FALSE
8904,Says Mahmoud Ahmadinejad said that if he has a nuclear weapon he will use it to wipe Israel off the face of the earth. He will use it against the United States of America.,FALSE
8905,Bill McCollum on the Arizona immigration law.,FALSE
8906,There are no similar clips of Newt Gingrich talking about how ineffective President Bush was in trying to control North Korea.,FALSE
8907,Says Rick Perry is the guy that tracked down Democratic legislators who fled Texas in 2003.,FALSE
8908,Rhode Islands graduated driving license has saved hundreds of lives.,FALSE
8909,"Eighty-five percent of Floridians who will benefit from expanding Medicaid are single, childless adults.",FALSE
8910,The Wisconsin unemployment rate was higher than the U.S. rate during only three months when Mary Burke was state commerce secretary.,FALSE
8912,Switzerland (where the government) issues every household a gun . . . has the lowest gun related crime rate of any civilized country in the world!!!,FALSE
8915,We dont have a (military) reserve force if something happens.,FALSE
8917,"Saystheres 400,000 anchor babies born in the United States a year, which areindividuals coming to our country and having their children so their children can be U.S. citizens.",FALSE
8918,Wisconsin Gov. Scott Walkers budget okays disposing of unclaimed pound dogs to university research facilities.,FALSE
8919,"Before the HOPE scholarship, 70 percent of the high school students who made 1400 or above on their SAT left the state of Georgia. Now, 70 percent of those stay in the state of Georgia.",FALSE
8921,Says Hillary Clinton has spoken such lies about my foreign policy. They said I want Japan to get nuclear weapons. Give me a break.,FALSE
8922,The error rates for the Fulton County elections department are well below the average.,FALSE
8929,"Rob Portmans plan to tax, slash and privatize Social Security would devastate Ohioans.",FALSE
8931,The state constitution clearly says theres not to be a state income tax in Tennessee.,FALSE
8932,The Bush administration prosecuted 190 suspected terrorists in federal courts.,FALSE
8934,This is the slowest job recovery since Hoover.,FALSE
8936,"In the past, President Obama has refused to meet with representatives from Cuban exile organizations.",FALSE
8940,Wisconsin now ranks among the top 10 states for out-migration.,FALSE
8942,Wisconsin women are paid 81 cents to the dollar of a man doing the same job.,FALSE
8945,Steve Santarsiero wrote PAs Gun Safety Law.,FALSE
8946,Says Common Core is a federal mandate.,FALSE
8947,Milwaukees police chief can fire officers for basically no cause.,FALSE
8955,"The Congressional Budget Office -- supposedly non-partisan -- estimates that in just a few years the average cost to every family of four (from cap and trade) will be $6,800 per year.",FALSE
8957,The Pentagon made up the since-debunked heroics of POW Jessica Lynch as she tried to avoid capture in Iraq.,FALSE
8963,Senator Jeff Plale saved my job -- and some 300 others at Bucyrus International.,FALSE
8965,Says he is the reason we do not pay a toll every time we pass over the bridge at MoPac and William Cannon.,FALSE
8968,SaysPatrick Murphys Pay More energy agenda means you could pay another $500 a year for your utility bills!,FALSE
8969,Paul Ryan is one of less than a dozen Republican congressmen to have voted for every bailout to come before Congress.,FALSE
8970,Says 50 million people would lose their health insurance if Obamacare is repealed.,FALSE
8973,Federal money for Medicaid expansion is guaranteed for a few years and then goes away.,FALSE
8975,Obesity kills 34 children per hour.,FALSE
8976,Sherrod Brown sent billions of our tax dollars to foreign countries.,FALSE
8977,Says PolitiFact listed Governor Scott Walker of Wisconsin as the Governor who told the most lies and our own untruthful Governor Chris Christie made it into Politifacts top five of Lie - en Governors.,FALSE
8978,On whether President Obamas speeches to school children spread socialist ideology.,FALSE
8979,The number of jobs created and people lifted out of poverty during Bill Clintons presidency was a hundred times what it was under President Ronald Reagan.,FALSE
8980,"Already, the mayor of Green Bay is having ribbon-cutting after ribbon-cutting for economic development around the new VA center.",FALSE
8983,Dubious taxpayer-funded stimulus spending -- Part II.,FALSE
8984,"Phil Puckett voted no on sending the EPA a message that theyve gone too far not once, but twice.",FALSE
8986,"Obama voted to raise taxes on people making just $42,000.",FALSE
8988,The financial regulatory bill will kill jobs.,FALSE
8992,"The 2016 federal omnibus spending bill funds illegal immigrants coming in and through your border, right through Phoenix.",FALSE
8994,"Says as of November, we were ranked 45th in the nation in terms of job creation, according to the U.S. Bureau of Labor Statistics.",FALSE
8995,John Kitzhaber is the only pro-choice candidate in the race for governor.,FALSE
9002,"Georgia public sector employees do not have a say in the conditions of their employment, do not have bargaining rights or a say in their working conditions.",FALSE
9004,Ken Cuccinelli tried to shut down state government.,FALSE
9009,Rhode Island is one of only six states to use E-Verify.,FALSE
9010,"We know from ... the federal data, that they only stop or apprehend one out of four illegal people crossing our border.",FALSE
9011,John McCain has given erratic and inconsistent answers on when troops should return from Iraq.,FALSE
9012,Says he signed legislation leading to 12 Texas abortion clinics being closed.,FALSE
9013,It is Hillary Clintons agenda to release the violent criminals from jail. She wants them all released.,FALSE
9015,"Says economists Harvey Rosen and Martin Feldstein have said that paying for (Mitt) Romneys tax cuts would require large tax increases on families making between $100,000 and $200,000.",FALSE
9023,"The proposed mine in northern Wisconsin would be built without any government oversight, and will be nine miles long.",FALSE
9032,It is truethat we know that ISIS is present in Ciudad Juarez (Mexico),FALSE
9034,A real result of his term is Georgia having the lowest taxes per capita of any state.,FALSE
9039,The White House had a live video feed of the Benghazi attacks as they occurred.,FALSE
9040,Says a Pro-Stimulus economist admits it is not working,FALSE
9044,Says President Barack Obama has been presiding over our jobs going overseas for seven years.,FALSE
9046,"The book Little Red Riding Hood is something thats been banned in America, but not assault weapons.",FALSE
9048,The nations food supply is 99.99 percent safe.,FALSE
9052,"Despite what you may have heard about Wisconsins finances, Wisconsin is on track to have a budget surplus this year.",FALSE
9056,Congressman Robert Hurt has a plan to cut education by 40 percent.,FALSE
9061,Says President Barack Obama has not raised taxes.,FALSE
9063,"Every month, we get the reports from the Bureau of Labor Statistics that say even more people have given up looking for work.",FALSE
9066,"Amid the crisis at our southern border, there are reports of illegal migrants carrying deadly diseases such as Ebola virus.",FALSE
9069,"While (Chris Christie) talks about job creation, we dont see jobs being created in this state.",FALSE
9074,Bike lanes and sidewalks have been proven to reduce crashes by up to 38 percent on Austins streets.,FALSE
9075,"Every illegal immigrant can be eligible for up to $36,000 to $38,000 in earned income tax credits without paying a dime in.",FALSE
9076,You look at defense were spending more than the rest of the world combined.,FALSE
9077,The Navy is bringing charges against a Navy officer who shot at the Chattanooga shooter for illegally discharging a firearm on federal property.,FALSE
9080,Says Daniel Webster used taxpayer funds to build a lobbyist lounge.,FALSE
9081,"Says 97 cents of every dollar played represents over $500 million dollars that is returned to Oregonians every year to help support job creation, schools, state parks and watersheds.",FALSE
9083,Says Wisconsin Supreme Court Justice David Prosser has prejudged matters that are likely to come before the court.,FALSE
9085,Bill White has presided over the construction of what may be the worlds largest abortion clinic.,FALSE
9086,PolitiFact Oregon gave Rob Cornilles a Pants on Fire for a claim about taxes and fees.,FALSE
9089,"Ann Kuster turned a blind eye to those in need of funding by voting against funding for our nations veterans, low-income women and children, the FDA and the National Institutes of Health.",FALSE
9090,One person has been fired at the Veterans Administration for withholding services.,FALSE
9092,Obama has proposed a 1.4% pay increase for active duty military in 2011. This is THE LOWEST SINCE 1973 ... A LOWER PAY INCREASE THAN WELFARE RECIPIENTS!!!,FALSE
9093,Trump refuses to denounce the KKK.,FALSE
9094,Says Barack Obama broke a decades-old policy of not negotiating with terrorists.,FALSE
9097,Lincoln was fervently making plans to send all freed slaves to the jungles of Central America once the (Civil War) was over. The only thing that kept this from happening was his assassination.,FALSE
9098,"Semi-automatic weapons, whether pistol or rifle, were designed for use by the military on the battlefield.",FALSE
9099,Herman Cain is a pro-choice candidate.,FALSE
9100,Subsidies for oil and gas companies make up 88 percent of all federal subsidies. Just cutting the oil and gas subsidies out would save the U.S. government $45 billion every year.,FALSE
9108,The Obama administration will give Pennsylvania $160 million to pay for health insurance plans that cover any legal abortion.,FALSE
9109,Abortion is the second-most conducted surgical procedure in this country.,FALSE
9111,The steel industry is producing as much steel in the United States as it ever was. Its just (that) it needs one-tenth of the workers that it used to.,FALSE
9116,"In 40 years, 23,000 chemicals came on the market and only four were regulated.",FALSE
9118,"Over half of the people who would be taxed under (a millionaire surtax) are, in fact, small businesspeople.",FALSE
9125,No one thought we could get a bipartisan bill (Medicaid) passed. We did in the Florida Senate.,FALSE
9126,Were inches away from no longer having a free economy.,FALSE
9128,"Romneycare covers abortion, illegal immigrants and has a public option. Obamacare does not.",FALSE
9129,"Not a single Republican candidate, announced or potential, is clearly and consistently supporting a path to citizenship. Not one.",FALSE
9131,Atlanta Public Schools 2011 CRCT tests were given under the strictest security possible.,FALSE
9132,Says Barack Obama promised gasoline at $2.50 a gallon.,FALSE
9134,"When I was Mayor of South Pasadena, we actually reduced the property taxes we collected.",FALSE
9138,"The Obama administration ""spent more money on the Cash for Clunkers program than the space program.""",FALSE
9139,"Wikileaks also shows how John Podesta rigged the polls by oversampling Democrats, a voter suppression technique.",FALSE
9141,"Says Hillary Clinton told her daughter and a government official that Benghazi was a terrorist attack, and then tells everybody else that it was a video.",FALSE
9142,Google search spike suggests many people dont know why they voted for Brexit.,FALSE
9144,Scott Walkers income tax plan is a tax hike. It increases taxes for nearly 80% of the people in the state.,FALSE
9145,Gov. Kitzhaber oversaw creation of the Oregon driver card law behind closed doors without allowing any input from citizens who represent the public interest.,FALSE
9146,"So that 2005 energy bill was a big step backwards on the path to clean, renewable energy. That's why I voted against it.",FALSE
9152,Those who fail to buy health insurance under Obamacare face the threat of jail time.,FALSE
9154,People who wash cars at home will use approximately 80 percent more water than they do in a car wash.,FALSE
9156,On choosing a Texas House speaker,FALSE
9161,Says Patrick Murphy was named one of Americas least effective congressmen.,FALSE
9162,Obamacare adds trillions to our deficits and to our national debt.,FALSE
9163,"Frankly, (Hillary Clinton) doesnt do very well with women.",FALSE
9164,Says Democratic U.S. Senate candidate Russ Feingold voted over 250 times to raise taxes.,FALSE
9165,The gun industry isthe only business in America that is wholly protected from any kind of liability.,FALSE
9168,The only people in this town that have voted to cut Medicare spending are the people who voted in favor of Obamacare. Thats a fact.,FALSE
9171,"In the early 1960s, all levels of government were consuming about 27 percent of the U.S. economy, a number that has risen to 37 percent today. With that trendline, we cease at some point to be a free economy.",FALSE
9174,"Health insurance companies are making record profits, right now.",FALSE
9176,"Says Bill Clinton gave a speech in 1996 about Iraq having WMDs and said we needed a regime change, even though everyone blamed those things on George W. Bush.",FALSE
9178,"President Obama was saying success is the result of government, not hard-working people, when he said, If youve got a business, you didnt build that. Somebody else made that happen.",FALSE
9180,"Fox admits they lie and, under the First Amendment, have the right to lie or deliberately distort news reports on public airwaves.",FALSE
9181,Idaho was the only Republican-led state in the nation that chose to partner with President Obama by creating a state-based marketplace under the Affordable Care Act.,FALSE
9185,Nobodys invited us to the Obama events in Atlanta.,FALSE
9186,A (state) trooper with 10 years on the force is getting $500 a year more than a trooper with 10 minutes on the force.,FALSE
9190,Says Bill Nelson cast the deciding vote for Obamacare cutting Medicare spending by $700 billion and letting an unelected board decide what gets covered here.,FALSE
9192,Barack Hussein Obama will .. force Christian organizations to pay for abortions.,FALSE
9194,"When we held recent economic dialogues with China, we agreed on over 100 different things including wildlife trafficking and volcano research. None of these 100-plus points of agreement addressed cybersecurity.",FALSE
9196,Barack Hussein Obama will ... force Christian schools to hire non-Christian teachers.,FALSE
9197,"Obama ""promises more taxes on small business, seniors, your life savings, your family.""",FALSE
9198,On an early date for Floridas presidential primary,FALSE
9199,"Alex Sink was ""the first official who said that BP should pay $25 million for an ad campaign to promote Florida tourism.""",FALSE
9200,Says drug dealers have overdosed on purpose to avoid prosecution.,FALSE
9202,"A few months into office, (President Barack Obama) traveled around the globe to apologize for America.",FALSE
9203,The average cost for health insurance in Florida went from about $600 a month for an individual to about $150 a month.,FALSE
9208,The five Guantanamo detainees swapped for Bowe Bergdahl are right now back on the battlefield.,FALSE
9211,"These are radical Islamic terrorists, and (Hillary Clinton) wont even mention the word.",FALSE
9212,Gov. Romney's own health care plan in Massachusetts ... requires by law that a representative from Planned Parenthood sit on the MassHealth advisory board.,FALSE
9214,There are no earmarks in the stimulus bill.,FALSE
9215,"Under those eight years before (Barack)Obama came along, we didnt have any successful radical Islamic terrorist attack in the United States since Sept. 11, 2001.",FALSE
9220,The Every Student Succeeds Act did away basically with Common Core.,FALSE
9222,Congress and President Obama have accumulated more debt since he took office than the total amount of debt accumulated during the first 200 years of the United States existence.,FALSE
9225,President Barack Obamas Fiscal Year 2013 budget proposal couldnt get support from either party in the House or the Senate.,FALSE
9226,Every engine manufacturer in the United States is now in the state of Texas.,FALSE
9227,Wisconsin was embroiled in a constitutional crisis brought on by the Democratic senators fleeing the state for Illinois to block Gov. Scott Walkers budget-repair bill.,FALSE
9228,"In 2011, (the Islamic State) attempted to attack Fort Knox.",FALSE
9232,The average student comes out of college hundreds of thousands of dollars in debt.,FALSE
9234,"Says Austin Mayor Steve Adlers transportation plans linked to Proposition 1 on the ballot remove 27+ miles of traffic lanes around the city, replacing them with lanes dedicated to usage by bicycles and buses.",FALSE
9235,20 million people could lose their current coverage including our senior citizens who are on Medicare.,FALSE
9236,"Fully inflating tires is ""a step that every expert says would absolutely reduce our oil consumption by 3 to 4 percent.""",FALSE
9237,"If Buehler were elected, our vote-by-mail system would be at risk.",FALSE
9238,Lindsey Graham endorsed Charlie Crist for U.S. Senate.,FALSE
9241,"Over the next two years, this $1.8 billion deficit will cost individual Wisconsinites $300 each, or $1,200 for families of four.",FALSE
9242,Says new figures he released showing Wisconsin job gains for 2011 are the final job numbers.,FALSE
9245,New food safety legislation will regulate backyard gardening.,FALSE
9249,The insurance risk corridors arent going broke like Republicans predicted.,FALSE
9251,Says Michael Cargill was arrested and incarcerated in Bell County.,FALSE
9252,"Although Democrats represent only 10 of Florida's 25 districts, their districts received 60 percent of the stimulus funds.",FALSE
9253,Every one of more than 30 federal judges who have considered the issue of gay and lesbian rights since last June ruled that marriage is a constitutional right and you cannot deprive individual citizens of that right based on their sexual orientation.,FALSE
9256,Every Republican Senate candidate has now announced whether or not they support the Senate taking up the Supreme Court vacancyexcept for Congressman Heck.,FALSE
9257,Says Democratic opponent is too Republican to stand up for us.,FALSE
9258,"Says that when he was governor of Utah, he worked with the state Legislature to create a flat tax that cut income taxes by 30 percent.",FALSE
9260,"On most things except witch trials, Virginia will always have been first.",FALSE
9262,Lady Gaga announced she would cover her face until Trump gets fired from office.,FALSE
9265,Americas tax code hasnt been updated in 30 years.,FALSE
9268,"In July 2010 the government said small businesses -- 60 percent -- will lose their health care, 45 percent of big business and a large percentage of individual health.",FALSE
9271,A majority of our students are trapped in underperforming schools.,FALSE
9272,Road construction bids are coming in at the lowest in the modern era.,FALSE
9273,"Says Scott Walker said Labor unions dont deserve to have a national holiday due to their damage to the economy. And the holiday should be replaced by Patriots Day, celebrated every year on 9/11.",FALSE
9274,Alex Sink wants to cut Medicare.,FALSE
9278,Says Tammy Baldwin had the opportunity to vote to honor the victims of 9/11 and she voted against it.,FALSE
9279,"In her campaign for president, Hillary Clinton has received $100 million in contributions from Wall Street and hedge funds.",FALSE
9280,Says Obama flip-flopped on withdrawing troops from Iraq.,FALSE
9282,"Jeff Greene ""is the king of the undercover Credit Default Swap that brought about the destruction of our economy that we have right now.""",FALSE
9284,Foreign Trade Zones allow U.S. land to be inhabited by Chinese communists -- communists straight from China! They are to set up little towns and live here.,FALSE
9285,Non-defense discretionary spending has increased by over 80 percent in the last two years.,FALSE
9286,Claims credit for food tax reductions that previous Democrat regimes refused to make.,FALSE
9290,[Georgia] Republicans have mismanaged unemployment benefits.,FALSE
9292,We would be just like North Carolina with HB2-like (transgender bathroom) legislation. It actually passed our chamber and I vetoed it.,FALSE
9294,Says because of Hurricane Sandy in Atlantic City much of that boardwalk no longer exists -- just the pillars where the boardwalk used to be.,FALSE
9295,"Says the fertilizer plant that exploded in West, Texas,had not been inspected by the state of Texas since 2006.",FALSE
9299,Hillary Clinton invented ISIS with her stupid policies. She is responsible for ISIS.,FALSE
9300,Fifty-three percent of teens in Central Falls are getting pregnant.,FALSE
9301,Says Mitt Romney called the Arizona law a model for the nation.,FALSE
9303,There was some sort of informal commitment to build a (psychiatric) building in downtown Cleveland.,FALSE
9306,Chris Jacobs has been financed by the same men who are now facing charges in one of Western New Yorks largest public corruption schemes,FALSE
9307,Ninety-eight percent of the American people will not see their taxes go up due to the House health care bill.,FALSE
9310,On applying prosecutorial discretion to immigration cases.,FALSE
9311,"Says Hillary Clinton has pledged amnesty in her first 100 days, and her plan will provide Obamacare, Social Security, and Medicare for illegal immigrants, breaking the federal budget.",FALSE
9316,John Cornyn voted twice in 2013 to back Obamas amnesty plan.,FALSE
9317,"Under Barack Obama, the fewest number of adults are working since Jimmy Carters presidency.",FALSE
9320,"Says he helped bring Uline company to Kenosha area, creating 800 local jobs.",FALSE
9325,Two-thirds of Granite Staters oppose the Tea Party and its agenda on labor unions.,FALSE
9326,"Since President Obama took office in January 2009, the federal government has issued more than 468,500 pages of regulations.",FALSE
9330,"A government analysis shows under a proposed transportation tax, metro Atlanta will create or support an additional 200,000 new jobs, including jobs that are maintained year over year.",FALSE
9333,Miami-Dade has the nations highest-rated tap water.,FALSE
9334,Says Barack Obama is the only president to ever cut $500 billion from Medicare.,FALSE
9336,"Medical-grade marijuana alonewill not get that patient high, no matter what level of THC, CBD or any other compound is found in the plant.",FALSE
9338,"In the Senate version of the health reform bill, ""Every enrollee in the Office of Personnel Management enrolled plan, every enrollee has to pay a minimum of $1 per month towards reproductive rights, which includes abortion.""",FALSE
9342,I can't sign money. That's illegal.,FALSE
9343,Justice Antonin Scalia agreed for the Supreme Court to hear a case about whetherBarack Obama is eligible to be President.,FALSE
9349,"Barack Obama's middle name is Mohammed and he's a ""covert"" Muslim.",FALSE
9351,"Under the new health care law, the elderly will be denied care when they have ""passed the age limit for treatment.""",FALSE
9353,Mike Morell testified and told Congress that the reason Obama has not bombed ISISoil fields is theyre concerned about global warming.,FALSE
9355,Says aWHO proposal portrays milk and dairy products as an obstacle to a healthy start in life.,FALSE
9356,Says Jon Runyan voted to end programs to aid homeless veterans.,FALSE
9358,"Barack Obama ""openly supported (opposition leader) Raila Odinga during his visit to Africa in 2006.""",FALSE
9362,Im the only candidate for governor whos rolled out any policies so far.,FALSE
9363,On a government spending freeze.,FALSE
9367,Barack Obama issued a decree demanding that every public school now allow grown men and boys into the little girls bathroom.,FALSE
9370,Ronald Reagans philosophy of peace through strength is why the Iranians released the hostages on the same day and at the same hour that Reagan was sworn in.,FALSE
9371,Says gun ownership information could be recorded and collected by the federal government and insurance companies as part of the federal health care law.,FALSE
9376,Taxpayers even footed the bill for Perrys trip to a bachelor party in Las Vegas.,FALSE
9377,Says Iraq has been overrun by ISIS because Hillary Clinton failed to renegotiate . . . a status of forces agreement.,FALSE
9380,"Under the Romney/Ryan budget, interest rates on federal student loans would be allowed to double.",FALSE
9381,Says we had to cut 13 billion dollars in state spending over two years.,FALSE
9383,Rhode Island didnt ratify the 13th Amendment to the Constitution to pay federal income taxes. So Rhode Island doesnt even have to pay federal income taxes.,FALSE
9385,President Barack Obamas policies have forced many parts of the country to experience rolling blackouts.,FALSE
9386,"Says Ive been proven right about Hillary Clintons radical call for open borders, meaning anyone in the world can enter the United States without any limit at all.",FALSE
9387,"When the Affordable Care Act was signed, 17 million American children had a pre-existing condition and were uninsurable.",FALSE
9389,"Preventive care saves money, for families, for businesses, for government, for everybody.",FALSE
9393,Says scientists are in dispute over whether being gay is a choice.,FALSE
9394,The proportion of Rhode Islanders entering substance abuse treatment primarily due to marijuana use has reached its highest point in 20 years.,FALSE
9395,Says the Koch brothers want to protect tax cuts for companies that ship our jobs overseas.,FALSE
9396,Says Missouri Democratic Senate candidateJason Kander is attending fancy dinners all over the country.,FALSE
9398,Anybody who is familiar with the historical data from the IRS knows that raising income tax rates will likely actually reduce federal revenues.,FALSE
9402,"Kasichs budget raised taxes by billions, hitting businesses hard and the middle class even harder.",FALSE
9404,"Joe, I keep hearing you every morning talking about the biggest tax increase in history, but you don't mention it's also the biggest tax cut in history.''	health-care,taxes	richard-durbin	Senator	Illinois	democrat	0	2	1	0	1	a comment on the Morning Joe'' show on MSNBC.",FALSE
9405,The administration was kicking and screaming all the way with these sanctions being put in place (on Iran).,FALSE
9407,"Palin had ""executive experience"" in the PTA.",FALSE
9409,"The newly created state Immigration Enforcement Review Board can actually prosecute, and get them [violators] into jail, if we bring in the attorney general.",FALSE
9415,Solar panels drain the suns energy.,FALSE
9417,Says some Austin school district classrooms lack electrical outlets.,FALSE
9419,The elimination of essentially every automobile would be offset by one volcano exploding.,FALSE
9420,We are winning the popular vote.,FALSE
9422,The presidents proposed budget will help reduce the deficit by $400 billion over the next decade to the lowest level since Dwight Eisenhower was president.,FALSE
9423,Says Mark Udall decided Obamacare. ... He passed Obamacare with his vote.,FALSE
9424,"The 90 percent statistic ofsupporting background checks, thats been debunked.",FALSE
9426,Youth unemployment is through the roof.,FALSE
9430,Says that Sherrod Brown is an Obama rubber stamp for supporting the job-killing cap and trade plan.,FALSE
9431,"Says Marco Rubio said we should be considering internment of Muslims, and maybe we should close down cafes and diners where Muslims gather and in fact compared them to the Nazi party.",FALSE
9432,Every major city which has a center of poverty is run by Democrats. Every major city.,FALSE
9433,The attorney general requires that rape victims pay for the rape kit.,FALSE
9434,Says President Barack Obamas finance team is recommending a 1% tax on all transactions at any financial institution.,FALSE
9436,"A recent Obama executive order could lead to a number of investigations by Interpol in the United States, potentially aimed at American officials.",FALSE
9437,"If you are driving on average in America this summer, you'll save according to Department of Energy figures about $70.",FALSE
9438,"Says We do about 300 investigations a year into housing discrimination and in recent years have put about $150,000 of damages into the pockets of individuals who have been treated unfairly.",FALSE
9439,Says Jim Renacci opposed increasing combat bonuses for our troops.,FALSE
9442,The President wants the U.S. to sign on to the U.N.s International Criminal Court.,FALSE
9443,Obamacare was invented by liberal academic theorists.,FALSE
9444,Florida sheriffs unequivocally support the stand your groundlaw.,FALSE
9445,"American families work hard to earn $4,250 a month. Obama is spending $18,972 a month on each illegal immigrant child.",FALSE
9450,Says Michele Bachmann said English was good enough for Jesus when he wrote the Bible.,FALSE
9451,Ken Cuccinelli would take money away from public schools to fund private schools.,FALSE
9452,A recent Department of Labor study guessed Wall Street fees cost a worker 28 percent of the value of your plan over the span of your career.,FALSE
9453,The United States is not modernizing its nuclear weapons.,FALSE
9454,I don't describe your plan as amnesty in my ad. I don't call it amnesty.,FALSE
9457,"What I have done -- and this is unprecedented ... is Ive said to each agency ... look at regulations that are already on the books and if they dont make sense, lets get rid of them.",FALSE
9458,"When the mayor of Providences brother wrote over 100 grand in bad checks to the city, Joe Fernandez didnt have the guts to prosecute him. He let him off the hook.",FALSE
9459,Says the Wisconsin Republican Party tweeted Happy International Womens Day! You ladies should get paid less and not be able to make health care decisions.,FALSE
9460,Soy ... el nico official estatal quin es un hombre de negocios.,FALSE
9461,Says Barack Obama sold Chrysler to Italians who are going to build Jeeps in China at the cost of American jobs.,FALSE
9462,Says Rick Perry said theres an administrator for every teacher in Texas public schools.,FALSE
9464,A Republican-sponsored Wisconsin mining bill will take at least seven years to create jobs.,FALSE
9465,"As Milwaukee County executive, Scott Walker eliminated the waiting list for long-term care for older adults through the Family Care program.",FALSE
9466,"The Congressional Budget Office most recently came out and analyzed the current (health care) plan and said that it was not only deficit-neutral, but also that over 10 years it would create a $6 billion surplus.",FALSE
9467,The health care reform bill is the largest tax increase in U.S. history.,FALSE
9470,"The Obama administration ... would impose on every Catholic institution, every Jewish institution, every Protestant institution the Obamacare standard of what you have to buy as insurance.",FALSE
9474,Says Gov. Rick Perry is spending Texans hard-earned money to live like Louie XIV.,FALSE
9475,Congressman Duffy has long record of voting against VA backlog fixes.,FALSE
9476,There were fewer civilian casualties in Cambodia than there have been from American drone attacks.,FALSE
9478,"By the word religion in the First Amendment, the founders meant Christianity.",FALSE
9480,Republican candidate for governor Nathan Deal explicitly voted to fund abortions ...,FALSE
9481,I won the majority of the Republican vote in both New Hampshire and South Carolina.,FALSE
9482,Says Ralph Hall is the oldest member in Congress ever.,FALSE
9484,"Says an investigative report concluded Ken Cuccinelli should have been prosecuted for disclosure violations, but Virginias law was too weak.",FALSE
9485,"The Recovery Act saved 60,000 jobs among law enforcement officials, firefighters in the state of Florida, plus another 20,000 educators.",FALSE
9488,Who would sign up to speak for a (Haitian) dictator? Rob Portman.,FALSE
9489,"Under Barack Obama and the big government economy, the median wage for women has dropped $733.",FALSE
9492,Obama has (a) new Christmas tree tax.,FALSE
9493,"Says under his leadership Wisconsin median household income is up 2.7%, while it is down 1.3% nationally under President Obama.",FALSE
9494,"Says that had E-Verify been in place in Florida when 9/11 terrorists lived here, we might have saved the lives of 3,000 Americans.",FALSE
9498,Our kids cant openly celebrate Christmas or pray in school.,FALSE
9507,Says Pete Gallego went and lobbied after you fired him from Congress.,FALSE
9508,"But if my opponent had his way, the millions of Floridians who rely on it would've had their Social Security tied up in the stock market this week.",FALSE
9509,Americans invented the automobile.,FALSE
9513,"During the (Benghazi) attack, a stand-down order was given, and our troops were told to change their clothes four times.",FALSE
9514,The new health care law will force seniors into Barack Obamas government-run health care program.,FALSE
9520,Welfare programs caused more long-term damage to Detroit than the atomic bomb caused to Hiroshima,FALSE
9522,Wisconsin state lawmakers worked seven days in 2012 but got paid for a whole year.,FALSE
9523,Says Patrick Murphy advocated for cuts to Social Security and Medicare.,FALSE
9524,"Within a few years, we will be spending more on interest payments than on national security.",FALSE
9526,The Florida Supreme Court has no express authority in the Florida Constitution to remove questions from the ballot proposed by the Legislature.,FALSE
9529,Says Ted Strickland admits his record on jobs and taxes is mixed and spotty.,FALSE
9531,On the success of Cash for Clunkers,FALSE
9533,We just fought a Republican budget that ends Medicare as we know it.,FALSE
9536,Social Security and Medicare are a Ponzi scheme.,FALSE
9537,"My opponent in November of 2008 sent a missive to the White House, to President Obama-elect, and said, Heres how you need to sell cap-and-trade to the American people.",FALSE
9538,Florida remains the top travel destination across the world.,FALSE
9539,The majority actually want single-payer health care.,FALSE
9540,America has already taken in one-fourth of Mexicos entire population.,FALSE
9541,Right now we have sufficient reserves to take care of Tennessees lottery scholarship students for a few years more.,FALSE
9542,Hillary Clinton believed NAFTA was a 'boon' to our economy.,FALSE
9543,"Thurbert Baker kept a teen in jail ""who didn't even commit a felony.""",FALSE
9544,A Texas law says that you cant shoot bears out of the second floor of a window.,FALSE
9545,"Three years after getting the $100 million (from Mark Zuckerberg), less than two-thirds of students in Cory Bookers Newark graduate.",FALSE
9547,"Under John McCain's health care plan, people get a $5,000 tax credit to buy a $12,000 health care policy, and ""that's a loss for you.""",FALSE
9548,"Who are the most consistently misinformed media viewers? Fox viewers, consistently, every poll.",FALSE
9549,The (border) fence is now basically complete.,FALSE
9552,Virginia House Speaker Bill Howell is allied to group pushing MIXED SEX BATHROOMS in Stafford Schools.,FALSE
9555,Rob Cornilles is a Tea Party candidate.,FALSE
9556,Lincoln Chafee voted with President George W. Bush and the conservative leadership 76% of the time.,FALSE
9558,"So far, the war in Gaza has left more than 1,800 Palestinians dead -- the population equivalent to 100 9/11s.",FALSE
9559,Says Scott Walker left college under an ethical cloud for having tried to fix the election for student body president.,FALSE
9560,Only 25 percent of what people buy is subject to Rhode Islands sales tax.,FALSE
9563,Says 74 percent of small-business people believe that Obamacare is a bad idea.,FALSE
9566,Says Florida Gov. Rick Scotts cuts to education are the same as his proposedcorporate income tax rate reduction.,FALSE
9568,We have more natural gas than Saudi Arabia has oil.,FALSE
9569,Says President Barack Obama could basically legalize all immigrants here illegally by the sign of a pen.,FALSE
9570,"After President Barack Obamas health care law takes full effect, 100 percent of Americans will depend on some form of federal payment, some form of government benefit to help provide for them.",FALSE
9573,"Under Barack Obamas watch, we have expended $805 billion to liberate the people of Iraq and, more importantly, 4,400 American lives.",FALSE
9574,Says she made a cold call and persuaded an Illinois company to relocate to Wisconsin.,FALSE
9575,The sequester has already lost 1.6 million jobs.,FALSE
9576,Sotomayor ruled against the white firefighter Ricci and other white firefighters just on the basis that she thought women and minorities should be given a preference because of their skin color and because of the history of discrimination in the past. The law was totally disregarded.,FALSE
9578,"Arkansas Democratic congressional candidate Chad Causey was a Washington, D.C. bureaucrat.",FALSE
9582,Everyone in this country has access to health care.,FALSE
9583,Social science is irrefutable that children are better off being raised by a mom and a dad.,FALSE
9586,Say George Washington said that when government takes away citizens right to bear arms it becomes citizens duty to take away governments right to govern.,FALSE
9588,Says Gov. Chris Christie has embarked on a tour to demand that New Jerseys Democratic legislature approve an immediate tax cut that would disproportionately benefit the wealthiest.,FALSE
9593,Says over 1 million signatures were submitted in attempt to recall Gov. Scott Walker.,FALSE
9598,TheAffordable Care Actalters the sensible doctor-patient-relationship-centered health care program ... we see today.,FALSE
9600,An average of nine children a day in the U.S. die of gunshot wounds.,FALSE
9608,"Washington politicians are paid over $200,000 an hour for speeches.",FALSE
9610,Klein did not hold a single town hall meeting (on health care) where the general public was invited to ask questions or present their views.,FALSE
9611,"Wisconsins economy has tanked under Gov. Scott Walker andso far in 2015 over 6,685 people have been laid off, already more than in all of 2014.",FALSE
9612,"In Virginias Medicaid program, approximately 30 percent, or $2.7 billion a year, is lost to waste, fraud and inefficiencies.",FALSE
9614,"Last year, I stopped an Obamacare bailout and saved taxpayers $2.5 billion.",FALSE
9615,"Holding up a BlackBerry, McCain campaign adviser says, ""youre looking at the miracle John McCain helped create.""",FALSE
9620,A lot of student loans are already refinanced by the federal government.,FALSE
9623,Did you know ObamaCare will cost nearly twice as much as initially expected -- $1.8 TRILLION?,FALSE
9624,Says $6 billion projected to accumulate in the states rainy day fund is already used.,FALSE
9625,Says Julie Parrish is one of Sarah Palins mama grizzlies.,FALSE
9627,Greenlight Pinellas wont take existing lanes from other vehicles.,FALSE
9628,"There are 30,000 people that have been killed with seat belts.",FALSE
9629,"Regarding sexual assault against women, Its actually safer not to be in college than it is to be in college.",FALSE
9630,"Perdue mismanaged Pillowtex, and nearly 8,000 people got laid off.",FALSE
9633,Austin ISD has the highest graduation rate of every major city in Texas.,FALSE
9634,"We now know these firms areunwilling to put up any private money, for Californias high-speed rail project.",FALSE
9635,The economy we preside over today is better than the one we inherited.,FALSE
9639,We must deal with the here and now and assure affordable fuel for America by increasing domestic production.,FALSE
9640,"For the past year, I was censored and muzzled.",FALSE
9644,"Middle-class families throughout America (would) have to pay $6,000 per year to pay for tax cuts for the wealthy.",FALSE
9645,Says Williamson County District Attorney John Bradley reduces 36 percent of felonies to misdemeanors and hands them off to her.,FALSE
9646,Says Rep.Mike Coffman istheone who said he would support Trump.,FALSE
9649,"The Texas leg of the Keystone pipeline has already created 4,800 jobs in just the year its been up and running.",FALSE
9650,A third of the budget for the city of Ferguson (Missouri) was being reaped by civil fines.,FALSE
9652,McCain opposed the border fence.,FALSE
9654,"I had previously said that NATO was obsolete because it failed to deal adequately with terrorism. Since my comments, they have changed their policy and now have a new division focused on terror threats.",FALSE
9659,Says union bosses bused protesters to aCentral Florida education protest.,FALSE
9660,"Says that at a campaign rally President Barack Obama spent so much time screaming at a protester, and frankly it was a disgrace.",FALSE
9661,On transparency in dealing with the Republican Party of Florida's financial issues.,FALSE
9665,"When Hillary Clinton ran the State Department, $6 billion was missing. How do you miss $6 billion? You ran the State Department, $6 billion was either stolen they dont know.",FALSE
9666,Prayer rugs have recently been found on the Texas side of the border in the brush.,FALSE
9671,On changing the rules for filibusters on presidential nominees,FALSE
9674,Gov. Romney cut off kosher meals for Jewish senior citizens who were on Medicaid to save $5 a day.,FALSE
9678,"A grant for $5,000 [from the Governors Workforce Board] went to teach an employee at a company that makes ornamental business card holders how to use Facebook and Twitter.",FALSE
9679,Says rabid animals from other states carry different strains of rabies that Florida vaccines and serums dont affect.,FALSE
9682,We spent $223-million on a bridge in Alaska to an island with 50 people on it.,FALSE
9683,Withheld union dues fund half of Dem (Democratic) campaigns in Florida.,FALSE
9687,The health care law is the largest tax [increase] in the history of our country,FALSE
9688,A study ranked Florida No. 1 in government corruption under Gov. Rick Scott.,FALSE
9691,Broward County was one of three counties in the nation pivotal to an Obama victory in 2012.,FALSE
9694,Nevada will be energy independent within the immediate future.,FALSE
9695,Says there were only about eight or 10 inflammatory sentences in his newsletters.,FALSE
9703,On the coal industry,FALSE
9705,"Secretly, unbeknownst to members of Congress, over $105 billion was hidden in the Obamacare legislation.",FALSE
9711,The debt comes up all the time in town meetings ... but its never asked in the debates. Its really weird. It hasnt been brought up.,FALSE
9712,"An annual income of $500,000 in Manhattan, believe it or not, is middle class.",FALSE
9715,"When I was speaker, we had four consecutive balanced budgets.",FALSE
9717,The Congressional Budget Office has found that (the stimulus) bill will lead to a real 0.1 to 0.3 percent reduction in gross domestic product by 2019.,FALSE
9718,Says David Rivera allowed House Republican leaders to strip key provisions from the STOCK Act that would crack down on insider trading by members of Congress.,FALSE
9719,Any Floridian who has ever requested an absentee ballot henceforth gets one automatically.,FALSE
9723,Democratic U.S. House candidate Julie Lassa pushed for a Canadian-style government takeover of health care.,FALSE
9725,Says Milwaukee County Executive Chris Abele once proposed a plan to end county funding to homeless shelters.,FALSE
9728,"Without the financial resources provided by hunters to protect habitat and stop poachers, there would be no infrastructure for wildlife management.",FALSE
9730,"Health care reform ""establishes a new board of federal bureaucrats (the 'Health Benefits Advisory Committee') to dictate the health plans that all individuals must purchase.""",FALSE
9733,"Obama did not open new lands to offshore drilling all of these areas were already open for drilling once Congress and President Bush lifted the moratorium in 2008. Instead, President Obama yesterday announced what areas he would CLOSE to offshore drilling.",FALSE
9739,Dan Branch once lobbied for the AFL-CIO.,FALSE
9741,SaysCongressman Jack Kingston voted to raise his pay seven times.,FALSE
9743,Common Core means there are over 300 data elements the government is going to be collecting about your children and about you.,FALSE
9744,"Obamas Justice-designate Sotomayor threw out (the New Haven firefighters) lawsuit in a sneaky, unsigned opinion -- the judicial equivalent of talk to the hand.",FALSE
9745,Says of flood of non-Mexicans being apprehended at the border: These are people that are coming from states like Syria that have substantial connections back to terrorist regimes and terrorist operations.,FALSE
9749,Says Barack Obama knew half of the population of the United States would lose their health insurance.,FALSE
9751,Says Mitt Romney and Bain Capital are to blame in a womans premature death when they closed the plant where her husband worked.,FALSE
9752,"Public sentiment in favor of collective bargaining and in favor of the unions has actually gone up as these governors, I think, have overreached and gone too far and tried to destroy the labor movement.",FALSE
9755,On resigning from the Texas Railroad Commission.,FALSE
9758,The 2013 immigration bill expanded President Obamas ability to bring Syrian refugees to this country without mandating any meaningful background checks.,FALSE
9760,"Regarding her State Department email practices, my predecessors did the same thing.",FALSE
9761,"We were promised (the stimulus) would provide 'green jobs' for Americans, but 80% of the $2 billion they spent on alternative energy went to purchase wind turbines built in China!",FALSE
9762,Says the reasoning behind Portlands high water and sewer rates is all kinds of pet projects unrelated to the core function of the water and sewer bureaus,FALSE
9765,Federal employees are making twice as much as their private counterparts.,FALSE
9766,Latinos now make up the majority population in Texas.,FALSE
9768,We are only inches away from ceasing to be a free market economy.,FALSE
9779,"Some 20,000 Delphi salaried retirees lost up to 70 percent of their pensions as a result of political favoritism and backroom deals.",FALSE
9781,"If theres a government shutdown, people dont get their Social Security checks.",FALSE
9786,Says President Barack Obama carried Congressional District 13 by 8.2 points in 2008 and 5.6 points in 2012.,FALSE
9787,"According to a federal report, Obamacare will increase the long-term federal deficit by $6.2 trillion.",FALSE
9788,"In Florida, 300,000 people are going to lose their individual coverage because of Obamacare. Now those people next year, they dont have health insurance.",FALSE
9790,Says House Republicans tried to change the definition of rape.,FALSE
9791,Republicans made it easier to buy a gun in states they won in 2010.,FALSE
9792,"We have a goal of 10 percent of [City of Providence] contracts going to women and minority businesses. In reality, less than 1 percent of contracts go to women and minority businesses.",FALSE
9793,"The $1.8 billion in [transportation] bonding, we dont have a repayment mechanism.",FALSE
9797,"We are not producing jobs. We created 80,000 jobs last month. We dont talk about the jobs that we lost. The net of it all is that we lost jobs.",FALSE
9798,Says he created more than 500 American jobs.,FALSE
9803,"Voter identification laws make it complicated and expensive to get an ID, essentially instituting a modern-day poll tax.",FALSE
9804,Says the Tennessee Wildlife Resources Agency brought coyotes into the state to try to keep the deer population down.,FALSE
9805,"Says that even if you have no children, under Obamacare, you would still have to carry insurance that covers pediatric, maternity and newborn care even though you do not need it.",FALSE
9809,"In fact, 85 percent of Oregonians voted in 2008.",FALSE
9812,Sen. Sherrod Brown has chosen to side with Washington bureaucrats and fringe extremists in the attacks on our natural resources.,FALSE
9814,Says There are now Occupy Wall Street camps in hundreds of cities across the United States.,FALSE
9816,"Sarah Palin ""got more votes running for mayor of Wasilla, Alaska, than Joe Biden got running for president of the United States.""",FALSE
9821,The Civil War wasnt about slavery.,FALSE
9823,Says he has exposed plans by Wisconsin Gov. Scott Walker to push legislation that would allow the state to declare financial martial law and take over municipal governments.,FALSE
9824,"No, I did not (have illegal immigrants working at his mansion).",FALSE
9826,"When the Fair Tax becomes law, it will be like waving a magic wand releasing us from pain and unfairness.",FALSE
9830,"Says U.S. Rep. Steve Daines, R-Mont., opposes a vote on his own legislation that he proposed just a few months ago.",FALSE
9833,"Recent census data shows that the average American family spends over $13,000 a year for health care coverage.",FALSE
9834,I supported the surge when you didn't.,FALSE
9835,"I spend a lot of time in Iowa, and believe it or not, in Ottumwa, Iowa, this is the heartland, the newspaper, the regular newspaper for Ottumwa, Iowa, is (a) bilingual newspaper.",FALSE
9836,"Since Scott Walker took office as governor in January 2011, there has been an increase of 33,200 jobs in Wisconsin.",FALSE
9840,"Phoenix, Ariz., is the No. 2 kidnapping capital of the world.",FALSE
9842,The Senate proposal to restore emergency unemployment benefits for five months was fully paid for.,FALSE
9845,"While Arkansas seniors depend on Social Security and Medicare, Sen. Mark Pryor supports an overhaul so they couldnt get Social Security until they turn 68 or 69.",FALSE
9849,"We dont know anything about Hillary in terms of religion. Now, shes been in the public eye for years and years, and yet theres no theres nothing out there.",FALSE
9851,"Says only seven percent of 2009s stimulus bill went toward transportation projects, yet they created over one-third of the bills total jobs.",FALSE
9852,Says Russ Feingold voted to give Social Security benefits to illegal immigrants,FALSE
9854,Over 81 percent of the babies that are born at LBJ Hospital right here in Houston are born of women who are not here legally.,FALSE
9855,"Under President Obama: $4,000 tax hike on middle-class families.",FALSE
9856,Betty Sutton gutted Medicare by $500 billion with her vote for the presidents health care bill.,FALSE
9857,A Trump television ad shows Mexicans swarming over our southern border.,FALSE
9861,President Barack Obama shut down NASA space flights and turned the agency into a Muslim outreach department.,FALSE
9862,"This rule could prevent children under 18 from using such tools as a power screwdriver, a milking machine or something as simple as a wheelbarrow on the family farm . . .",FALSE
9865,Says he was exonerated in every single case in 1990s ethics violations charges.,FALSE
9867,Millennials are more pro-life than baby boomers and older Americans.,FALSE
9872,"I had prostate cancer, five, six years ago. My chance of surviving prostate cancer, and thank God I was cured of it, in the United States, 82%. My chances of surviving prostate cancer in England, only 44% under socialized medicine.",FALSE
9873,"Your Congressman, Charlie Bass, took over $166,000 from Big Oil.",FALSE
9875,"If you have an investment for your child's education or own a mutual fund or a stock in a retirement plan, (Obama) is going to raise your taxes.",FALSE
9878,Personal income is growing faster in Tennessee on average than any other state in the country.,FALSE
9880,Obama wants to increase the size of government by 23 percent.,FALSE
9881,"Bill White ... supports the ObamaCare socialized medicine plan, as well as Cap and Trade legislation that would kill thousands of Texas jobs.",FALSE
9885,The Democrats propose a government-controlled health care plan that will deprive roughly 120 million Americans of their current health care coverage.,FALSE
9886,"Says Milwaukee Mayor Tom Barrett is responsible for the roughly $7,800 I pay in property taxes per year.",FALSE
9887,"As Houstons mayor, I helped our area lead the nation in job growth.",FALSE
9889,President Obama was raised Muslim.,FALSE
9891,Neighbors of the San Bernardino shooters knew that they were talking about trying to take our country and attack it.,FALSE
9892,Ron Johnson is willing to hand over the Great Lakes to the oil companies.,FALSE
9894,Says Ovide Lamontagne wants to eliminate kindergarten.,FALSE
9895,Heroin and prescription opioids are the number one cause of accidental or preventable death in Wisconsin.,FALSE
9897,"When you look at the nearly 150 men and women who have served us on the Texas Supreme Court, more than half of them had zero prior judicial experience.",FALSE
9899,The incidents of threats against (President Barack Obama) are greater than for any other president in modern times.,FALSE
9901,"It took Obama six months to pick out a family dog, but he's cramming health care reform down the country's throat in a fraction of that time.",FALSE
9905,"During my administration, for example, we boosted U.S. exports to Canada and Mexico by about 50 percent. That supports about 2.8 million American jobs.",FALSE
9907,"If you shut down Amtraks Northeast Corridor, its estimated youd have to add seven new lanes to I-95 to accommodate the increased traffic.",FALSE
9910,"Just on Jan. 1 of this year, there were 40,000 new laws put on the books in one day.",FALSE
9914,Says Hillary Clinton wantsillegal immigrants collectingSocial Security benefits.,FALSE
9915,﻿Says JoAnne Kloppenburgs side had a 3-to-1 money advantage in the Wisconsin Supreme Court campaign.,FALSE
9918,"Rep. Carol Shea-Porter votes with Nancy Pelosis Democrats 95 percent of the time, but Frank Guinta will take on both parties and has independent New Hampshire values.",FALSE
9921,"State budget cuts for local schools resulted in nearly 4,000 educator layoffs",FALSE
9922,Says a gun bill before the Senate is proposing the universal registration of all firearms and their owners.,FALSE
9928,"You are prohibited from walking into the Capitol with a gun, but you can go after the County Commission or the School Board.",FALSE
9929,"Of all the illegals in America, more than half come through Arizona.",FALSE
9931,This is a test of the fact-checking widget.,FALSE
9932,Says unsuccessful Texas abortion legislation was supported by a majority of Texans.,FALSE
9933,"Says Did you know that the #KeystoneXL project is expected to create 20,000 American jobs, including more than 800 in Oregon?",FALSE
9934,"In the 1990s, the Biden Crime Bill added 100,000 cops to America's streets. As a result, murder and violent crime rates went down eight years in a row.",FALSE
9935,Says that 93 percent of the time John Boccieri voted with Nancy Pelosi.,FALSE
9937,Says Paul Ryan shut off the C-SPAN cameras when the Democrats started their sit-in.,FALSE
9939,Only one president has ever cut Medicare for seniors in this country . . . Barack Obama.,FALSE
9941,Having a baby is aleading cause of poverty spells in the United States.,FALSE
9942,David Jolly has used money and power to try to drill off our beaches.,FALSE
9946,"Minnesotas advantage in economic growth has been having Republicans in charge of at least one part of government for all but two years, while Wisconsin Democrats for many years before 2011 controlled both legislative chambers and the governorship.",FALSE
9947,Says Tom Barrett supports a government takeover of our health care,FALSE
9948,Rhode Island voters are moving away from the Democratic party to non-affiliation,FALSE
9953,Says President Obama has doubled the deficit.,FALSE
9955,The federal government has not engaged in (border security) at all.,FALSE
9956,"Most of your serial killers, most of your people who commit domestic violence, they start off by abusing animals.",FALSE
9958,Barack Obama began his presidency with an apology tour.,FALSE
9959,Says President Barack Obama is absolutely a Muslim.,FALSE
9960,"Says Ted Strickland supported giving $150 billion to Iranian regime that persecutes women, Christians and gays.",FALSE
9961,"On the question on the DREAM Act, no -- no to granting lower tuition to illegals.",FALSE
9963,"Says getting ex-cons to successfully return to society is important so we are not always faced constantly with recidivism, which is a big problem in the penitentiary today in the 70 to 80 percent range.",FALSE
9964,On possibly raising the Social Security retirement age.,FALSE
9965,"The Republican-authored state budget includes a provision forcing people earning as little as $12,000 to buy private health insurance that could cost them as much as $4,000 per year.",FALSE
9968,Says State Comptroller Matthew Boxer pointed out that many towns are artificially lowering the real estate values that they report to Trenton in order to get hundreds of millions of dollars of additional school aid. This is the kind of fraud that needs to be addressed immediately.,FALSE
9971,On a bipartisan task force on ways to improve fiscal policy.,FALSE
9973,"Obama is the Senate's ""most liberal.""",FALSE
9977,"U.S. Olympic medal winners will owe up to $9,000 to the IRS.",FALSE
9980,There was a 57-percent decrease in fireworks-related injuries in 2000 [after Connecticut legalized sparklers] compared to the 14 years prior.,FALSE
9981,"Look, the earmarks have come down significantly, 75 percent.",FALSE
9983,Says 2010 was the worst year ever for Americas doctors reimbursed by Medicare.,FALSE
9986,I have not insulted Donald personally.,FALSE
9987,Regulations have quadrupled. The rate of regulations quadrupled under this president.,FALSE
9992,"In recent years, menhaden numbers along our coast have plummeted by 90 percent.",FALSE
9993,You don't even have to go outside Obama's campaign to find advisers who are anti-Israel.,FALSE
9995,Tim Kaine made Virginia the best state for business four years in a row.,FALSE
9996,"During his 18-year Senate career, (Russ Feingold) supported judges who voted to deny your individual Second Amendment right. (He) promises to protect those rights, but thats not what his record shows.",FALSE
9997,"Says Gov. Rick Perrys administration has proposed ending immunizations for 113,000 kids.",FALSE
9999,"[R]emember, the president proposed eliminating charitable deductions for higher-income taxpayers.",FALSE
10002,"Days after the (Osama bin Laden) raid, Hollywood was invited into the White House so that they could receive a briefing that revealed intelligence sources and methods.",FALSE
10009,He reformed welfare before others tried.,FALSE
10010,1.3-million people in America make their living off eBay.,FALSE
10013,"Under a proposal by Rep. Paul Ryan, people on Medicare will only have $15,000 from the federal government to spend on their health care.",FALSE
10017,"The people that went to school with (Barack Obama), they never saw him, they dont know who he is.",FALSE
10018,"John McCain will keep the estate tax at 0 percent, the same as it is now.",FALSE
10020,"In barely four years in office, five jihadists have reached their targets in the United States under Barack Obama, compared to zero in over seven years after 9/11 under George W. Bush.",FALSE
10022,Says he has nearly 200 delegates bound to support his candidacy at the Republican National Convention.,FALSE
10023,Says Rick Scott has teamed up with a felon convicted of running a Ponzi scheme to smear Charlie Crist.,FALSE
10027,Says that Tennessee Gov. Bill Haslam has made it clear by his repeated actions that he will pursue a policy that promotes the interest of Islamist (sic) and their radical ideology as long as he is governor.,FALSE
10033,Says Barack Obama was happily photographed holding a T-shirt with revolutionary Ernesto Che Guevaras face on it.,FALSE
10036,Our African-American communities are absolutely in the worst shape theyve ever been in before. Ever. Ever. Ever.,FALSE
10038,"Last year, ExxonMobil made $19 billion in profit. Guess what. They paid zero in taxes. They got a $156 million refund from the IRS.",FALSE
10039,Signs letter saying Consumer Product Safety Commission is acting without consultation or input from the company to stop the sale of Buckyballs.,FALSE
10041,"During the Bush administration, liberal groups were targeted by the IRS, similar to recent targeting.",FALSE
10045,On support for the Bridge to Nowhere.,FALSE
10050,Small businesses (are) going out of business in record numbers.,FALSE
10051,We're also cutting a Forest Service economic development program that strayed so far from any mission that it funded a music festival.,FALSE
10055,U.S. Reps. John Barrow and Sanford Bishop and their fellow Democrats went on a spending spree and now their credit card is maxed out.,FALSE
10057,Gasoline would rise in price by approximately 50 cents a gallon if the McCain-Lieberman bill became law.,FALSE
10059,The health care law includes a 3.8% sales tax on all real estate transactions.,FALSE
10061,The board of a nonprofit organization on which Obama served as a paid director ... granted funding to a controversial Arab group.,FALSE
10066,"Amendments (Hillary Clinton) supported and voted for in 2006, she no longer supported in 2008, showing she changed positions on an India nuclear deal.",FALSE
10068,The Democrats have already voted to ban our conventional light bulbs ... in favor of dangerous fluorescent light bulbs.,FALSE
10069,"Says Barack Obama admits hes coming for our guns, telling Sarah Brady, We are working on (gun control), but under the radar.",FALSE
10070,"Of $60 billion Congress approved in response to Hurricane Sandy, only 10 percent was for disaster relief.",FALSE
10073,On public financing of his campaign.,FALSE
10075,Wisconsin Gov. Scott Walkers estimate of a $3.6 billion state budget deficit is manufactured and a bogus figure.,FALSE
10076,"Rob Teilhet, Just another career politician.",FALSE
10080,"Among Syrian refugees, there arent that many women, there arent that many children.",FALSE
10083,Says Will Rasmussen supported a sales tax as recently as last spring.,FALSE
10085,One-third of the health care dollar goes to no such thing as health care; it goes to the insurance companies.,FALSE
10086,"The Texas Capitol faces South toward Goliad, in memory of the most horrific battle of the Texas Revolution.",FALSE
10087,Says Mike Coffman said two different things: stop the deportationsin a Spanish-language debate and youre going to be deportedin an English-language TV interview.,FALSE
10090,"Seniors and the disabled will have to stand in front of Obamas death panel so his bureaucrats can decide, based on a subjective judgment of their level of productivity in society, whether they are worthy of health care.",FALSE
10095,On returning Republican campaign contributions.,FALSE
10099,Says Wisconsins 2011-13 state budget contains no fee increases,FALSE
10100,Existing law right now requires 700 miles of double-layered border fencing on the Mexico border.,FALSE
10104,Whats clear is (Romney) likes firing people.,FALSE
10106,"Democrat Stephen Webber voted to allow sex offenders to be within 500 feet of childcare centers and playgrounds, and even voted to allow sex offenders to be coaches.",FALSE
10107,"According to the nonpartisan Congressional Budget Office, the IRS would need to hire over 16,000 people ... to audit the American people and impose the new taxes and mandates of the health care bill.",FALSE
10110,"Mitt Romney, Rick Perry, and Newt Gingrich all say they would cut foreign aid to Israel and every other country to zero.",FALSE
10111,"Says bus riders subsidize the expensive, romanticized Leander-to-Austin train.",FALSE
10116,"Keystone XL allows Canada to pump their oil, send it through our land, down to the Gulf, where it will be sold everywhere else.",FALSE
10117,Drilling for oil on the Outer Continental Shelf and in parts of Alaska will immediately reduce our dangerous dependence on foreign oil.,FALSE
10122,We know this now. The banks no longer loan (Donald Trump) money because hes a terrible risk. So he goes to these (Russian) oligarchs and borrows money.,FALSE
10123,Let me say that I dont think (Bernie Sanders has) had a single negative ad ever run against him.,FALSE
10124,FBI confirms evidence of huge underground Clinton sex network.,FALSE
10126,On his definition of takers and makers,FALSE
10135,Says Terry McAuliffe opposes Virginias right-to-work law.,FALSE
10138,Says his barehanded catch posted on YouTube is real.,FALSE
10139,Phoenix is already one of the kidnapping capitals of the world.,FALSE
10140,The Health Care and Education Reconciliation Act is the largest-ever investment in higher education.,FALSE
10142,The majority last quarter of Sherrod Browns campaign contributions came from outside of the state of Ohio.,FALSE
10145,"On (the federal minimum wage of) $7.75, you cant even make half the poverty level.",FALSE
10147,The Clinton camp was the first to get it out there and try to say there was something untoward about the speech that Melania Trump gave.,FALSE
10150,Says that politicians who approved collective bargaining restrictions for public employees exploited a loophole exempting themselves from Senate Bill 5.,FALSE
10152,Wisconsin is the only state that allows parents or guardians to purchase alcohol for their children regardless of whether that child is seven or 20 years old at bars and restaurants.,FALSE
10154,"More than 3,000 homicides were committed by illegal aliens over the past six years.",FALSE
10156,"Two weeks after signing a taxpayer protection pledge, (Charlie Crist) breaks it.",FALSE
10158,"On how he measures his promise to create 700,000 private-sector jobs in seven years.",FALSE
10160,"Over the time that President Obama has been in office, we have lost 2.5 million free enterprise system jobs, and, yet, 500,000 federal government jobs have been added.",FALSE
10161,Brock Turners early release will be a regular occurrence if Prop. 57 passes.,FALSE
10163,"As a state representative, David Cicilline argued against Megans Law and voted against mandatory registration of sex offenders.",FALSE
10168,The New START treaty was passed despite significant concerns among some people in the State and Defense Departments.,FALSE
10169,"U.S. Department of Homeland Security has told banks -- in writing -- it may inspect safe deposit boxes without warrant and seize any gold, silver, guns or other valuables it finds inside those boxes!",FALSE
10171,Austin mayoral candidate Steve Adler has never been active in anything that has to do with City Hall.,FALSE
10174,"The wife of the Ferguson, Mo., police chief said African-Americans in Ferguson are feral and violent.",FALSE
10175,"In Milwaukee County, juveniles arrested for car theft get sent immediately home, because under the point system in juvenile court on holding suspects, a stolen car gets zero points.",FALSE
10176,Obama was enrolled in a Wahabi school in Jakarta. Wahabism is the RADICAL teaching that is followed by the Muslim terrorists who are now waging Jihad against the western world.,FALSE
10178,Were the only system of federalism in the world.,FALSE
10180,"Hillary's main extracurricular activity in law school was helping the Black Panthers, on trial in Connecticut for torturing and killing a federal agent.",FALSE
10183,"Over the past few months, we've learned that ""we just can't count on the media to debunk"" lies about health insurance reform.",FALSE
10185,Says students who receive free or reduced lunch are performing just as well as students who do not.,FALSE
10186,I never once asked that (Megyn Kelly) be removed as a debate moderator.,FALSE
10188,"In Wisconsin, more than 300,000 people have some kind of addictive gambling problem, whether its pathological or what wed categorize as a problem gambler.",FALSE
10190,"You dont have to be as smart as a fifth-grader to know what causes the climate is the sun. The sun. I have people tell me, Carbon dioxide warms the Earth. No, it doesnt. The sun warms the Earth.",FALSE
10192,We actually made history in 2010. We came the closest in 24 years to defeating Frank Pallone.,FALSE
10193,Says a new report shows the devastating tax hikes (in the health care law) will have on middle-class Kentuckians.,FALSE
10199,"Under Barack Obama, the average cost of family health care premiums has increased by $4,154.",FALSE
10204,"All non-US citizens, illegal or not, will be provided with free health care services.",FALSE
10206,Kids coming from an affluent background are taking advantage of all these student loan programs and grants while many middle-class families with no connection to college are picking up the tab.,FALSE
10210,"John McCain worries about nuclear waste in Arizona, but not in Nevada.",FALSE
10211,"Rather than prioritize and pass ethics reform measures to restore trust in state government, (Democrats) sat on their hands and did nothing when they were the majority.",FALSE
10212,"Vice President Joe Biden's meeting ""with the transparency and accountability board . . . was closed to the public.""",FALSE
10213,Says she wiped out the state Agriculture Departments inspections of eggs at retail sites like grocery stores.,FALSE
10214,Says Ted Cruz just flip-flopped about the president needing to be U.S.-born.,FALSE
10218,"With Obamacare, were fixing to get hit with the biggest entitlement program the American taxpayers have ever seen.",FALSE
10219,"Says his GOP challenger, Doug MacGinnitie, ""hadnt voted in a Republican primary for almost 20 years until 2008.",FALSE
10221,"John McCain refuses to support a new bipartisan energy bill ""because it would take away tax breaks from oil companies like Exxon Mobil.""",FALSE
10226,A judge took the Star Scientific tax case away from Ken Cuccinelli,FALSE
10227,"Wisconsin sold fresh water to California, helping that states dairy industry, and lost a bunch of jobs (and) a bunch of farmland.",FALSE
10231,Says he faced a record budget deficit in Virginia in 2014.,FALSE
10232,"Says Bernie Sanders wins California landslide, But ⅔ of his votes arent counted.",FALSE
10235,"Gov. Scott Walker (is) more than halfway to (his) 250,000 jobs goal.",FALSE
10236,"Obamacare means that for up to 20 million Americans, they will lose the insurance they currently have, the insurance that they like and they want to keep.",FALSE
10242,Theres a tremendous other number of public officials who have done the same thing as Hillary Clinton with a private email server.,FALSE
10243,"Under last years health care reform, a bunch of bureaucrats decide whether you get care, such as continuing on dialysis or cancer chemotherapy.",FALSE
10244,"The Obama administration spent $205,075 in stimulus funds to relocate a shrub that sells for $16.",FALSE
10245,There has been no net global warming for over a decade now.,FALSE
10247,This race will be the Democrats top target this November.,FALSE
10250,"As a result of Obamacare, California seniors face benefit cuts of over $1,700.",FALSE
10253,"In 2012, the state put together a list of over 100,000 people that they thought were ineligible to vote. Came out there were less than 10.",FALSE
10256,"Recently though, the media has reported on thousands of illegal voters here in the commonwealth.",FALSE
10257,"Stopped by Smiley Cookie to pick up some great cookies for the family, along with Rudy.",FALSE
10259,The Supreme Courts views are radically out of step with public opinion regarding its decision to legalize same-sex marriage nationwide.,FALSE
10262,Mayor Fung wants to punish our childrens education by removing 12 million dollars from current funding to pay for his private charter school. Your taxes would increase by between 6 and 8 percent per year.,FALSE
10267,On lifting the U.S. Cuban embargo and allowing travel to Cuba.,FALSE
10268,"The Department of Veterans Affairs has a manual out there telling our veterans stuff like, 'Are you really of value to your community?' You know, encouraging them to commit suicide.",FALSE